nohup: 忽略输入
Building prefix dict from the default dictionary ...
Loading model from cache /tmp/jieba.cache
Loading model cost 0.609 seconds.
Prefix dict has been built successfully.
[0;32m[INFO][0m Global seed set to 42
生成下联: 饥饥饥痂痂痂痂痂痂痂痂痂痂痂痂痂痂痂痂痂痂痂痂痂痂痂痂痂痂痂痂痂
2024-07-06 23:17:27 - Start Training

2024-07-06 23:17:27 - Start  Epoch: 1/20

  1/567 [..............................] - ETA: 0:00<1:01 - loss: 192.0537 
  2/567 [..............................] - ETA: 0:00<0:51 - loss: 177.0588 
  3/567 [..............................] - ETA: 0:00<0:48 - loss: 163.6421 
  4/567 [..............................] - ETA: 0:00<0:46 - loss: 153.0247 
  5/567 [..............................] - ETA: 0:00<0:45 - loss: 144.4913 
  6/567 [..............................] - ETA: 0:00<0:44 - loss: 137.1315 
  7/567 [..............................] - ETA: 0:00<0:44 - loss: 130.8365 
  8/567 [..............................] - ETA: 0:00<0:44 - loss: 124.9687 
  9/567 [..............................] - ETA: 0:00<0:43 - loss: 119.7091 
 10/567 [..............................] - ETA: 0:00<0:43 - loss: 115.1111 
 11/567 [..............................] - ETA: 0:00<0:43 - loss: 110.8912 
 12/567 [..............................] - ETA: 0:00<0:43 - loss: 107.0288 
 13/567 [..............................] - ETA: 0:01<0:43 - loss: 103.6023 
 14/567 [..............................] - ETA: 0:01<0:42 - loss: 100.3425 
 15/567 [..............................] - ETA: 0:01<0:42 - loss: 97.3767  
 16/567 [..............................] - ETA: 0:01<0:42 - loss: 94.6001 
 17/567 [..............................] - ETA: 0:01<0:42 - loss: 92.0205 
 18/567 [..............................] - ETA: 0:01<0:42 - loss: 89.5786 
 19/567 [>.............................] - ETA: 0:01<0:42 - loss: 87.3188 
 20/567 [>.............................] - ETA: 0:01<0:42 - loss: 85.2006 
 21/567 [>.............................] - ETA: 0:01<0:42 - loss: 83.2437 
 22/567 [>.............................] - ETA: 0:01<0:42 - loss: 81.3739 
 23/567 [>.............................] - ETA: 0:01<0:42 - loss: 79.6264 
 24/567 [>.............................] - ETA: 0:01<0:42 - loss: 77.9869 
 25/567 [>.............................] - ETA: 0:01<0:42 - loss: 76.4016 
 26/567 [>.............................] - ETA: 0:02<0:42 - loss: 74.9313 
 27/567 [>.............................] - ETA: 0:02<0:41 - loss: 73.5271 
 28/567 [>.............................] - ETA: 0:02<0:41 - loss: 72.1821 
 29/567 [>.............................] - ETA: 0:02<0:41 - loss: 70.9358 
 30/567 [>.............................] - ETA: 0:02<0:41 - loss: 69.7263 
 31/567 [>.............................] - ETA: 0:02<0:41 - loss: 68.5923 
 32/567 [>.............................] - ETA: 0:02<0:41 - loss: 67.4978 
 33/567 [>.............................] - ETA: 0:02<0:41 - loss: 66.4506 
 34/567 [>.............................] - ETA: 0:02<0:41 - loss: 65.4194 
 35/567 [>.............................] - ETA: 0:02<0:41 - loss: 64.4625 
 36/567 [>.............................] - ETA: 0:02<0:40 - loss: 63.5266 
 37/567 [>.............................] - ETA: 0:02<0:40 - loss: 62.6338 
 38/567 [=>............................] - ETA: 0:02<0:40 - loss: 61.7772 
 39/567 [=>............................] - ETA: 0:02<0:40 - loss: 60.9609 
 40/567 [=>............................] - ETA: 0:03<0:40 - loss: 60.1606 
 41/567 [=>............................] - ETA: 0:03<0:40 - loss: 59.3978 
 42/567 [=>............................] - ETA: 0:03<0:40 - loss: 58.6478 
 43/567 [=>............................] - ETA: 0:03<0:40 - loss: 57.9200 
 44/567 [=>............................] - ETA: 0:03<0:40 - loss: 57.2137 
 45/567 [=>............................] - ETA: 0:03<0:40 - loss: 56.5386 
 46/567 [=>............................] - ETA: 0:03<0:40 - loss: 55.8594 
 47/567 [=>............................] - ETA: 0:03<0:39 - loss: 55.2212 
 48/567 [=>............................] - ETA: 0:03<0:39 - loss: 54.5919 
 49/567 [=>............................] - ETA: 0:03<0:39 - loss: 53.9949 
 50/567 [=>............................] - ETA: 0:03<0:39 - loss: 53.4032 
 51/567 [=>............................] - ETA: 0:03<0:39 - loss: 52.8261 
 52/567 [=>............................] - ETA: 0:03<0:39 - loss: 52.2586 
 53/567 [=>............................] - ETA: 0:04<0:39 - loss: 51.7126 
 54/567 [=>............................] - ETA: 0:04<0:39 - loss: 51.1815 
 55/567 [=>............................] - ETA: 0:04<0:39 - loss: 50.6561 
 56/567 [=>............................] - ETA: 0:04<0:39 - loss: 50.1466 
 57/567 [==>...........................] - ETA: 0:04<0:38 - loss: 49.6435 
 58/567 [==>...........................] - ETA: 0:04<0:38 - loss: 49.1716 
 59/567 [==>...........................] - ETA: 0:04<0:38 - loss: 48.7185 
 60/567 [==>...........................] - ETA: 0:04<0:38 - loss: 48.2492 
 61/567 [==>...........................] - ETA: 0:04<0:38 - loss: 47.8061 
 62/567 [==>...........................] - ETA: 0:04<0:38 - loss: 47.3746 
 63/567 [==>...........................] - ETA: 0:04<0:38 - loss: 46.9546 
 64/567 [==>...........................] - ETA: 0:04<0:38 - loss: 46.5466 
 65/567 [==>...........................] - ETA: 0:04<0:38 - loss: 46.1430 
 66/567 [==>...........................] - ETA: 0:05<0:38 - loss: 45.7394 
 67/567 [==>...........................] - ETA: 0:05<0:38 - loss: 45.3475 
 68/567 [==>...........................] - ETA: 0:05<0:37 - loss: 44.9679 
 69/567 [==>...........................] - ETA: 0:05<0:37 - loss: 44.5863 
 70/567 [==>...........................] - ETA: 0:05<0:37 - loss: 44.2157 
 71/567 [==>...........................] - ETA: 0:05<0:37 - loss: 43.8546 
 72/567 [==>...........................] - ETA: 0:05<0:37 - loss: 43.5098 
 73/567 [==>...........................] - ETA: 0:05<0:37 - loss: 43.1630 
 74/567 [==>...........................] - ETA: 0:05<0:37 - loss: 42.8222 
 75/567 [==>...........................] - ETA: 0:05<0:37 - loss: 42.4931 
 76/567 [===>..........................] - ETA: 0:05<0:37 - loss: 42.1681 
 77/567 [===>..........................] - ETA: 0:05<0:37 - loss: 41.8511 
 78/567 [===>..........................] - ETA: 0:05<0:37 - loss: 41.5311 
 79/567 [===>..........................] - ETA: 0:05<0:36 - loss: 41.2176 
 80/567 [===>..........................] - ETA: 0:06<0:36 - loss: 40.9157 
 81/567 [===>..........................] - ETA: 0:06<0:36 - loss: 40.6143 
 82/567 [===>..........................] - ETA: 0:06<0:36 - loss: 40.3216 
 83/567 [===>..........................] - ETA: 0:06<0:36 - loss: 40.0428 
 84/567 [===>..........................] - ETA: 0:06<0:36 - loss: 39.7624 
 85/567 [===>..........................] - ETA: 0:06<0:36 - loss: 39.4897 
 86/567 [===>..........................] - ETA: 0:06<0:36 - loss: 39.2143 
 87/567 [===>..........................] - ETA: 0:06<0:36 - loss: 38.9496 
 88/567 [===>..........................] - ETA: 0:06<0:36 - loss: 38.6867 
 89/567 [===>..........................] - ETA: 0:06<0:36 - loss: 38.4315 
 90/567 [===>..........................] - ETA: 0:06<0:36 - loss: 38.1804 
 91/567 [===>..........................] - ETA: 0:06<0:35 - loss: 37.9403 
 92/567 [===>..........................] - ETA: 0:06<0:35 - loss: 37.6998 
 93/567 [===>..........................] - ETA: 0:07<0:35 - loss: 37.4597 
 94/567 [===>..........................] - ETA: 0:07<0:35 - loss: 37.2365 
 95/567 [====>.........................] - ETA: 0:07<0:35 - loss: 37.0100 
 96/567 [====>.........................] - ETA: 0:07<0:35 - loss: 36.7803 
 97/567 [====>.........................] - ETA: 0:07<0:35 - loss: 36.5632 
 98/567 [====>.........................] - ETA: 0:07<0:35 - loss: 36.3456 
 99/567 [====>.........................] - ETA: 0:07<0:35 - loss: 36.1327 
100/567 [====>.........................] - ETA: 0:07<0:35 - loss: 35.9177 
101/567 [====>.........................] - ETA: 0:07<0:35 - loss: 34.1453 
102/567 [====>.........................] - ETA: 0:07<0:35 - loss: 32.6744 
103/567 [====>.........................] - ETA: 0:07<0:34 - loss: 31.4565 
104/567 [====>.........................] - ETA: 0:07<0:34 - loss: 30.3919 
105/567 [====>.........................] - ETA: 0:07<0:34 - loss: 29.4330 
106/567 [====>.........................] - ETA: 0:07<0:34 - loss: 28.5747 
107/567 [====>.........................] - ETA: 0:08<0:34 - loss: 27.7888 
108/567 [====>.........................] - ETA: 0:08<0:34 - loss: 27.0922 
109/567 [====>.........................] - ETA: 0:08<0:34 - loss: 26.4621 
110/567 [====>.........................] - ETA: 0:08<0:34 - loss: 25.8659 
111/567 [====>.........................] - ETA: 0:08<0:34 - loss: 25.3222 
112/567 [====>.........................] - ETA: 0:08<0:34 - loss: 24.8232 
113/567 [====>.........................] - ETA: 0:08<0:34 - loss: 24.3438 
114/567 [=====>........................] - ETA: 0:08<0:34 - loss: 23.9081 
115/567 [=====>........................] - ETA: 0:08<0:34 - loss: 23.4883 
116/567 [=====>........................] - ETA: 0:08<0:33 - loss: 23.0979 
117/567 [=====>........................] - ETA: 0:08<0:33 - loss: 22.7323 
118/567 [=====>........................] - ETA: 0:08<0:33 - loss: 22.3905 
119/567 [=====>........................] - ETA: 0:08<0:33 - loss: 22.0616 
120/567 [=====>........................] - ETA: 0:09<0:33 - loss: 21.7480 
121/567 [=====>........................] - ETA: 0:09<0:33 - loss: 21.4508 
122/567 [=====>........................] - ETA: 0:09<0:33 - loss: 21.1674 
123/567 [=====>........................] - ETA: 0:09<0:33 - loss: 20.8922 
124/567 [=====>........................] - ETA: 0:09<0:33 - loss: 20.6263 
125/567 [=====>........................] - ETA: 0:09<0:33 - loss: 20.3763 
126/567 [=====>........................] - ETA: 0:09<0:33 - loss: 20.1353 
127/567 [=====>........................] - ETA: 0:09<0:33 - loss: 19.9027 
128/567 [=====>........................] - ETA: 0:09<0:33 - loss: 19.6796 
129/567 [=====>........................] - ETA: 0:09<0:32 - loss: 19.4535 
130/567 [=====>........................] - ETA: 0:09<0:32 - loss: 19.2390 
131/567 [=====>........................] - ETA: 0:09<0:32 - loss: 19.0225 
132/567 [=====>........................] - ETA: 0:09<0:32 - loss: 18.8196 
133/567 [======>.......................] - ETA: 0:10<0:32 - loss: 18.6193 
134/567 [======>.......................] - ETA: 0:10<0:32 - loss: 18.4376 
135/567 [======>.......................] - ETA: 0:10<0:32 - loss: 18.2491 
136/567 [======>.......................] - ETA: 0:10<0:32 - loss: 18.0714 
137/567 [======>.......................] - ETA: 0:10<0:32 - loss: 17.8958 
138/567 [======>.......................] - ETA: 0:10<0:32 - loss: 17.7310 
139/567 [======>.......................] - ETA: 0:10<0:32 - loss: 17.5659 
140/567 [======>.......................] - ETA: 0:10<0:32 - loss: 17.4126 
141/567 [======>.......................] - ETA: 0:10<0:32 - loss: 17.2539 
142/567 [======>.......................] - ETA: 0:10<0:31 - loss: 17.1051 
143/567 [======>.......................] - ETA: 0:10<0:31 - loss: 16.9589 
144/567 [======>.......................] - ETA: 0:10<0:31 - loss: 16.8197 
145/567 [======>.......................] - ETA: 0:10<0:31 - loss: 16.6777 
146/567 [======>.......................] - ETA: 0:10<0:31 - loss: 16.5499 
147/567 [======>.......................] - ETA: 0:11<0:31 - loss: 16.4236 
148/567 [======>.......................] - ETA: 0:11<0:31 - loss: 16.2983 
149/567 [======>.......................] - ETA: 0:11<0:31 - loss: 16.1725 
150/567 [======>.......................] - ETA: 0:11<0:31 - loss: 16.0551 
151/567 [======>.......................] - ETA: 0:11<0:31 - loss: 15.9380 
152/567 [=======>......................] - ETA: 0:11<0:31 - loss: 15.8290 
153/567 [=======>......................] - ETA: 0:11<0:31 - loss: 15.7272 
154/567 [=======>......................] - ETA: 0:11<0:31 - loss: 15.6260 
155/567 [=======>......................] - ETA: 0:11<0:30 - loss: 15.5312 
156/567 [=======>......................] - ETA: 0:11<0:30 - loss: 15.4336 
157/567 [=======>......................] - ETA: 0:11<0:30 - loss: 15.3489 
158/567 [=======>......................] - ETA: 0:11<0:30 - loss: 15.2507 
159/567 [=======>......................] - ETA: 0:11<0:30 - loss: 15.1461 
160/567 [=======>......................] - ETA: 0:12<0:30 - loss: 15.0661 
161/567 [=======>......................] - ETA: 0:12<0:30 - loss: 14.9787 
162/567 [=======>......................] - ETA: 0:12<0:30 - loss: 14.8929 
163/567 [=======>......................] - ETA: 0:12<0:30 - loss: 14.8065 
164/567 [=======>......................] - ETA: 0:12<0:30 - loss: 14.7210 
165/567 [=======>......................] - ETA: 0:12<0:30 - loss: 14.6404 
166/567 [=======>......................] - ETA: 0:12<0:30 - loss: 14.5653 
167/567 [=======>......................] - ETA: 0:12<0:30 - loss: 14.4885 
168/567 [=======>......................] - ETA: 0:12<0:30 - loss: 14.4135 
169/567 [=======>......................] - ETA: 0:12<0:29 - loss: 14.3557 
170/567 [=======>......................] - ETA: 0:12<0:29 - loss: 14.2926 
171/567 [========>.....................] - ETA: 0:12<0:29 - loss: 14.2256 
172/567 [========>.....................] - ETA: 0:12<0:29 - loss: 14.1605 
173/567 [========>.....................] - ETA: 0:13<0:29 - loss: 14.0961 
174/567 [========>.....................] - ETA: 0:13<0:29 - loss: 14.0410 
175/567 [========>.....................] - ETA: 0:13<0:29 - loss: 13.9789 
176/567 [========>.....................] - ETA: 0:13<0:29 - loss: 13.9160 
177/567 [========>.....................] - ETA: 0:13<0:29 - loss: 13.8620 
178/567 [========>.....................] - ETA: 0:13<0:29 - loss: 13.8163 
179/567 [========>.....................] - ETA: 0:13<0:29 - loss: 13.7690 
180/567 [========>.....................] - ETA: 0:13<0:29 - loss: 13.7186 
181/567 [========>.....................] - ETA: 0:13<0:29 - loss: 13.6715 
182/567 [========>.....................] - ETA: 0:13<0:28 - loss: 13.6267 
183/567 [========>.....................] - ETA: 0:13<0:28 - loss: 13.5724 
184/567 [========>.....................] - ETA: 0:13<0:28 - loss: 13.5227 
185/567 [========>.....................] - ETA: 0:13<0:28 - loss: 13.4775 
186/567 [========>.....................] - ETA: 0:13<0:28 - loss: 13.4383 
187/567 [========>.....................] - ETA: 0:14<0:28 - loss: 13.3964 
188/567 [========>.....................] - ETA: 0:14<0:28 - loss: 13.3488 
189/567 [=========>....................] - ETA: 0:14<0:28 - loss: 13.3085 
190/567 [=========>....................] - ETA: 0:14<0:28 - loss: 13.2674 
191/567 [=========>....................] - ETA: 0:14<0:28 - loss: 13.2224 
192/567 [=========>....................] - ETA: 0:14<0:28 - loss: 13.1753 
193/567 [=========>....................] - ETA: 0:14<0:28 - loss: 13.1378 
194/567 [=========>....................] - ETA: 0:14<0:28 - loss: 13.0891 
195/567 [=========>....................] - ETA: 0:14<0:27 - loss: 13.0478 
196/567 [=========>....................] - ETA: 0:14<0:27 - loss: 13.0116 
197/567 [=========>....................] - ETA: 0:14<0:27 - loss: 12.9649 
198/567 [=========>....................] - ETA: 0:14<0:27 - loss: 12.9218 
199/567 [=========>....................] - ETA: 0:14<0:27 - loss: 12.8846 
200/567 [=========>....................] - ETA: 0:15<0:27 - loss: 12.8570 
201/567 [=========>....................] - ETA: 0:15<0:27 - loss: 12.8229 
202/567 [=========>....................] - ETA: 0:15<0:27 - loss: 12.7883 
203/567 [=========>....................] - ETA: 0:15<0:27 - loss: 12.7579 
204/567 [=========>....................] - ETA: 0:15<0:27 - loss: 12.7253 
205/567 [=========>....................] - ETA: 0:15<0:27 - loss: 12.6920 
206/567 [=========>....................] - ETA: 0:15<0:27 - loss: 12.6603 
207/567 [=========>....................] - ETA: 0:15<0:27 - loss: 12.6269 
208/567 [==========>...................] - ETA: 0:15<0:26 - loss: 12.5971 
209/567 [==========>...................] - ETA: 0:15<0:26 - loss: 12.5640 
210/567 [==========>...................] - ETA: 0:15<0:26 - loss: 12.5324 
211/567 [==========>...................] - ETA: 0:15<0:26 - loss: 12.5040 
212/567 [==========>...................] - ETA: 0:15<0:26 - loss: 12.4733 
213/567 [==========>...................] - ETA: 0:16<0:26 - loss: 12.4415 
214/567 [==========>...................] - ETA: 0:16<0:26 - loss: 12.4122 
215/567 [==========>...................] - ETA: 0:16<0:26 - loss: 12.3827 
216/567 [==========>...................] - ETA: 0:16<0:26 - loss: 12.3572 
217/567 [==========>...................] - ETA: 0:16<0:26 - loss: 12.3266 
218/567 [==========>...................] - ETA: 0:16<0:26 - loss: 12.3066 
219/567 [==========>...................] - ETA: 0:16<0:26 - loss: 12.2819 
220/567 [==========>...................] - ETA: 0:16<0:26 - loss: 12.2596 
221/567 [==========>...................] - ETA: 0:16<0:26 - loss: 12.2284 
222/567 [==========>...................] - ETA: 0:16<0:25 - loss: 12.2024 
223/567 [==========>...................] - ETA: 0:16<0:25 - loss: 12.1798 
224/567 [==========>...................] - ETA: 0:16<0:25 - loss: 12.1523 
225/567 [==========>...................] - ETA: 0:16<0:25 - loss: 12.1294 
226/567 [==========>...................] - ETA: 0:16<0:25 - loss: 12.0975 
227/567 [===========>..................] - ETA: 0:17<0:25 - loss: 12.0690 
228/567 [===========>..................] - ETA: 0:17<0:25 - loss: 12.0448 
229/567 [===========>..................] - ETA: 0:17<0:25 - loss: 12.0233 
230/567 [===========>..................] - ETA: 0:17<0:25 - loss: 12.0039 
231/567 [===========>..................] - ETA: 0:17<0:25 - loss: 11.9796 
232/567 [===========>..................] - ETA: 0:17<0:25 - loss: 11.9607 
233/567 [===========>..................] - ETA: 0:17<0:25 - loss: 11.9374 
234/567 [===========>..................] - ETA: 0:17<0:25 - loss: 11.9176 
235/567 [===========>..................] - ETA: 0:17<0:24 - loss: 11.9001 
236/567 [===========>..................] - ETA: 0:17<0:24 - loss: 11.8803 
237/567 [===========>..................] - ETA: 0:17<0:24 - loss: 11.8652 
238/567 [===========>..................] - ETA: 0:17<0:24 - loss: 11.8390 
239/567 [===========>..................] - ETA: 0:17<0:24 - loss: 11.8149 
240/567 [===========>..................] - ETA: 0:18<0:24 - loss: 11.7879 
241/567 [===========>..................] - ETA: 0:18<0:24 - loss: 11.7658 
242/567 [===========>..................] - ETA: 0:18<0:24 - loss: 11.7423 
243/567 [===========>..................] - ETA: 0:18<0:24 - loss: 11.7302 
244/567 [===========>..................] - ETA: 0:18<0:24 - loss: 11.7049 
245/567 [===========>..................] - ETA: 0:18<0:24 - loss: 11.6878 
246/567 [============>.................] - ETA: 0:18<0:24 - loss: 11.6710 
247/567 [============>.................] - ETA: 0:18<0:24 - loss: 11.6469 
248/567 [============>.................] - ETA: 0:18<0:23 - loss: 11.6261 
249/567 [============>.................] - ETA: 0:18<0:23 - loss: 11.6082 
250/567 [============>.................] - ETA: 0:18<0:23 - loss: 11.5809 
251/567 [============>.................] - ETA: 0:18<0:23 - loss: 11.5669 
252/567 [============>.................] - ETA: 0:18<0:23 - loss: 11.5508 
253/567 [============>.................] - ETA: 0:19<0:23 - loss: 11.5321 
254/567 [============>.................] - ETA: 0:19<0:23 - loss: 11.5117 
255/567 [============>.................] - ETA: 0:19<0:23 - loss: 11.4922 
256/567 [============>.................] - ETA: 0:19<0:23 - loss: 11.4798 
257/567 [============>.................] - ETA: 0:19<0:23 - loss: 11.4567 
258/567 [============>.................] - ETA: 0:19<0:23 - loss: 11.4463 
259/567 [============>.................] - ETA: 0:19<0:23 - loss: 11.4327 
260/567 [============>.................] - ETA: 0:19<0:23 - loss: 11.4127 
261/567 [============>.................] - ETA: 0:19<0:23 - loss: 11.4003 
262/567 [============>.................] - ETA: 0:19<0:22 - loss: 11.3863 
263/567 [============>.................] - ETA: 0:19<0:22 - loss: 11.3715 
264/567 [============>.................] - ETA: 0:19<0:22 - loss: 11.3573 
265/567 [=============>................] - ETA: 0:19<0:22 - loss: 11.3477 
266/567 [=============>................] - ETA: 0:19<0:22 - loss: 11.3354 
267/567 [=============>................] - ETA: 0:20<0:22 - loss: 11.3223 
268/567 [=============>................] - ETA: 0:20<0:22 - loss: 11.3133 
269/567 [=============>................] - ETA: 0:20<0:22 - loss: 11.2846 
270/567 [=============>................] - ETA: 0:20<0:22 - loss: 11.2686 
271/567 [=============>................] - ETA: 0:20<0:22 - loss: 11.2552 
272/567 [=============>................] - ETA: 0:20<0:22 - loss: 11.2338 
273/567 [=============>................] - ETA: 0:20<0:22 - loss: 11.2181 
274/567 [=============>................] - ETA: 0:20<0:22 - loss: 11.1990 
275/567 [=============>................] - ETA: 0:20<0:21 - loss: 11.1872 
276/567 [=============>................] - ETA: 0:20<0:21 - loss: 11.1769 
277/567 [=============>................] - ETA: 0:20<0:21 - loss: 11.1554 
278/567 [=============>................] - ETA: 0:20<0:21 - loss: 11.1340 
279/567 [=============>................] - ETA: 0:20<0:21 - loss: 11.1217 
280/567 [=============>................] - ETA: 0:21<0:21 - loss: 11.1098 
281/567 [=============>................] - ETA: 0:21<0:21 - loss: 11.0964 
282/567 [=============>................] - ETA: 0:21<0:21 - loss: 11.0814 
283/567 [=============>................] - ETA: 0:21<0:21 - loss: 11.0693 
284/567 [==============>...............] - ETA: 0:21<0:21 - loss: 11.0548 
285/567 [==============>...............] - ETA: 0:21<0:21 - loss: 11.0397 
286/567 [==============>...............] - ETA: 0:21<0:21 - loss: 11.0310 
287/567 [==============>...............] - ETA: 0:21<0:21 - loss: 11.0128 
288/567 [==============>...............] - ETA: 0:21<0:20 - loss: 11.0048 
289/567 [==============>...............] - ETA: 0:21<0:20 - loss: 10.9909 
290/567 [==============>...............] - ETA: 0:21<0:20 - loss: 10.9771 
291/567 [==============>...............] - ETA: 0:21<0:20 - loss: 10.9633 
292/567 [==============>...............] - ETA: 0:21<0:20 - loss: 10.9533 
293/567 [==============>...............] - ETA: 0:22<0:20 - loss: 10.9428 
294/567 [==============>...............] - ETA: 0:22<0:20 - loss: 10.9315 
295/567 [==============>...............] - ETA: 0:22<0:20 - loss: 10.9184 
296/567 [==============>...............] - ETA: 0:22<0:20 - loss: 10.9114 
297/567 [==============>...............] - ETA: 0:22<0:20 - loss: 10.9056 
298/567 [==============>...............] - ETA: 0:22<0:20 - loss: 10.8986 
299/567 [==============>...............] - ETA: 0:22<0:20 - loss: 10.8808 
300/567 [==============>...............] - ETA: 0:22<0:20 - loss: 10.8629 
301/567 [==============>...............] - ETA: 0:22<0:19 - loss: 10.8511 
302/567 [==============>...............] - ETA: 0:22<0:19 - loss: 10.8431 
303/567 [===============>..............] - ETA: 0:22<0:19 - loss: 10.8230 
304/567 [===============>..............] - ETA: 0:22<0:19 - loss: 10.8073 
305/567 [===============>..............] - ETA: 0:22<0:19 - loss: 10.8001 
306/567 [===============>..............] - ETA: 0:22<0:19 - loss: 10.7875 
307/567 [===============>..............] - ETA: 0:23<0:19 - loss: 10.7798 
308/567 [===============>..............] - ETA: 0:23<0:19 - loss: 10.7728 
309/567 [===============>..............] - ETA: 0:23<0:19 - loss: 10.7639 
310/567 [===============>..............] - ETA: 0:23<0:19 - loss: 10.7588 
311/567 [===============>..............] - ETA: 0:23<0:19 - loss: 10.7484 
312/567 [===============>..............] - ETA: 0:23<0:19 - loss: 10.7376 
313/567 [===============>..............] - ETA: 0:23<0:19 - loss: 10.7293 
314/567 [===============>..............] - ETA: 0:23<0:18 - loss: 10.7142 
315/567 [===============>..............] - ETA: 0:23<0:18 - loss: 10.7082 
316/567 [===============>..............] - ETA: 0:23<0:18 - loss: 10.7015 
317/567 [===============>..............] - ETA: 0:23<0:18 - loss: 10.6924 
318/567 [===============>..............] - ETA: 0:23<0:18 - loss: 10.6777 
319/567 [===============>..............] - ETA: 0:23<0:18 - loss: 10.6648 
320/567 [===============>..............] - ETA: 0:24<0:18 - loss: 10.6543 
321/567 [===============>..............] - ETA: 0:24<0:18 - loss: 10.6414 
322/567 [================>.............] - ETA: 0:24<0:18 - loss: 10.6369 
323/567 [================>.............] - ETA: 0:24<0:18 - loss: 10.6221 
324/567 [================>.............] - ETA: 0:24<0:18 - loss: 10.6172 
325/567 [================>.............] - ETA: 0:24<0:18 - loss: 10.6088 
326/567 [================>.............] - ETA: 0:24<0:18 - loss: 10.6062 
327/567 [================>.............] - ETA: 0:24<0:18 - loss: 10.6005 
328/567 [================>.............] - ETA: 0:24<0:17 - loss: 10.5913 
329/567 [================>.............] - ETA: 0:24<0:17 - loss: 10.5789 
330/567 [================>.............] - ETA: 0:24<0:17 - loss: 10.5714 
331/567 [================>.............] - ETA: 0:24<0:17 - loss: 10.5704 
332/567 [================>.............] - ETA: 0:24<0:17 - loss: 10.5622 
333/567 [================>.............] - ETA: 0:24<0:17 - loss: 10.5621 
334/567 [================>.............] - ETA: 0:25<0:17 - loss: 10.5449 
335/567 [================>.............] - ETA: 0:25<0:17 - loss: 10.5346 
336/567 [================>.............] - ETA: 0:25<0:17 - loss: 10.5265 
337/567 [================>.............] - ETA: 0:25<0:17 - loss: 10.5125 
338/567 [================>.............] - ETA: 0:25<0:17 - loss: 10.5050 
339/567 [================>.............] - ETA: 0:25<0:17 - loss: 10.4902 
340/567 [================>.............] - ETA: 0:25<0:17 - loss: 10.4807 
341/567 [=================>............] - ETA: 0:25<0:16 - loss: 10.4741 
342/567 [=================>............] - ETA: 0:25<0:16 - loss: 10.4690 
343/567 [=================>............] - ETA: 0:25<0:16 - loss: 10.4514 
344/567 [=================>............] - ETA: 0:25<0:16 - loss: 10.4416 
345/567 [=================>............] - ETA: 0:25<0:16 - loss: 10.4371 
346/567 [=================>............] - ETA: 0:25<0:16 - loss: 10.4340 
347/567 [=================>............] - ETA: 0:26<0:16 - loss: 10.4248 
348/567 [=================>............] - ETA: 0:26<0:16 - loss: 10.4199 
349/567 [=================>............] - ETA: 0:26<0:16 - loss: 10.4093 
350/567 [=================>............] - ETA: 0:26<0:16 - loss: 10.4080 
351/567 [=================>............] - ETA: 0:26<0:16 - loss: 10.4021 
352/567 [=================>............] - ETA: 0:26<0:16 - loss: 10.4019 
353/567 [=================>............] - ETA: 0:26<0:16 - loss: 10.3914 
354/567 [=================>............] - ETA: 0:26<0:15 - loss: 10.3797 
355/567 [=================>............] - ETA: 0:26<0:15 - loss: 10.3718 
356/567 [=================>............] - ETA: 0:26<0:15 - loss: 10.3623 
357/567 [=================>............] - ETA: 0:26<0:15 - loss: 10.3505 
358/567 [=================>............] - ETA: 0:26<0:15 - loss: 10.3374 
359/567 [=================>............] - ETA: 0:26<0:15 - loss: 10.3315 
360/567 [==================>...........] - ETA: 0:27<0:15 - loss: 10.3235 
361/567 [==================>...........] - ETA: 0:27<0:15 - loss: 10.3161 
362/567 [==================>...........] - ETA: 0:27<0:15 - loss: 10.3105 
363/567 [==================>...........] - ETA: 0:27<0:15 - loss: 10.3067 
364/567 [==================>...........] - ETA: 0:27<0:15 - loss: 10.2926 
365/567 [==================>...........] - ETA: 0:27<0:15 - loss: 10.2785 
366/567 [==================>...........] - ETA: 0:27<0:15 - loss: 10.2708 
367/567 [==================>...........] - ETA: 0:27<0:15 - loss: 10.2654 
368/567 [==================>...........] - ETA: 0:27<0:14 - loss: 10.2592 
369/567 [==================>...........] - ETA: 0:27<0:14 - loss: 10.2660 
370/567 [==================>...........] - ETA: 0:27<0:14 - loss: 10.2593 
371/567 [==================>...........] - ETA: 0:27<0:14 - loss: 10.2573 
372/567 [==================>...........] - ETA: 0:27<0:14 - loss: 10.2571 
373/567 [==================>...........] - ETA: 0:28<0:14 - loss: 10.2575 
374/567 [==================>...........] - ETA: 0:28<0:14 - loss: 10.2509 
375/567 [==================>...........] - ETA: 0:28<0:14 - loss: 10.2450 
376/567 [==================>...........] - ETA: 0:28<0:14 - loss: 10.2410 
377/567 [==================>...........] - ETA: 0:28<0:14 - loss: 10.2413 
378/567 [===================>..........] - ETA: 0:28<0:14 - loss: 10.2378 
379/567 [===================>..........] - ETA: 0:28<0:14 - loss: 10.2312 
380/567 [===================>..........] - ETA: 0:28<0:14 - loss: 10.2218 
381/567 [===================>..........] - ETA: 0:28<0:13 - loss: 10.2176 
382/567 [===================>..........] - ETA: 0:28<0:13 - loss: 10.2108 
383/567 [===================>..........] - ETA: 0:28<0:13 - loss: 10.1997 
384/567 [===================>..........] - ETA: 0:28<0:13 - loss: 10.1993 
385/567 [===================>..........] - ETA: 0:28<0:13 - loss: 10.1873 
386/567 [===================>..........] - ETA: 0:28<0:13 - loss: 10.1782 
387/567 [===================>..........] - ETA: 0:29<0:13 - loss: 10.1764 
388/567 [===================>..........] - ETA: 0:29<0:13 - loss: 10.1719 
389/567 [===================>..........] - ETA: 0:29<0:13 - loss: 10.1653 
390/567 [===================>..........] - ETA: 0:29<0:13 - loss: 10.1616 
391/567 [===================>..........] - ETA: 0:29<0:13 - loss: 10.1561 
392/567 [===================>..........] - ETA: 0:29<0:13 - loss: 10.1518 
393/567 [===================>..........] - ETA: 0:29<0:13 - loss: 10.1486 
394/567 [===================>..........] - ETA: 0:29<0:12 - loss: 10.1425 
395/567 [===================>..........] - ETA: 0:29<0:12 - loss: 10.1407 
396/567 [===================>..........] - ETA: 0:29<0:12 - loss: 10.1273 
397/567 [====================>.........] - ETA: 0:29<0:12 - loss: 10.1243 
398/567 [====================>.........] - ETA: 0:29<0:12 - loss: 10.1190 
399/567 [====================>.........] - ETA: 0:29<0:12 - loss: 10.1186 
400/567 [====================>.........] - ETA: 0:30<0:12 - loss: 10.1189 
401/567 [====================>.........] - ETA: 0:30<0:12 - loss: 10.1161 
402/567 [====================>.........] - ETA: 0:30<0:12 - loss: 10.1026 
403/567 [====================>.........] - ETA: 0:30<0:12 - loss: 10.1020 
404/567 [====================>.........] - ETA: 0:30<0:12 - loss: 10.0986 
405/567 [====================>.........] - ETA: 0:30<0:12 - loss: 10.0913 
406/567 [====================>.........] - ETA: 0:30<0:12 - loss: 10.0871 
407/567 [====================>.........] - ETA: 0:30<0:12 - loss: 10.0835 
408/567 [====================>.........] - ETA: 0:30<0:11 - loss: 10.0751 
409/567 [====================>.........] - ETA: 0:30<0:11 - loss: 10.0710 
410/567 [====================>.........] - ETA: 0:30<0:11 - loss: 10.0662 
411/567 [====================>.........] - ETA: 0:30<0:11 - loss: 10.0617 
412/567 [====================>.........] - ETA: 0:30<0:11 - loss: 10.0575 
413/567 [====================>.........] - ETA: 0:31<0:11 - loss: 10.0513 
414/567 [====================>.........] - ETA: 0:31<0:11 - loss: 10.0490 
415/567 [====================>.........] - ETA: 0:31<0:11 - loss: 10.0469 
416/567 [=====================>........] - ETA: 0:31<0:11 - loss: 10.0367 
417/567 [=====================>........] - ETA: 0:31<0:11 - loss: 10.0322 
418/567 [=====================>........] - ETA: 0:31<0:11 - loss: 10.0234 
419/567 [=====================>........] - ETA: 0:31<0:11 - loss: 10.0210 
420/567 [=====================>........] - ETA: 0:31<0:11 - loss: 10.0212 
421/567 [=====================>........] - ETA: 0:31<0:10 - loss: 10.0273 
422/567 [=====================>........] - ETA: 0:31<0:10 - loss: 10.0186 
423/567 [=====================>........] - ETA: 0:31<0:10 - loss: 10.0227 
424/567 [=====================>........] - ETA: 0:31<0:10 - loss: 10.0118 
425/567 [=====================>........] - ETA: 0:31<0:10 - loss: 10.0071 
426/567 [=====================>........] - ETA: 0:32<0:10 - loss: 10.0006 
427/567 [=====================>........] - ETA: 0:32<0:10 - loss: 9.9941  
428/567 [=====================>........] - ETA: 0:32<0:10 - loss: 9.9936 
429/567 [=====================>........] - ETA: 0:32<0:10 - loss: 9.9942 
430/567 [=====================>........] - ETA: 0:32<0:10 - loss: 9.9851 
431/567 [=====================>........] - ETA: 0:32<0:10 - loss: 9.9759 
432/567 [=====================>........] - ETA: 0:32<0:10 - loss: 9.9670 
433/567 [=====================>........] - ETA: 0:32<0:10 - loss: 9.9575 
434/567 [=====================>........] - ETA: 0:32<0:09 - loss: 9.9608 
435/567 [======================>.......] - ETA: 0:32<0:09 - loss: 9.9552 
436/567 [======================>.......] - ETA: 0:32<0:09 - loss: 9.9484 
437/567 [======================>.......] - ETA: 0:32<0:09 - loss: 9.9442 
438/567 [======================>.......] - ETA: 0:32<0:09 - loss: 9.9341 
439/567 [======================>.......] - ETA: 0:32<0:09 - loss: 9.9353 
440/567 [======================>.......] - ETA: 0:33<0:09 - loss: 9.9309 
441/567 [======================>.......] - ETA: 0:33<0:09 - loss: 9.9240 
442/567 [======================>.......] - ETA: 0:33<0:09 - loss: 9.9191 
443/567 [======================>.......] - ETA: 0:33<0:09 - loss: 9.9184 
444/567 [======================>.......] - ETA: 0:33<0:09 - loss: 9.9224 
445/567 [======================>.......] - ETA: 0:33<0:09 - loss: 9.9144 
446/567 [======================>.......] - ETA: 0:33<0:09 - loss: 9.9087 
447/567 [======================>.......] - ETA: 0:33<0:09 - loss: 9.9062 
448/567 [======================>.......] - ETA: 0:33<0:08 - loss: 9.9006 
449/567 [======================>.......] - ETA: 0:33<0:08 - loss: 9.9013 
450/567 [======================>.......] - ETA: 0:33<0:08 - loss: 9.8957 
451/567 [======================>.......] - ETA: 0:33<0:08 - loss: 9.8906 
452/567 [======================>.......] - ETA: 0:33<0:08 - loss: 9.8788 
453/567 [======================>.......] - ETA: 0:34<0:08 - loss: 9.8705 
454/567 [=======================>......] - ETA: 0:34<0:08 - loss: 9.8714 
455/567 [=======================>......] - ETA: 0:34<0:08 - loss: 9.8647 
456/567 [=======================>......] - ETA: 0:34<0:08 - loss: 9.8642 
457/567 [=======================>......] - ETA: 0:34<0:08 - loss: 9.8678 
458/567 [=======================>......] - ETA: 0:34<0:08 - loss: 9.8641 
459/567 [=======================>......] - ETA: 0:34<0:08 - loss: 9.8581 
460/567 [=======================>......] - ETA: 0:34<0:08 - loss: 9.8636 
461/567 [=======================>......] - ETA: 0:34<0:07 - loss: 9.8558 
462/567 [=======================>......] - ETA: 0:34<0:07 - loss: 9.8480 
463/567 [=======================>......] - ETA: 0:34<0:07 - loss: 9.8415 
464/567 [=======================>......] - ETA: 0:34<0:07 - loss: 9.8407 
465/567 [=======================>......] - ETA: 0:34<0:07 - loss: 9.8401 
466/567 [=======================>......] - ETA: 0:35<0:07 - loss: 9.8361 
467/567 [=======================>......] - ETA: 0:35<0:07 - loss: 9.8330 
468/567 [=======================>......] - ETA: 0:35<0:07 - loss: 9.8252 
469/567 [=======================>......] - ETA: 0:35<0:07 - loss: 9.8115 
470/567 [=======================>......] - ETA: 0:35<0:07 - loss: 9.8048 
471/567 [=======================>......] - ETA: 0:35<0:07 - loss: 9.8007 
472/567 [=======================>......] - ETA: 0:35<0:07 - loss: 9.7966 
473/567 [========================>.....] - ETA: 0:35<0:07 - loss: 9.7913 
474/567 [========================>.....] - ETA: 0:35<0:06 - loss: 9.7872 
475/567 [========================>.....] - ETA: 0:35<0:06 - loss: 9.7791 
476/567 [========================>.....] - ETA: 0:35<0:06 - loss: 9.7731 
477/567 [========================>.....] - ETA: 0:35<0:06 - loss: 9.7691 
478/567 [========================>.....] - ETA: 0:35<0:06 - loss: 9.7660 
479/567 [========================>.....] - ETA: 0:35<0:06 - loss: 9.7550 
480/567 [========================>.....] - ETA: 0:36<0:06 - loss: 9.7558 
481/567 [========================>.....] - ETA: 0:36<0:06 - loss: 9.7515 
482/567 [========================>.....] - ETA: 0:36<0:06 - loss: 9.7491 
483/567 [========================>.....] - ETA: 0:36<0:06 - loss: 9.7515 
484/567 [========================>.....] - ETA: 0:36<0:06 - loss: 9.7443 
485/567 [========================>.....] - ETA: 0:36<0:06 - loss: 9.7445 
486/567 [========================>.....] - ETA: 0:36<0:06 - loss: 9.7403 
487/567 [========================>.....] - ETA: 0:36<0:06 - loss: 9.7366 
488/567 [========================>.....] - ETA: 0:36<0:05 - loss: 9.7350 
489/567 [========================>.....] - ETA: 0:36<0:05 - loss: 9.7341 
490/567 [========================>.....] - ETA: 0:36<0:05 - loss: 9.7311 
491/567 [========================>.....] - ETA: 0:36<0:05 - loss: 9.7269 
492/567 [=========================>....] - ETA: 0:36<0:05 - loss: 9.7260 
493/567 [=========================>....] - ETA: 0:37<0:05 - loss: 9.7239 
494/567 [=========================>....] - ETA: 0:37<0:05 - loss: 9.7234 
495/567 [=========================>....] - ETA: 0:37<0:05 - loss: 9.7135 
496/567 [=========================>....] - ETA: 0:37<0:05 - loss: 9.7147 
497/567 [=========================>....] - ETA: 0:37<0:05 - loss: 9.7062 
498/567 [=========================>....] - ETA: 0:37<0:05 - loss: 9.7071 
499/567 [=========================>....] - ETA: 0:37<0:05 - loss: 9.7067 
500/567 [=========================>....] - ETA: 0:37<0:05 - loss: 9.7008 
501/567 [=========================>....] - ETA: 0:37<0:04 - loss: 9.6956 
502/567 [=========================>....] - ETA: 0:37<0:04 - loss: 9.6961 
503/567 [=========================>....] - ETA: 0:37<0:04 - loss: 9.6901 
504/567 [=========================>....] - ETA: 0:37<0:04 - loss: 9.6884 
505/567 [=========================>....] - ETA: 0:37<0:04 - loss: 9.6888 
506/567 [=========================>....] - ETA: 0:38<0:04 - loss: 9.6844 
507/567 [=========================>....] - ETA: 0:38<0:04 - loss: 9.6779 
508/567 [=========================>....] - ETA: 0:38<0:04 - loss: 9.6769 
509/567 [=========================>....] - ETA: 0:38<0:04 - loss: 9.6682 
510/567 [=========================>....] - ETA: 0:38<0:04 - loss: 9.6656 
511/567 [==========================>...] - ETA: 0:38<0:04 - loss: 9.6616 
512/567 [==========================>...] - ETA: 0:38<0:04 - loss: 9.6565 
513/567 [==========================>...] - ETA: 0:38<0:04 - loss: 9.6505 
514/567 [==========================>...] - ETA: 0:38<0:03 - loss: 9.6481 
515/567 [==========================>...] - ETA: 0:38<0:03 - loss: 9.6385 
516/567 [==========================>...] - ETA: 0:38<0:03 - loss: 9.6404 
517/567 [==========================>...] - ETA: 0:38<0:03 - loss: 9.6346 
518/567 [==========================>...] - ETA: 0:38<0:03 - loss: 9.6310 
519/567 [==========================>...] - ETA: 0:38<0:03 - loss: 9.6301 
520/567 [==========================>...] - ETA: 0:39<0:03 - loss: 9.6242 
521/567 [==========================>...] - ETA: 0:39<0:03 - loss: 9.6096 
522/567 [==========================>...] - ETA: 0:39<0:03 - loss: 9.6037 
523/567 [==========================>...] - ETA: 0:39<0:03 - loss: 9.5945 
524/567 [==========================>...] - ETA: 0:39<0:03 - loss: 9.5936 
525/567 [==========================>...] - ETA: 0:39<0:03 - loss: 9.5858 
526/567 [==========================>...] - ETA: 0:39<0:03 - loss: 9.5764 
527/567 [==========================>...] - ETA: 0:39<0:03 - loss: 9.5745 
528/567 [==========================>...] - ETA: 0:39<0:02 - loss: 9.5672 
529/567 [==========================>...] - ETA: 0:39<0:02 - loss: 9.5588 
530/567 [===========================>..] - ETA: 0:39<0:02 - loss: 9.5588 
531/567 [===========================>..] - ETA: 0:39<0:02 - loss: 9.5556 
532/567 [===========================>..] - ETA: 0:39<0:02 - loss: 9.5490 
533/567 [===========================>..] - ETA: 0:40<0:02 - loss: 9.5437 
534/567 [===========================>..] - ETA: 0:40<0:02 - loss: 9.5393 
535/567 [===========================>..] - ETA: 0:40<0:02 - loss: 9.5332 
536/567 [===========================>..] - ETA: 0:40<0:02 - loss: 9.5319 
537/567 [===========================>..] - ETA: 0:40<0:02 - loss: 9.5293 
538/567 [===========================>..] - ETA: 0:40<0:02 - loss: 9.5328 
539/567 [===========================>..] - ETA: 0:40<0:02 - loss: 9.5303 
540/567 [===========================>..] - ETA: 0:40<0:02 - loss: 9.5258 
541/567 [===========================>..] - ETA: 0:40<0:01 - loss: 9.5317 
542/567 [===========================>..] - ETA: 0:40<0:01 - loss: 9.5331 
543/567 [===========================>..] - ETA: 0:40<0:01 - loss: 9.5332 
544/567 [===========================>..] - ETA: 0:40<0:01 - loss: 9.5282 
545/567 [===========================>..] - ETA: 0:40<0:01 - loss: 9.5267 
546/567 [===========================>..] - ETA: 0:41<0:01 - loss: 9.5190 
547/567 [===========================>..] - ETA: 0:41<0:01 - loss: 9.5153 
548/567 [===========================>..] - ETA: 0:41<0:01 - loss: 9.5183 
549/567 [============================>.] - ETA: 0:41<0:01 - loss: 9.5066 
550/567 [============================>.] - ETA: 0:41<0:01 - loss: 9.5049 
551/567 [============================>.] - ETA: 0:41<0:01 - loss: 9.4980 
552/567 [============================>.] - ETA: 0:41<0:01 - loss: 9.4910 
553/567 [============================>.] - ETA: 0:41<0:01 - loss: 9.4905 
554/567 [============================>.] - ETA: 0:41<0:00 - loss: 9.4885 
555/567 [============================>.] - ETA: 0:41<0:00 - loss: 9.4874 
556/567 [============================>.] - ETA: 0:41<0:00 - loss: 9.4836 
557/567 [============================>.] - ETA: 0:41<0:00 - loss: 9.4793 
558/567 [============================>.] - ETA: 0:41<0:00 - loss: 9.4771 
559/567 [============================>.] - ETA: 0:42<0:00 - loss: 9.4770 
560/567 [============================>.] - ETA: 0:42<0:00 - loss: 9.4691 
561/567 [============================>.] - ETA: 0:42<0:00 - loss: 9.4682 
562/567 [============================>.] - ETA: 0:42<0:00 - loss: 9.4655 
563/567 [============================>.] - ETA: 0:42<0:00 - loss: 9.4583 
564/567 [============================>.] - ETA: 0:42<0:00 - loss: 9.4572 
565/567 [============================>.] - ETA: 0:42<0:00 - loss: 9.4498 
566/567 [============================>.] - ETA: 0:42<0:00 - loss: 9.4488 
567/567 [==============================] - 0:42 75ms/step - loss: 9.4456 
2024-07-06 23:18:09 - Finish Epoch: 1/20 - loss: 15.1213
日晃百花色    寒寒寒寒寒
  0%|                                                                                                                                                    | 0/4 [00:00<?, ?it/s] 50%|██████████████████████████████████████████████████████████████████████                                                                      | 2/4 [00:00<00:00, 17.71it/s]100%|████████████████████████████████████████████████████████████████████████████████████████████████████████████████████████████████████████████| 4/4 [00:00<00:00, 17.80it/s]100%|████████████████████████████████████████████████████████████████████████████████████████████████████████████████████████████████████████████| 4/4 [00:00<00:00, 17.77it/s]
  0%|                                                                                                                                                    | 0/4 [00:00<?, ?it/s] 50%|██████████████████████████████████████████████████████████████████████                                                                      | 2/4 [00:00<00:00, 17.93it/s]100%|████████████████████████████████████████████████████████████████████████████████████████████████████████████████████████████████████████████| 4/4 [00:00<00:00, 17.92it/s]100%|████████████████████████████████████████████████████████████████████████████████████████████████████████████████████████████████████████████| 4/4 [00:00<00:00, 17.90it/s]
valid_data: {'rouge-1': 0.0, 'rouge-2': 0.0, 'rouge-l': 0.0, 'bleu': 0.0, 'best_bleu': 0.0}
test_data: {'rouge-1': 0.0, 'rouge-2': 0.0, 'rouge-l': 0.0, 'bleu': 0.0}

2024-07-06 23:18:10 - Start  Epoch: 2/20

  1/567 [..............................] - ETA: 0:00<0:43 - loss: 9.4388 
  2/567 [..............................] - ETA: 0:00<0:43 - loss: 9.4394 
  3/567 [..............................] - ETA: 0:00<0:42 - loss: 9.4406 
  4/567 [..............................] - ETA: 0:00<0:42 - loss: 9.4339 
  5/567 [..............................] - ETA: 0:00<0:42 - loss: 9.4245 
  6/567 [..............................] - ETA: 0:00<0:42 - loss: 9.4195 
  7/567 [..............................] - ETA: 0:00<0:41 - loss: 9.4144 
  8/567 [..............................] - ETA: 0:00<0:41 - loss: 9.4160 
  9/567 [..............................] - ETA: 0:00<0:41 - loss: 9.4117 
 10/567 [..............................] - ETA: 0:00<0:41 - loss: 9.4018 
 11/567 [..............................] - ETA: 0:00<0:41 - loss: 9.3991 
 12/567 [..............................] - ETA: 0:00<0:41 - loss: 9.4017 
 13/567 [..............................] - ETA: 0:00<0:41 - loss: 9.3942 
 14/567 [..............................] - ETA: 0:01<0:41 - loss: 9.3934 
 15/567 [..............................] - ETA: 0:01<0:41 - loss: 9.3889 
 16/567 [..............................] - ETA: 0:01<0:41 - loss: 9.3898 
 17/567 [..............................] - ETA: 0:01<0:41 - loss: 9.3896 
 18/567 [..............................] - ETA: 0:01<0:41 - loss: 9.3865 
 19/567 [>.............................] - ETA: 0:01<0:41 - loss: 9.3825 
 20/567 [>.............................] - ETA: 0:01<0:41 - loss: 9.3833 
 21/567 [>.............................] - ETA: 0:01<0:40 - loss: 9.3796 
 22/567 [>.............................] - ETA: 0:01<0:40 - loss: 9.3713 
 23/567 [>.............................] - ETA: 0:01<0:40 - loss: 9.3660 
 24/567 [>.............................] - ETA: 0:01<0:40 - loss: 9.3629 
 25/567 [>.............................] - ETA: 0:01<0:40 - loss: 9.3635 
 26/567 [>.............................] - ETA: 0:01<0:40 - loss: 9.3507 
 27/567 [>.............................] - ETA: 0:02<0:40 - loss: 9.3434 
 28/567 [>.............................] - ETA: 0:02<0:40 - loss: 9.3451 
 29/567 [>.............................] - ETA: 0:02<0:40 - loss: 9.3444 
 30/567 [>.............................] - ETA: 0:02<0:40 - loss: 9.3444 
 31/567 [>.............................] - ETA: 0:02<0:40 - loss: 9.3403 
 32/567 [>.............................] - ETA: 0:02<0:39 - loss: 9.3368 
 33/567 [>.............................] - ETA: 0:02<0:39 - loss: 9.3325 
 34/567 [>.............................] - ETA: 0:02<0:39 - loss: 9.3294 
 35/567 [>.............................] - ETA: 0:02<0:39 - loss: 9.3276 
 36/567 [>.............................] - ETA: 0:02<0:39 - loss: 9.3291 
 37/567 [>.............................] - ETA: 0:02<0:39 - loss: 9.3311 
 38/567 [=>............................] - ETA: 0:02<0:39 - loss: 9.3305 
 39/567 [=>............................] - ETA: 0:02<0:39 - loss: 9.3308 
 40/567 [=>............................] - ETA: 0:02<0:39 - loss: 9.3286 
 41/567 [=>............................] - ETA: 0:03<0:39 - loss: 9.3231 
 42/567 [=>............................] - ETA: 0:03<0:39 - loss: 9.3246 
 43/567 [=>............................] - ETA: 0:03<0:39 - loss: 9.3212 
 44/567 [=>............................] - ETA: 0:03<0:39 - loss: 9.3189 
 45/567 [=>............................] - ETA: 0:03<0:39 - loss: 9.3146 
 46/567 [=>............................] - ETA: 0:03<0:38 - loss: 9.3116 
 47/567 [=>............................] - ETA: 0:03<0:38 - loss: 9.3063 
 48/567 [=>............................] - ETA: 0:03<0:38 - loss: 9.3036 
 49/567 [=>............................] - ETA: 0:03<0:38 - loss: 9.2958 
 50/567 [=>............................] - ETA: 0:03<0:38 - loss: 9.2981 
 51/567 [=>............................] - ETA: 0:03<0:38 - loss: 9.2955 
 52/567 [=>............................] - ETA: 0:03<0:38 - loss: 9.2885 
 53/567 [=>............................] - ETA: 0:03<0:38 - loss: 9.2821 
 54/567 [=>............................] - ETA: 0:04<0:38 - loss: 9.2827 
 55/567 [=>............................] - ETA: 0:04<0:38 - loss: 9.2856 
 56/567 [=>............................] - ETA: 0:04<0:38 - loss: 9.2855 
 57/567 [==>...........................] - ETA: 0:04<0:38 - loss: 9.2843 
 58/567 [==>...........................] - ETA: 0:04<0:38 - loss: 9.2855 
 59/567 [==>...........................] - ETA: 0:04<0:37 - loss: 9.2828 
 60/567 [==>...........................] - ETA: 0:04<0:37 - loss: 9.2787 
 61/567 [==>...........................] - ETA: 0:04<0:37 - loss: 9.2763 
 62/567 [==>...........................] - ETA: 0:04<0:37 - loss: 9.2710 
 63/567 [==>...........................] - ETA: 0:04<0:37 - loss: 9.2638 
 64/567 [==>...........................] - ETA: 0:04<0:37 - loss: 9.2666 
 65/567 [==>...........................] - ETA: 0:04<0:37 - loss: 9.2680 
 66/567 [==>...........................] - ETA: 0:04<0:37 - loss: 9.2681 
 67/567 [==>...........................] - ETA: 0:05<0:37 - loss: 9.2696 
 68/567 [==>...........................] - ETA: 0:05<0:37 - loss: 9.2737 
 69/567 [==>...........................] - ETA: 0:05<0:37 - loss: 9.2687 
 70/567 [==>...........................] - ETA: 0:05<0:37 - loss: 9.2655 
 71/567 [==>...........................] - ETA: 0:05<0:37 - loss: 9.2628 
 72/567 [==>...........................] - ETA: 0:05<0:37 - loss: 9.2571 
 73/567 [==>...........................] - ETA: 0:05<0:36 - loss: 9.2576 
 74/567 [==>...........................] - ETA: 0:05<0:36 - loss: 9.2430 
 75/567 [==>...........................] - ETA: 0:05<0:36 - loss: 9.2390 
 76/567 [===>..........................] - ETA: 0:05<0:36 - loss: 9.2350 
 77/567 [===>..........................] - ETA: 0:05<0:36 - loss: 9.2342 
 78/567 [===>..........................] - ETA: 0:05<0:36 - loss: 9.2281 
 79/567 [===>..........................] - ETA: 0:05<0:36 - loss: 9.2277 
 80/567 [===>..........................] - ETA: 0:05<0:36 - loss: 9.2278 
 81/567 [===>..........................] - ETA: 0:06<0:36 - loss: 9.2197 
 82/567 [===>..........................] - ETA: 0:06<0:36 - loss: 9.2213 
 83/567 [===>..........................] - ETA: 0:06<0:36 - loss: 9.2223 
 84/567 [===>..........................] - ETA: 0:06<0:36 - loss: 9.2215 
 85/567 [===>..........................] - ETA: 0:06<0:36 - loss: 9.2210 
 86/567 [===>..........................] - ETA: 0:06<0:35 - loss: 9.2166 
 87/567 [===>..........................] - ETA: 0:06<0:35 - loss: 9.2125 
 88/567 [===>..........................] - ETA: 0:06<0:35 - loss: 9.2099 
 89/567 [===>..........................] - ETA: 0:06<0:35 - loss: 9.2043 
 90/567 [===>..........................] - ETA: 0:06<0:35 - loss: 9.2018 
 91/567 [===>..........................] - ETA: 0:06<0:35 - loss: 9.1952 
 92/567 [===>..........................] - ETA: 0:06<0:35 - loss: 9.1945 
 93/567 [===>..........................] - ETA: 0:06<0:35 - loss: 9.1917 
 94/567 [===>..........................] - ETA: 0:07<0:35 - loss: 9.1902 
 95/567 [====>.........................] - ETA: 0:07<0:35 - loss: 9.1847 
 96/567 [====>.........................] - ETA: 0:07<0:35 - loss: 9.1861 
 97/567 [====>.........................] - ETA: 0:07<0:35 - loss: 9.1842 
 98/567 [====>.........................] - ETA: 0:07<0:35 - loss: 9.1889 
 99/567 [====>.........................] - ETA: 0:07<0:34 - loss: 9.1851 
100/567 [====>.........................] - ETA: 0:07<0:34 - loss: 9.1856 
101/567 [====>.........................] - ETA: 0:07<0:34 - loss: 9.1864 
102/567 [====>.........................] - ETA: 0:07<0:34 - loss: 9.1865 
103/567 [====>.........................] - ETA: 0:07<0:34 - loss: 9.1843 
104/567 [====>.........................] - ETA: 0:07<0:34 - loss: 9.1806 
105/567 [====>.........................] - ETA: 0:07<0:34 - loss: 9.1840 
106/567 [====>.........................] - ETA: 0:07<0:34 - loss: 9.1876 
107/567 [====>.........................] - ETA: 0:07<0:34 - loss: 9.1851 
108/567 [====>.........................] - ETA: 0:08<0:34 - loss: 9.1832 
109/567 [====>.........................] - ETA: 0:08<0:34 - loss: 9.1833 
110/567 [====>.........................] - ETA: 0:08<0:34 - loss: 9.1841 
111/567 [====>.........................] - ETA: 0:08<0:34 - loss: 9.1813 
112/567 [====>.........................] - ETA: 0:08<0:33 - loss: 9.1793 
113/567 [====>.........................] - ETA: 0:08<0:33 - loss: 9.1782 
114/567 [=====>........................] - ETA: 0:08<0:33 - loss: 9.1710 
115/567 [=====>........................] - ETA: 0:08<0:33 - loss: 9.1684 
116/567 [=====>........................] - ETA: 0:08<0:33 - loss: 9.1588 
117/567 [=====>........................] - ETA: 0:08<0:33 - loss: 9.1575 
118/567 [=====>........................] - ETA: 0:08<0:33 - loss: 9.1571 
119/567 [=====>........................] - ETA: 0:08<0:33 - loss: 9.1522 
120/567 [=====>........................] - ETA: 0:08<0:33 - loss: 9.1454 
121/567 [=====>........................] - ETA: 0:09<0:33 - loss: 9.1418 
122/567 [=====>........................] - ETA: 0:09<0:33 - loss: 9.1410 
123/567 [=====>........................] - ETA: 0:09<0:33 - loss: 9.1394 
124/567 [=====>........................] - ETA: 0:09<0:33 - loss: 9.1352 
125/567 [=====>........................] - ETA: 0:09<0:32 - loss: 9.1253 
126/567 [=====>........................] - ETA: 0:09<0:32 - loss: 9.1305 
127/567 [=====>........................] - ETA: 0:09<0:32 - loss: 9.1323 
128/567 [=====>........................] - ETA: 0:09<0:32 - loss: 9.1304 
129/567 [=====>........................] - ETA: 0:09<0:32 - loss: 9.1273 
130/567 [=====>........................] - ETA: 0:09<0:32 - loss: 9.1230 
131/567 [=====>........................] - ETA: 0:09<0:32 - loss: 9.1212 
132/567 [=====>........................] - ETA: 0:09<0:32 - loss: 9.1200 
133/567 [======>.......................] - ETA: 0:09<0:32 - loss: 9.1187 
134/567 [======>.......................] - ETA: 0:09<0:32 - loss: 9.1147 
135/567 [======>.......................] - ETA: 0:10<0:32 - loss: 9.1156 
136/567 [======>.......................] - ETA: 0:10<0:32 - loss: 9.1104 
137/567 [======>.......................] - ETA: 0:10<0:32 - loss: 9.1052 
138/567 [======>.......................] - ETA: 0:10<0:32 - loss: 9.0987 
139/567 [======>.......................] - ETA: 0:10<0:31 - loss: 9.0942 
140/567 [======>.......................] - ETA: 0:10<0:31 - loss: 9.0918 
141/567 [======>.......................] - ETA: 0:10<0:31 - loss: 9.0918 
142/567 [======>.......................] - ETA: 0:10<0:31 - loss: 9.0887 
143/567 [======>.......................] - ETA: 0:10<0:31 - loss: 9.0858 
144/567 [======>.......................] - ETA: 0:10<0:31 - loss: 9.0819 
145/567 [======>.......................] - ETA: 0:10<0:31 - loss: 9.0794 
146/567 [======>.......................] - ETA: 0:10<0:31 - loss: 9.0804 
147/567 [======>.......................] - ETA: 0:10<0:31 - loss: 9.0806 
148/567 [======>.......................] - ETA: 0:11<0:31 - loss: 9.0800 
149/567 [======>.......................] - ETA: 0:11<0:31 - loss: 9.0777 
150/567 [======>.......................] - ETA: 0:11<0:31 - loss: 9.0706 
151/567 [======>.......................] - ETA: 0:11<0:31 - loss: 9.0692 
152/567 [=======>......................] - ETA: 0:11<0:30 - loss: 9.0658 
153/567 [=======>......................] - ETA: 0:11<0:30 - loss: 9.0635 
154/567 [=======>......................] - ETA: 0:11<0:30 - loss: 9.0609 
155/567 [=======>......................] - ETA: 0:11<0:30 - loss: 9.0579 
156/567 [=======>......................] - ETA: 0:11<0:30 - loss: 9.0550 
157/567 [=======>......................] - ETA: 0:11<0:30 - loss: 9.0545 
158/567 [=======>......................] - ETA: 0:11<0:30 - loss: 9.0533 
159/567 [=======>......................] - ETA: 0:11<0:30 - loss: 9.0511 
160/567 [=======>......................] - ETA: 0:11<0:30 - loss: 9.0493 
161/567 [=======>......................] - ETA: 0:12<0:30 - loss: 9.0453 
162/567 [=======>......................] - ETA: 0:12<0:30 - loss: 9.0454 
163/567 [=======>......................] - ETA: 0:12<0:30 - loss: 9.0483 
164/567 [=======>......................] - ETA: 0:12<0:30 - loss: 9.0431 
165/567 [=======>......................] - ETA: 0:12<0:30 - loss: 9.0399 
166/567 [=======>......................] - ETA: 0:12<0:29 - loss: 9.0373 
167/567 [=======>......................] - ETA: 0:12<0:29 - loss: 9.0310 
168/567 [=======>......................] - ETA: 0:12<0:29 - loss: 9.0244 
169/567 [=======>......................] - ETA: 0:12<0:29 - loss: 9.0239 
170/567 [=======>......................] - ETA: 0:12<0:29 - loss: 9.0201 
171/567 [========>.....................] - ETA: 0:12<0:29 - loss: 9.0178 
172/567 [========>.....................] - ETA: 0:12<0:29 - loss: 9.0224 
173/567 [========>.....................] - ETA: 0:12<0:29 - loss: 9.0225 
174/567 [========>.....................] - ETA: 0:12<0:29 - loss: 9.0251 
175/567 [========>.....................] - ETA: 0:13<0:29 - loss: 9.0189 
176/567 [========>.....................] - ETA: 0:13<0:29 - loss: 9.0176 
177/567 [========>.....................] - ETA: 0:13<0:29 - loss: 9.0139 
178/567 [========>.....................] - ETA: 0:13<0:29 - loss: 9.0102 
179/567 [========>.....................] - ETA: 0:13<0:28 - loss: 9.0113 
180/567 [========>.....................] - ETA: 0:13<0:28 - loss: 9.0095 
181/567 [========>.....................] - ETA: 0:13<0:28 - loss: 9.0097 
182/567 [========>.....................] - ETA: 0:13<0:28 - loss: 9.0108 
183/567 [========>.....................] - ETA: 0:13<0:28 - loss: 9.0073 
184/567 [========>.....................] - ETA: 0:13<0:28 - loss: 9.0026 
185/567 [========>.....................] - ETA: 0:13<0:28 - loss: 8.9999 
186/567 [========>.....................] - ETA: 0:13<0:28 - loss: 9.0001 
187/567 [========>.....................] - ETA: 0:13<0:28 - loss: 8.9942 
188/567 [========>.....................] - ETA: 0:14<0:28 - loss: 8.9919 
189/567 [=========>....................] - ETA: 0:14<0:28 - loss: 8.9892 
190/567 [=========>....................] - ETA: 0:14<0:28 - loss: 8.9877 
191/567 [=========>....................] - ETA: 0:14<0:28 - loss: 8.9860 
192/567 [=========>....................] - ETA: 0:14<0:27 - loss: 8.9818 
193/567 [=========>....................] - ETA: 0:14<0:27 - loss: 8.9780 
194/567 [=========>....................] - ETA: 0:14<0:27 - loss: 8.9712 
195/567 [=========>....................] - ETA: 0:14<0:27 - loss: 8.9719 
196/567 [=========>....................] - ETA: 0:14<0:27 - loss: 8.9678 
197/567 [=========>....................] - ETA: 0:14<0:27 - loss: 8.9660 
198/567 [=========>....................] - ETA: 0:14<0:27 - loss: 8.9606 
199/567 [=========>....................] - ETA: 0:14<0:27 - loss: 8.9579 
200/567 [=========>....................] - ETA: 0:14<0:27 - loss: 8.9527 
201/567 [=========>....................] - ETA: 0:14<0:27 - loss: 8.9510 
202/567 [=========>....................] - ETA: 0:15<0:27 - loss: 8.9458 
203/567 [=========>....................] - ETA: 0:15<0:27 - loss: 8.9430 
204/567 [=========>....................] - ETA: 0:15<0:27 - loss: 8.9411 
205/567 [=========>....................] - ETA: 0:15<0:26 - loss: 8.9384 
206/567 [=========>....................] - ETA: 0:15<0:26 - loss: 8.9328 
207/567 [=========>....................] - ETA: 0:15<0:26 - loss: 8.9373 
208/567 [==========>...................] - ETA: 0:15<0:26 - loss: 8.9330 
209/567 [==========>...................] - ETA: 0:15<0:26 - loss: 8.9323 
210/567 [==========>...................] - ETA: 0:15<0:26 - loss: 8.9312 
211/567 [==========>...................] - ETA: 0:15<0:26 - loss: 8.9306 
212/567 [==========>...................] - ETA: 0:15<0:26 - loss: 8.9281 
213/567 [==========>...................] - ETA: 0:15<0:26 - loss: 8.9290 
214/567 [==========>...................] - ETA: 0:15<0:26 - loss: 8.9269 
215/567 [==========>...................] - ETA: 0:16<0:26 - loss: 8.9234 
216/567 [==========>...................] - ETA: 0:16<0:26 - loss: 8.9272 
217/567 [==========>...................] - ETA: 0:16<0:26 - loss: 8.9215 
218/567 [==========>...................] - ETA: 0:16<0:25 - loss: 8.9230 
219/567 [==========>...................] - ETA: 0:16<0:25 - loss: 8.9217 
220/567 [==========>...................] - ETA: 0:16<0:25 - loss: 8.9157 
221/567 [==========>...................] - ETA: 0:16<0:25 - loss: 8.9143 
222/567 [==========>...................] - ETA: 0:16<0:25 - loss: 8.9158 
223/567 [==========>...................] - ETA: 0:16<0:25 - loss: 8.9137 
224/567 [==========>...................] - ETA: 0:16<0:25 - loss: 8.9161 
225/567 [==========>...................] - ETA: 0:16<0:25 - loss: 8.9171 
226/567 [==========>...................] - ETA: 0:16<0:25 - loss: 8.9144 
227/567 [===========>..................] - ETA: 0:16<0:25 - loss: 8.9041 
228/567 [===========>..................] - ETA: 0:16<0:25 - loss: 8.9028 
229/567 [===========>..................] - ETA: 0:17<0:25 - loss: 8.9004 
230/567 [===========>..................] - ETA: 0:17<0:25 - loss: 8.8978 
231/567 [===========>..................] - ETA: 0:17<0:25 - loss: 8.8920 
232/567 [===========>..................] - ETA: 0:17<0:24 - loss: 8.8885 
233/567 [===========>..................] - ETA: 0:17<0:24 - loss: 8.8863 
234/567 [===========>..................] - ETA: 0:17<0:24 - loss: 8.8861 
235/567 [===========>..................] - ETA: 0:17<0:24 - loss: 8.8788 
236/567 [===========>..................] - ETA: 0:17<0:24 - loss: 8.8765 
237/567 [===========>..................] - ETA: 0:17<0:24 - loss: 8.8741 
238/567 [===========>..................] - ETA: 0:17<0:24 - loss: 8.8725 
239/567 [===========>..................] - ETA: 0:17<0:24 - loss: 8.8750 
240/567 [===========>..................] - ETA: 0:17<0:24 - loss: 8.8739 
241/567 [===========>..................] - ETA: 0:17<0:24 - loss: 8.8732 
242/567 [===========>..................] - ETA: 0:18<0:24 - loss: 8.8673 
243/567 [===========>..................] - ETA: 0:18<0:24 - loss: 8.8666 
244/567 [===========>..................] - ETA: 0:18<0:24 - loss: 8.8678 
245/567 [===========>..................] - ETA: 0:18<0:23 - loss: 8.8690 
246/567 [============>.................] - ETA: 0:18<0:23 - loss: 8.8665 
247/567 [============>.................] - ETA: 0:18<0:23 - loss: 8.8635 
248/567 [============>.................] - ETA: 0:18<0:23 - loss: 8.8626 
249/567 [============>.................] - ETA: 0:18<0:23 - loss: 8.8640 
250/567 [============>.................] - ETA: 0:18<0:23 - loss: 8.8668 
251/567 [============>.................] - ETA: 0:18<0:23 - loss: 8.8667 
252/567 [============>.................] - ETA: 0:18<0:23 - loss: 8.8706 
253/567 [============>.................] - ETA: 0:18<0:23 - loss: 8.8692 
254/567 [============>.................] - ETA: 0:18<0:23 - loss: 8.8693 
255/567 [============>.................] - ETA: 0:19<0:23 - loss: 8.8663 
256/567 [============>.................] - ETA: 0:19<0:23 - loss: 8.8596 
257/567 [============>.................] - ETA: 0:19<0:23 - loss: 8.8574 
258/567 [============>.................] - ETA: 0:19<0:23 - loss: 8.8548 
259/567 [============>.................] - ETA: 0:19<0:22 - loss: 8.8544 
260/567 [============>.................] - ETA: 0:19<0:22 - loss: 8.8494 
261/567 [============>.................] - ETA: 0:19<0:22 - loss: 8.8524 
262/567 [============>.................] - ETA: 0:19<0:22 - loss: 8.8526 
263/567 [============>.................] - ETA: 0:19<0:22 - loss: 8.8494 
264/567 [============>.................] - ETA: 0:19<0:22 - loss: 8.8441 
265/567 [=============>................] - ETA: 0:19<0:22 - loss: 8.8439 
266/567 [=============>................] - ETA: 0:19<0:22 - loss: 8.8413 
267/567 [=============>................] - ETA: 0:19<0:22 - loss: 8.8397 
268/567 [=============>................] - ETA: 0:19<0:22 - loss: 8.8387 
269/567 [=============>................] - ETA: 0:20<0:22 - loss: 8.8350 
270/567 [=============>................] - ETA: 0:20<0:22 - loss: 8.8390 
271/567 [=============>................] - ETA: 0:20<0:22 - loss: 8.8375 
272/567 [=============>................] - ETA: 0:20<0:21 - loss: 8.8332 
273/567 [=============>................] - ETA: 0:20<0:21 - loss: 8.8278 
274/567 [=============>................] - ETA: 0:20<0:21 - loss: 8.8295 
275/567 [=============>................] - ETA: 0:20<0:21 - loss: 8.8281 
276/567 [=============>................] - ETA: 0:20<0:21 - loss: 8.8243 
277/567 [=============>................] - ETA: 0:20<0:21 - loss: 8.8228 
278/567 [=============>................] - ETA: 0:20<0:21 - loss: 8.8253 
279/567 [=============>................] - ETA: 0:20<0:21 - loss: 8.8170 
280/567 [=============>................] - ETA: 0:20<0:21 - loss: 8.8140 
281/567 [=============>................] - ETA: 0:20<0:21 - loss: 8.8101 
282/567 [=============>................] - ETA: 0:21<0:21 - loss: 8.8045 
283/567 [=============>................] - ETA: 0:21<0:21 - loss: 8.7996 
284/567 [==============>...............] - ETA: 0:21<0:21 - loss: 8.7989 
285/567 [==============>...............] - ETA: 0:21<0:21 - loss: 8.7984 
286/567 [==============>...............] - ETA: 0:21<0:20 - loss: 8.7953 
287/567 [==============>...............] - ETA: 0:21<0:20 - loss: 8.7955 
288/567 [==============>...............] - ETA: 0:21<0:20 - loss: 8.7946 
289/567 [==============>...............] - ETA: 0:21<0:20 - loss: 8.7938 
290/567 [==============>...............] - ETA: 0:21<0:20 - loss: 8.7898 
291/567 [==============>...............] - ETA: 0:21<0:20 - loss: 8.7876 
292/567 [==============>...............] - ETA: 0:21<0:20 - loss: 8.7845 
293/567 [==============>...............] - ETA: 0:21<0:20 - loss: 8.7851 
294/567 [==============>...............] - ETA: 0:21<0:20 - loss: 8.7859 
295/567 [==============>...............] - ETA: 0:21<0:20 - loss: 8.7845 
296/567 [==============>...............] - ETA: 0:22<0:20 - loss: 8.7871 
297/567 [==============>...............] - ETA: 0:22<0:20 - loss: 8.7845 
298/567 [==============>...............] - ETA: 0:22<0:20 - loss: 8.7822 
299/567 [==============>...............] - ETA: 0:22<0:19 - loss: 8.7778 
300/567 [==============>...............] - ETA: 0:22<0:19 - loss: 8.7786 
301/567 [==============>...............] - ETA: 0:22<0:19 - loss: 8.7725 
302/567 [==============>...............] - ETA: 0:22<0:19 - loss: 8.7723 
303/567 [===============>..............] - ETA: 0:22<0:19 - loss: 8.7684 
304/567 [===============>..............] - ETA: 0:22<0:19 - loss: 8.7710 
305/567 [===============>..............] - ETA: 0:22<0:19 - loss: 8.7681 
306/567 [===============>..............] - ETA: 0:22<0:19 - loss: 8.7658 
307/567 [===============>..............] - ETA: 0:22<0:19 - loss: 8.7592 
308/567 [===============>..............] - ETA: 0:22<0:19 - loss: 8.7568 
309/567 [===============>..............] - ETA: 0:23<0:19 - loss: 8.7501 
310/567 [===============>..............] - ETA: 0:23<0:19 - loss: 8.7478 
311/567 [===============>..............] - ETA: 0:23<0:19 - loss: 8.7442 
312/567 [===============>..............] - ETA: 0:23<0:18 - loss: 8.7439 
313/567 [===============>..............] - ETA: 0:23<0:18 - loss: 8.7380 
314/567 [===============>..............] - ETA: 0:23<0:18 - loss: 8.7368 
315/567 [===============>..............] - ETA: 0:23<0:18 - loss: 8.7339 
316/567 [===============>..............] - ETA: 0:23<0:18 - loss: 8.7296 
317/567 [===============>..............] - ETA: 0:23<0:18 - loss: 8.7285 
318/567 [===============>..............] - ETA: 0:23<0:18 - loss: 8.7214 
319/567 [===============>..............] - ETA: 0:23<0:18 - loss: 8.7217 
320/567 [===============>..............] - ETA: 0:23<0:18 - loss: 8.7222 
321/567 [===============>..............] - ETA: 0:23<0:18 - loss: 8.7164 
322/567 [================>.............] - ETA: 0:23<0:18 - loss: 8.7144 
323/567 [================>.............] - ETA: 0:24<0:18 - loss: 8.7141 
324/567 [================>.............] - ETA: 0:24<0:18 - loss: 8.7213 
325/567 [================>.............] - ETA: 0:24<0:18 - loss: 8.7379 
326/567 [================>.............] - ETA: 0:24<0:17 - loss: 8.7563 
327/567 [================>.............] - ETA: 0:24<0:17 - loss: 8.7827 
328/567 [================>.............] - ETA: 0:24<0:17 - loss: 8.7948 
329/567 [================>.............] - ETA: 0:24<0:17 - loss: 8.7957 
330/567 [================>.............] - ETA: 0:24<0:17 - loss: 8.8035 
331/567 [================>.............] - ETA: 0:24<0:17 - loss: 8.8138 
332/567 [================>.............] - ETA: 0:24<0:17 - loss: 8.8192 
333/567 [================>.............] - ETA: 0:24<0:17 - loss: 8.8245 
334/567 [================>.............] - ETA: 0:24<0:17 - loss: 8.8302 
335/567 [================>.............] - ETA: 0:24<0:17 - loss: 8.8373 
336/567 [================>.............] - ETA: 0:25<0:17 - loss: 8.8418 
337/567 [================>.............] - ETA: 0:25<0:17 - loss: 8.8417 
338/567 [================>.............] - ETA: 0:25<0:17 - loss: 8.8410 
339/567 [================>.............] - ETA: 0:25<0:16 - loss: 8.8359 
340/567 [================>.............] - ETA: 0:25<0:16 - loss: 8.8355 
341/567 [=================>............] - ETA: 0:25<0:16 - loss: 8.8329 
342/567 [=================>............] - ETA: 0:25<0:16 - loss: 8.8360 
343/567 [=================>............] - ETA: 0:25<0:16 - loss: 8.8358 
344/567 [=================>............] - ETA: 0:25<0:16 - loss: 8.8327 
345/567 [=================>............] - ETA: 0:25<0:16 - loss: 8.8290 
346/567 [=================>............] - ETA: 0:25<0:16 - loss: 8.8269 
347/567 [=================>............] - ETA: 0:25<0:16 - loss: 8.8263 
348/567 [=================>............] - ETA: 0:25<0:16 - loss: 8.8290 
349/567 [=================>............] - ETA: 0:26<0:16 - loss: 8.8279 
350/567 [=================>............] - ETA: 0:26<0:16 - loss: 8.8252 
351/567 [=================>............] - ETA: 0:26<0:16 - loss: 8.8263 
352/567 [=================>............] - ETA: 0:26<0:16 - loss: 8.8236 
353/567 [=================>............] - ETA: 0:26<0:15 - loss: 8.8248 
354/567 [=================>............] - ETA: 0:26<0:15 - loss: 8.8192 
355/567 [=================>............] - ETA: 0:26<0:15 - loss: 8.8158 
356/567 [=================>............] - ETA: 0:26<0:15 - loss: 8.8163 
357/567 [=================>............] - ETA: 0:26<0:15 - loss: 8.8102 
358/567 [=================>............] - ETA: 0:26<0:15 - loss: 8.8086 
359/567 [=================>............] - ETA: 0:26<0:15 - loss: 8.8068 
360/567 [==================>...........] - ETA: 0:26<0:15 - loss: 8.8106 
361/567 [==================>...........] - ETA: 0:26<0:15 - loss: 8.8051 
362/567 [==================>...........] - ETA: 0:26<0:15 - loss: 8.8044 
363/567 [==================>...........] - ETA: 0:27<0:15 - loss: 8.8021 
364/567 [==================>...........] - ETA: 0:27<0:15 - loss: 8.8035 
365/567 [==================>...........] - ETA: 0:27<0:15 - loss: 8.8025 
366/567 [==================>...........] - ETA: 0:27<0:14 - loss: 8.8039 
367/567 [==================>...........] - ETA: 0:27<0:14 - loss: 8.8022 
368/567 [==================>...........] - ETA: 0:27<0:14 - loss: 8.7993 
369/567 [==================>...........] - ETA: 0:27<0:14 - loss: 8.8056 
370/567 [==================>...........] - ETA: 0:27<0:14 - loss: 8.8001 
371/567 [==================>...........] - ETA: 0:27<0:14 - loss: 8.8000 
372/567 [==================>...........] - ETA: 0:27<0:14 - loss: 8.7999 
373/567 [==================>...........] - ETA: 0:27<0:14 - loss: 8.7973 
374/567 [==================>...........] - ETA: 0:27<0:14 - loss: 8.7885 
375/567 [==================>...........] - ETA: 0:27<0:14 - loss: 8.7851 
376/567 [==================>...........] - ETA: 0:28<0:14 - loss: 8.7836 
377/567 [==================>...........] - ETA: 0:28<0:14 - loss: 8.7857 
378/567 [===================>..........] - ETA: 0:28<0:14 - loss: 8.7839 
379/567 [===================>..........] - ETA: 0:28<0:14 - loss: 8.7808 
380/567 [===================>..........] - ETA: 0:28<0:13 - loss: 8.7819 
381/567 [===================>..........] - ETA: 0:28<0:13 - loss: 8.7834 
382/567 [===================>..........] - ETA: 0:28<0:13 - loss: 8.7847 
383/567 [===================>..........] - ETA: 0:28<0:13 - loss: 8.7847 
384/567 [===================>..........] - ETA: 0:28<0:13 - loss: 8.7860 
385/567 [===================>..........] - ETA: 0:28<0:13 - loss: 8.7836 
386/567 [===================>..........] - ETA: 0:28<0:13 - loss: 8.7796 
387/567 [===================>..........] - ETA: 0:28<0:13 - loss: 8.7783 
388/567 [===================>..........] - ETA: 0:28<0:13 - loss: 8.7774 
389/567 [===================>..........] - ETA: 0:29<0:13 - loss: 8.7779 
390/567 [===================>..........] - ETA: 0:29<0:13 - loss: 8.7752 
391/567 [===================>..........] - ETA: 0:29<0:13 - loss: 8.7752 
392/567 [===================>..........] - ETA: 0:29<0:13 - loss: 8.7747 
393/567 [===================>..........] - ETA: 0:29<0:12 - loss: 8.7691 
394/567 [===================>..........] - ETA: 0:29<0:12 - loss: 8.7651 
395/567 [===================>..........] - ETA: 0:29<0:12 - loss: 8.7645 
396/567 [===================>..........] - ETA: 0:29<0:12 - loss: 8.7613 
397/567 [====================>.........] - ETA: 0:29<0:12 - loss: 8.7574 
398/567 [====================>.........] - ETA: 0:29<0:12 - loss: 8.7505 
399/567 [====================>.........] - ETA: 0:29<0:12 - loss: 8.7536 
400/567 [====================>.........] - ETA: 0:29<0:12 - loss: 8.7472 
401/567 [====================>.........] - ETA: 0:29<0:12 - loss: 8.7468 
402/567 [====================>.........] - ETA: 0:30<0:12 - loss: 8.7425 
403/567 [====================>.........] - ETA: 0:30<0:12 - loss: 8.7441 
404/567 [====================>.........] - ETA: 0:30<0:12 - loss: 8.7428 
405/567 [====================>.........] - ETA: 0:30<0:12 - loss: 8.7419 
406/567 [====================>.........] - ETA: 0:30<0:12 - loss: 8.7378 
407/567 [====================>.........] - ETA: 0:30<0:11 - loss: 8.7390 
408/567 [====================>.........] - ETA: 0:30<0:11 - loss: 8.7370 
409/567 [====================>.........] - ETA: 0:30<0:11 - loss: 8.7432 
410/567 [====================>.........] - ETA: 0:30<0:11 - loss: 8.7433 
411/567 [====================>.........] - ETA: 0:30<0:11 - loss: 8.7400 
412/567 [====================>.........] - ETA: 0:30<0:11 - loss: 8.7354 
413/567 [====================>.........] - ETA: 0:30<0:11 - loss: 8.7347 
414/567 [====================>.........] - ETA: 0:30<0:11 - loss: 8.7366 
415/567 [====================>.........] - ETA: 0:30<0:11 - loss: 8.7371 
416/567 [=====================>........] - ETA: 0:31<0:11 - loss: 8.7345 
417/567 [=====================>........] - ETA: 0:31<0:11 - loss: 8.7324 
418/567 [=====================>........] - ETA: 0:31<0:11 - loss: 8.7350 
419/567 [=====================>........] - ETA: 0:31<0:11 - loss: 8.7363 
420/567 [=====================>........] - ETA: 0:31<0:10 - loss: 8.7380 
421/567 [=====================>........] - ETA: 0:31<0:10 - loss: 8.7433 
422/567 [=====================>........] - ETA: 0:31<0:10 - loss: 8.7441 
423/567 [=====================>........] - ETA: 0:31<0:10 - loss: 8.7433 
424/567 [=====================>........] - ETA: 0:31<0:10 - loss: 8.7283 
425/567 [=====================>........] - ETA: 0:31<0:10 - loss: 8.7090 
426/567 [=====================>........] - ETA: 0:31<0:10 - loss: 8.6872 
427/567 [=====================>........] - ETA: 0:31<0:10 - loss: 8.6646 
428/567 [=====================>........] - ETA: 0:31<0:10 - loss: 8.6449 
429/567 [=====================>........] - ETA: 0:32<0:10 - loss: 8.6391 
430/567 [=====================>........] - ETA: 0:32<0:10 - loss: 8.6325 
431/567 [=====================>........] - ETA: 0:32<0:10 - loss: 8.6222 
432/567 [=====================>........] - ETA: 0:32<0:10 - loss: 8.6141 
433/567 [=====================>........] - ETA: 0:32<0:10 - loss: 8.6038 
434/567 [=====================>........] - ETA: 0:32<0:09 - loss: 8.5980 
435/567 [======================>.......] - ETA: 0:32<0:09 - loss: 8.5943 
436/567 [======================>.......] - ETA: 0:32<0:09 - loss: 8.5886 
437/567 [======================>.......] - ETA: 0:32<0:09 - loss: 8.5838 
438/567 [======================>.......] - ETA: 0:32<0:09 - loss: 8.5794 
439/567 [======================>.......] - ETA: 0:32<0:09 - loss: 8.5823 
440/567 [======================>.......] - ETA: 0:32<0:09 - loss: 8.5783 
441/567 [======================>.......] - ETA: 0:32<0:09 - loss: 8.5772 
442/567 [======================>.......] - ETA: 0:32<0:09 - loss: 8.5763 
443/567 [======================>.......] - ETA: 0:33<0:09 - loss: 8.5696 
444/567 [======================>.......] - ETA: 0:33<0:09 - loss: 8.5663 
445/567 [======================>.......] - ETA: 0:33<0:09 - loss: 8.5632 
446/567 [======================>.......] - ETA: 0:33<0:09 - loss: 8.5602 
447/567 [======================>.......] - ETA: 0:33<0:08 - loss: 8.5610 
448/567 [======================>.......] - ETA: 0:33<0:08 - loss: 8.5555 
449/567 [======================>.......] - ETA: 0:33<0:08 - loss: 8.5533 
450/567 [======================>.......] - ETA: 0:33<0:08 - loss: 8.5478 
451/567 [======================>.......] - ETA: 0:33<0:08 - loss: 8.5401 
452/567 [======================>.......] - ETA: 0:33<0:08 - loss: 8.5376 
453/567 [======================>.......] - ETA: 0:33<0:08 - loss: 8.5316 
454/567 [=======================>......] - ETA: 0:33<0:08 - loss: 8.5310 
455/567 [=======================>......] - ETA: 0:33<0:08 - loss: 8.5288 
456/567 [=======================>......] - ETA: 0:34<0:08 - loss: 8.5285 
457/567 [=======================>......] - ETA: 0:34<0:08 - loss: 8.5284 
458/567 [=======================>......] - ETA: 0:34<0:08 - loss: 8.5240 
459/567 [=======================>......] - ETA: 0:34<0:08 - loss: 8.5217 
460/567 [=======================>......] - ETA: 0:34<0:07 - loss: 8.5165 
461/567 [=======================>......] - ETA: 0:34<0:07 - loss: 8.5148 
462/567 [=======================>......] - ETA: 0:34<0:07 - loss: 8.5128 
463/567 [=======================>......] - ETA: 0:34<0:07 - loss: 8.5139 
464/567 [=======================>......] - ETA: 0:34<0:07 - loss: 8.5124 
465/567 [=======================>......] - ETA: 0:34<0:07 - loss: 8.5103 
466/567 [=======================>......] - ETA: 0:34<0:07 - loss: 8.5065 
467/567 [=======================>......] - ETA: 0:34<0:07 - loss: 8.5003 
468/567 [=======================>......] - ETA: 0:34<0:07 - loss: 8.4989 
469/567 [=======================>......] - ETA: 0:35<0:07 - loss: 8.4945 
470/567 [=======================>......] - ETA: 0:35<0:07 - loss: 8.4941 
471/567 [=======================>......] - ETA: 0:35<0:07 - loss: 8.4922 
472/567 [=======================>......] - ETA: 0:35<0:07 - loss: 8.4870 
473/567 [========================>.....] - ETA: 0:35<0:07 - loss: 8.4863 
474/567 [========================>.....] - ETA: 0:35<0:06 - loss: 8.4923 
475/567 [========================>.....] - ETA: 0:35<0:06 - loss: 8.4930 
476/567 [========================>.....] - ETA: 0:35<0:06 - loss: 8.4893 
477/567 [========================>.....] - ETA: 0:35<0:06 - loss: 8.4855 
478/567 [========================>.....] - ETA: 0:35<0:06 - loss: 8.4789 
479/567 [========================>.....] - ETA: 0:35<0:06 - loss: 8.4806 
480/567 [========================>.....] - ETA: 0:35<0:06 - loss: 8.4757 
481/567 [========================>.....] - ETA: 0:35<0:06 - loss: 8.4718 
482/567 [========================>.....] - ETA: 0:36<0:06 - loss: 8.4684 
483/567 [========================>.....] - ETA: 0:36<0:06 - loss: 8.4707 
484/567 [========================>.....] - ETA: 0:36<0:06 - loss: 8.4697 
485/567 [========================>.....] - ETA: 0:36<0:06 - loss: 8.4709 
486/567 [========================>.....] - ETA: 0:36<0:06 - loss: 8.4759 
487/567 [========================>.....] - ETA: 0:36<0:05 - loss: 8.4735 
488/567 [========================>.....] - ETA: 0:36<0:05 - loss: 8.4725 
489/567 [========================>.....] - ETA: 0:36<0:05 - loss: 8.4644 
490/567 [========================>.....] - ETA: 0:36<0:05 - loss: 8.4622 
491/567 [========================>.....] - ETA: 0:36<0:05 - loss: 8.4570 
492/567 [=========================>....] - ETA: 0:36<0:05 - loss: 8.4548 
493/567 [=========================>....] - ETA: 0:36<0:05 - loss: 8.4558 
494/567 [=========================>....] - ETA: 0:36<0:05 - loss: 8.4554 
495/567 [=========================>....] - ETA: 0:37<0:05 - loss: 8.4528 
496/567 [=========================>....] - ETA: 0:37<0:05 - loss: 8.4524 
497/567 [=========================>....] - ETA: 0:37<0:05 - loss: 8.4489 
498/567 [=========================>....] - ETA: 0:37<0:05 - loss: 8.4535 
499/567 [=========================>....] - ETA: 0:37<0:05 - loss: 8.4496 
500/567 [=========================>....] - ETA: 0:37<0:05 - loss: 8.4511 
501/567 [=========================>....] - ETA: 0:37<0:04 - loss: 8.4525 
502/567 [=========================>....] - ETA: 0:37<0:04 - loss: 8.4511 
503/567 [=========================>....] - ETA: 0:37<0:04 - loss: 8.4453 
504/567 [=========================>....] - ETA: 0:37<0:04 - loss: 8.4383 
505/567 [=========================>....] - ETA: 0:37<0:04 - loss: 8.4349 
506/567 [=========================>....] - ETA: 0:37<0:04 - loss: 8.4345 
507/567 [=========================>....] - ETA: 0:37<0:04 - loss: 8.4294 
508/567 [=========================>....] - ETA: 0:37<0:04 - loss: 8.4267 
509/567 [=========================>....] - ETA: 0:38<0:04 - loss: 8.4213 
510/567 [=========================>....] - ETA: 0:38<0:04 - loss: 8.4216 
511/567 [==========================>...] - ETA: 0:38<0:04 - loss: 8.4243 
512/567 [==========================>...] - ETA: 0:38<0:04 - loss: 8.4202 
513/567 [==========================>...] - ETA: 0:38<0:04 - loss: 8.4190 
514/567 [==========================>...] - ETA: 0:38<0:03 - loss: 8.4142 
515/567 [==========================>...] - ETA: 0:38<0:03 - loss: 8.4119 
516/567 [==========================>...] - ETA: 0:38<0:03 - loss: 8.4128 
517/567 [==========================>...] - ETA: 0:38<0:03 - loss: 8.4118 
518/567 [==========================>...] - ETA: 0:38<0:03 - loss: 8.4069 
519/567 [==========================>...] - ETA: 0:38<0:03 - loss: 8.3986 
520/567 [==========================>...] - ETA: 0:38<0:03 - loss: 8.3939 
521/567 [==========================>...] - ETA: 0:38<0:03 - loss: 8.3894 
522/567 [==========================>...] - ETA: 0:39<0:03 - loss: 8.3848 
523/567 [==========================>...] - ETA: 0:39<0:03 - loss: 8.3820 
524/567 [==========================>...] - ETA: 0:39<0:03 - loss: 8.3853 
525/567 [==========================>...] - ETA: 0:39<0:03 - loss: 8.3834 
526/567 [==========================>...] - ETA: 0:39<0:03 - loss: 8.3819 
527/567 [==========================>...] - ETA: 0:39<0:02 - loss: 8.3773 
528/567 [==========================>...] - ETA: 0:39<0:02 - loss: 8.3760 
529/567 [==========================>...] - ETA: 0:39<0:02 - loss: 8.3721 
530/567 [===========================>..] - ETA: 0:39<0:02 - loss: 8.3705 
531/567 [===========================>..] - ETA: 0:39<0:02 - loss: 8.3672 
532/567 [===========================>..] - ETA: 0:39<0:02 - loss: 8.3656 
533/567 [===========================>..] - ETA: 0:39<0:02 - loss: 8.3666 
534/567 [===========================>..] - ETA: 0:39<0:02 - loss: 8.3635 
535/567 [===========================>..] - ETA: 0:40<0:02 - loss: 8.3602 
536/567 [===========================>..] - ETA: 0:40<0:02 - loss: 8.3567 
537/567 [===========================>..] - ETA: 0:40<0:02 - loss: 8.3574 
538/567 [===========================>..] - ETA: 0:40<0:02 - loss: 8.3574 
539/567 [===========================>..] - ETA: 0:40<0:02 - loss: 8.3502 
540/567 [===========================>..] - ETA: 0:40<0:02 - loss: 8.3486 
541/567 [===========================>..] - ETA: 0:40<0:01 - loss: 8.3474 
542/567 [===========================>..] - ETA: 0:40<0:01 - loss: 8.3419 
543/567 [===========================>..] - ETA: 0:40<0:01 - loss: 8.3411 
544/567 [===========================>..] - ETA: 0:40<0:01 - loss: 8.3423 
545/567 [===========================>..] - ETA: 0:40<0:01 - loss: 8.3434 
546/567 [===========================>..] - ETA: 0:40<0:01 - loss: 8.3442 
547/567 [===========================>..] - ETA: 0:40<0:01 - loss: 8.3386 
548/567 [===========================>..] - ETA: 0:41<0:01 - loss: 8.3339 
549/567 [============================>.] - ETA: 0:41<0:01 - loss: 8.3335 
550/567 [============================>.] - ETA: 0:41<0:01 - loss: 8.3384 
551/567 [============================>.] - ETA: 0:41<0:01 - loss: 8.3407 
552/567 [============================>.] - ETA: 0:41<0:01 - loss: 8.3406 
553/567 [============================>.] - ETA: 0:41<0:01 - loss: 8.3464 
554/567 [============================>.] - ETA: 0:41<0:00 - loss: 8.3465 
555/567 [============================>.] - ETA: 0:41<0:00 - loss: 8.3413 
556/567 [============================>.] - ETA: 0:41<0:00 - loss: 8.3394 
557/567 [============================>.] - ETA: 0:41<0:00 - loss: 8.3431 
558/567 [============================>.] - ETA: 0:41<0:00 - loss: 8.3399 
559/567 [============================>.] - ETA: 0:41<0:00 - loss: 8.3408 
560/567 [============================>.] - ETA: 0:41<0:00 - loss: 8.3426 
561/567 [============================>.] - ETA: 0:41<0:00 - loss: 8.3425 
562/567 [============================>.] - ETA: 0:42<0:00 - loss: 8.3402 
563/567 [============================>.] - ETA: 0:42<0:00 - loss: 8.3341 
564/567 [============================>.] - ETA: 0:42<0:00 - loss: 8.3336 
565/567 [============================>.] - ETA: 0:42<0:00 - loss: 8.3322 
566/567 [============================>.] - ETA: 0:42<0:00 - loss: 8.3293 
567/567 [==============================] - 0:42 75ms/step - loss: 8.3326 
2024-07-06 23:18:52 - Finish Epoch: 2/20 - loss: 8.7620
日晃百花色    花花还还还
  0%|                                                                                                                                                    | 0/4 [00:00<?, ?it/s] 50%|██████████████████████████████████████████████████████████████████████                                                                      | 2/4 [00:00<00:00, 17.36it/s]100%|████████████████████████████████████████████████████████████████████████████████████████████████████████████████████████████████████████████| 4/4 [00:00<00:00, 17.36it/s]100%|████████████████████████████████████████████████████████████████████████████████████████████████████████████████████████████████████████████| 4/4 [00:00<00:00, 17.34it/s]
  0%|                                                                                                                                                    | 0/4 [00:00<?, ?it/s] 50%|██████████████████████████████████████████████████████████████████████                                                                      | 2/4 [00:00<00:00, 17.43it/s]100%|████████████████████████████████████████████████████████████████████████████████████████████████████████████████████████████████████████████| 4/4 [00:00<00:00, 17.42it/s]100%|████████████████████████████████████████████████████████████████████████████████████████████████████████████████████████████████████████████| 4/4 [00:00<00:00, 17.41it/s]
valid_data: {'rouge-1': 0.08333333263888891, 'rouge-2': 0.0, 'rouge-l': 0.08333333263888891, 'bleu': 0.013432124147794272, 'best_bleu': 0.013432124147794272}
test_data: {'rouge-1': 0.08333333263888891, 'rouge-2': 0.0, 'rouge-l': 0.08333333263888891, 'bleu': 0.013432124147794272}

2024-07-06 23:18:53 - Start  Epoch: 3/20

  1/567 [..............................] - ETA: 0:00<0:45 - loss: 8.3318 
  2/567 [..............................] - ETA: 0:00<0:44 - loss: 8.3286 
  3/567 [..............................] - ETA: 0:00<0:44 - loss: 8.3250 
  4/567 [..............................] - ETA: 0:00<0:43 - loss: 8.3215 
  5/567 [..............................] - ETA: 0:00<0:43 - loss: 8.3208 
  6/567 [..............................] - ETA: 0:00<0:43 - loss: 8.3183 
  7/567 [..............................] - ETA: 0:00<0:43 - loss: 8.3145 
  8/567 [..............................] - ETA: 0:00<0:43 - loss: 8.3122 
  9/567 [..............................] - ETA: 0:00<0:43 - loss: 8.3119 
 10/567 [..............................] - ETA: 0:00<0:43 - loss: 8.3083 
 11/567 [..............................] - ETA: 0:00<0:42 - loss: 8.3074 
 12/567 [..............................] - ETA: 0:00<0:42 - loss: 8.3102 
 13/567 [..............................] - ETA: 0:01<0:42 - loss: 8.3078 
 14/567 [..............................] - ETA: 0:01<0:42 - loss: 8.3083 
 15/567 [..............................] - ETA: 0:01<0:42 - loss: 8.3096 
 16/567 [..............................] - ETA: 0:01<0:42 - loss: 8.3061 
 17/567 [..............................] - ETA: 0:01<0:42 - loss: 8.3010 
 18/567 [..............................] - ETA: 0:01<0:42 - loss: 8.2992 
 19/567 [>.............................] - ETA: 0:01<0:41 - loss: 8.2929 
 20/567 [>.............................] - ETA: 0:01<0:41 - loss: 8.2896 
 21/567 [>.............................] - ETA: 0:01<0:41 - loss: 8.2839 
 22/567 [>.............................] - ETA: 0:01<0:41 - loss: 8.2866 
 23/567 [>.............................] - ETA: 0:01<0:41 - loss: 8.2891 
 24/567 [>.............................] - ETA: 0:01<0:41 - loss: 8.2907 
 25/567 [>.............................] - ETA: 0:01<0:41 - loss: 8.2886 
 26/567 [>.............................] - ETA: 0:01<0:41 - loss: 8.2861 
 27/567 [>.............................] - ETA: 0:02<0:41 - loss: 8.2855 
 28/567 [>.............................] - ETA: 0:02<0:41 - loss: 8.2821 
 29/567 [>.............................] - ETA: 0:02<0:41 - loss: 8.2803 
 30/567 [>.............................] - ETA: 0:02<0:40 - loss: 8.2870 
 31/567 [>.............................] - ETA: 0:02<0:40 - loss: 8.2817 
 32/567 [>.............................] - ETA: 0:02<0:40 - loss: 8.2781 
 33/567 [>.............................] - ETA: 0:02<0:40 - loss: 8.2761 
 34/567 [>.............................] - ETA: 0:02<0:40 - loss: 8.2724 
 35/567 [>.............................] - ETA: 0:02<0:40 - loss: 8.2691 
 36/567 [>.............................] - ETA: 0:02<0:40 - loss: 8.2684 
 37/567 [>.............................] - ETA: 0:02<0:40 - loss: 8.2687 
 38/567 [=>............................] - ETA: 0:02<0:40 - loss: 8.2682 
 39/567 [=>............................] - ETA: 0:02<0:40 - loss: 8.2670 
 40/567 [=>............................] - ETA: 0:03<0:40 - loss: 8.2659 
 41/567 [=>............................] - ETA: 0:03<0:40 - loss: 8.2679 
 42/567 [=>............................] - ETA: 0:03<0:39 - loss: 8.2647 
 43/567 [=>............................] - ETA: 0:03<0:39 - loss: 8.2564 
 44/567 [=>............................] - ETA: 0:03<0:39 - loss: 8.2545 
 45/567 [=>............................] - ETA: 0:03<0:39 - loss: 8.2548 
 46/567 [=>............................] - ETA: 0:03<0:39 - loss: 8.2526 
 47/567 [=>............................] - ETA: 0:03<0:39 - loss: 8.2516 
 48/567 [=>............................] - ETA: 0:03<0:39 - loss: 8.2496 
 49/567 [=>............................] - ETA: 0:03<0:39 - loss: 8.2465 
 50/567 [=>............................] - ETA: 0:03<0:39 - loss: 8.2491 
 51/567 [=>............................] - ETA: 0:03<0:39 - loss: 8.2483 
 52/567 [=>............................] - ETA: 0:03<0:39 - loss: 8.2506 
 53/567 [=>............................] - ETA: 0:04<0:39 - loss: 8.2518 
 54/567 [=>............................] - ETA: 0:04<0:39 - loss: 8.2480 
 55/567 [=>............................] - ETA: 0:04<0:38 - loss: 8.2452 
 56/567 [=>............................] - ETA: 0:04<0:38 - loss: 8.2419 
 57/567 [==>...........................] - ETA: 0:04<0:38 - loss: 8.2335 
 58/567 [==>...........................] - ETA: 0:04<0:38 - loss: 8.2337 
 59/567 [==>...........................] - ETA: 0:04<0:38 - loss: 8.2310 
 60/567 [==>...........................] - ETA: 0:04<0:38 - loss: 8.2310 
 61/567 [==>...........................] - ETA: 0:04<0:38 - loss: 8.2311 
 62/567 [==>...........................] - ETA: 0:04<0:38 - loss: 8.2371 
 63/567 [==>...........................] - ETA: 0:04<0:38 - loss: 8.2342 
 64/567 [==>...........................] - ETA: 0:04<0:38 - loss: 8.2328 
 65/567 [==>...........................] - ETA: 0:04<0:38 - loss: 8.2303 
 66/567 [==>...........................] - ETA: 0:05<0:38 - loss: 8.2238 
 67/567 [==>...........................] - ETA: 0:05<0:38 - loss: 8.2226 
 68/567 [==>...........................] - ETA: 0:05<0:37 - loss: 8.2178 
 69/567 [==>...........................] - ETA: 0:05<0:37 - loss: 8.2171 
 70/567 [==>...........................] - ETA: 0:05<0:37 - loss: 8.2119 
 71/567 [==>...........................] - ETA: 0:05<0:37 - loss: 8.2096 
 72/567 [==>...........................] - ETA: 0:05<0:37 - loss: 8.2079 
 73/567 [==>...........................] - ETA: 0:05<0:37 - loss: 8.2094 
 74/567 [==>...........................] - ETA: 0:05<0:37 - loss: 8.2075 
 75/567 [==>...........................] - ETA: 0:05<0:37 - loss: 8.2059 
 76/567 [===>..........................] - ETA: 0:05<0:37 - loss: 8.2059 
 77/567 [===>..........................] - ETA: 0:05<0:37 - loss: 8.2033 
 78/567 [===>..........................] - ETA: 0:05<0:37 - loss: 8.1993 
 79/567 [===>..........................] - ETA: 0:06<0:37 - loss: 8.1968 
 80/567 [===>..........................] - ETA: 0:06<0:37 - loss: 8.1953 
 81/567 [===>..........................] - ETA: 0:06<0:37 - loss: 8.1975 
 82/567 [===>..........................] - ETA: 0:06<0:37 - loss: 8.1904 
 83/567 [===>..........................] - ETA: 0:06<0:37 - loss: 8.1869 
 84/567 [===>..........................] - ETA: 0:06<0:36 - loss: 8.1865 
 85/567 [===>..........................] - ETA: 0:06<0:36 - loss: 8.1812 
 86/567 [===>..........................] - ETA: 0:06<0:36 - loss: 8.1754 
 87/567 [===>..........................] - ETA: 0:06<0:36 - loss: 8.1717 
 88/567 [===>..........................] - ETA: 0:06<0:36 - loss: 8.1763 
 89/567 [===>..........................] - ETA: 0:06<0:36 - loss: 8.1742 
 90/567 [===>..........................] - ETA: 0:06<0:36 - loss: 8.1713 
 91/567 [===>..........................] - ETA: 0:06<0:36 - loss: 8.1739 
 92/567 [===>..........................] - ETA: 0:07<0:36 - loss: 8.1750 
 93/567 [===>..........................] - ETA: 0:07<0:36 - loss: 8.1730 
 94/567 [===>..........................] - ETA: 0:07<0:36 - loss: 8.1713 
 95/567 [====>.........................] - ETA: 0:07<0:36 - loss: 8.1661 
 96/567 [====>.........................] - ETA: 0:07<0:35 - loss: 8.1634 
 97/567 [====>.........................] - ETA: 0:07<0:35 - loss: 8.1644 
 98/567 [====>.........................] - ETA: 0:07<0:35 - loss: 8.1606 
 99/567 [====>.........................] - ETA: 0:07<0:35 - loss: 8.1642 
100/567 [====>.........................] - ETA: 0:07<0:35 - loss: 8.1609 
101/567 [====>.........................] - ETA: 0:07<0:35 - loss: 8.1579 
102/567 [====>.........................] - ETA: 0:07<0:35 - loss: 8.1539 
103/567 [====>.........................] - ETA: 0:07<0:35 - loss: 8.1505 
104/567 [====>.........................] - ETA: 0:07<0:35 - loss: 8.1468 
105/567 [====>.........................] - ETA: 0:08<0:35 - loss: 8.1453 
106/567 [====>.........................] - ETA: 0:08<0:35 - loss: 8.1449 
107/567 [====>.........................] - ETA: 0:08<0:35 - loss: 8.1448 
108/567 [====>.........................] - ETA: 0:08<0:34 - loss: 8.1482 
109/567 [====>.........................] - ETA: 0:08<0:34 - loss: 8.1461 
110/567 [====>.........................] - ETA: 0:08<0:34 - loss: 8.1443 
111/567 [====>.........................] - ETA: 0:08<0:34 - loss: 8.1465 
112/567 [====>.........................] - ETA: 0:08<0:34 - loss: 8.1366 
113/567 [====>.........................] - ETA: 0:08<0:34 - loss: 8.1334 
114/567 [=====>........................] - ETA: 0:08<0:34 - loss: 8.1311 
115/567 [=====>........................] - ETA: 0:08<0:34 - loss: 8.1231 
116/567 [=====>........................] - ETA: 0:08<0:34 - loss: 8.1222 
117/567 [=====>........................] - ETA: 0:08<0:34 - loss: 8.1230 
118/567 [=====>........................] - ETA: 0:08<0:34 - loss: 8.1251 
119/567 [=====>........................] - ETA: 0:09<0:34 - loss: 8.1243 
120/567 [=====>........................] - ETA: 0:09<0:34 - loss: 8.1273 
121/567 [=====>........................] - ETA: 0:09<0:33 - loss: 8.1288 
122/567 [=====>........................] - ETA: 0:09<0:33 - loss: 8.1263 
123/567 [=====>........................] - ETA: 0:09<0:33 - loss: 8.1221 
124/567 [=====>........................] - ETA: 0:09<0:33 - loss: 8.1206 
125/567 [=====>........................] - ETA: 0:09<0:33 - loss: 8.1206 
126/567 [=====>........................] - ETA: 0:09<0:33 - loss: 8.1207 
127/567 [=====>........................] - ETA: 0:09<0:33 - loss: 8.1158 
128/567 [=====>........................] - ETA: 0:09<0:33 - loss: 8.1109 
129/567 [=====>........................] - ETA: 0:09<0:33 - loss: 8.1073 
130/567 [=====>........................] - ETA: 0:09<0:33 - loss: 8.0997 
131/567 [=====>........................] - ETA: 0:09<0:33 - loss: 8.1007 
132/567 [=====>........................] - ETA: 0:10<0:33 - loss: 8.1018 
133/567 [======>.......................] - ETA: 0:10<0:33 - loss: 8.1009 
134/567 [======>.......................] - ETA: 0:10<0:32 - loss: 8.1003 
135/567 [======>.......................] - ETA: 0:10<0:32 - loss: 8.1014 
136/567 [======>.......................] - ETA: 0:10<0:32 - loss: 8.1003 
137/567 [======>.......................] - ETA: 0:10<0:32 - loss: 8.0983 
138/567 [======>.......................] - ETA: 0:10<0:32 - loss: 8.0959 
139/567 [======>.......................] - ETA: 0:10<0:32 - loss: 8.0908 
140/567 [======>.......................] - ETA: 0:10<0:32 - loss: 8.0910 
141/567 [======>.......................] - ETA: 0:10<0:32 - loss: 8.0891 
142/567 [======>.......................] - ETA: 0:10<0:32 - loss: 8.0877 
143/567 [======>.......................] - ETA: 0:10<0:32 - loss: 8.0908 
144/567 [======>.......................] - ETA: 0:10<0:32 - loss: 8.0878 
145/567 [======>.......................] - ETA: 0:11<0:32 - loss: 8.0909 
146/567 [======>.......................] - ETA: 0:11<0:32 - loss: 8.0918 
147/567 [======>.......................] - ETA: 0:11<0:31 - loss: 8.0902 
148/567 [======>.......................] - ETA: 0:11<0:31 - loss: 8.0905 
149/567 [======>.......................] - ETA: 0:11<0:31 - loss: 8.0883 
150/567 [======>.......................] - ETA: 0:11<0:31 - loss: 8.0869 
151/567 [======>.......................] - ETA: 0:11<0:31 - loss: 8.0873 
152/567 [=======>......................] - ETA: 0:11<0:31 - loss: 8.0882 
153/567 [=======>......................] - ETA: 0:11<0:31 - loss: 8.0830 
154/567 [=======>......................] - ETA: 0:11<0:31 - loss: 8.0846 
155/567 [=======>......................] - ETA: 0:11<0:31 - loss: 8.0886 
156/567 [=======>......................] - ETA: 0:11<0:31 - loss: 8.0894 
157/567 [=======>......................] - ETA: 0:11<0:31 - loss: 8.0937 
158/567 [=======>......................] - ETA: 0:12<0:31 - loss: 8.0903 
159/567 [=======>......................] - ETA: 0:12<0:31 - loss: 8.0870 
160/567 [=======>......................] - ETA: 0:12<0:30 - loss: 8.0835 
161/567 [=======>......................] - ETA: 0:12<0:30 - loss: 8.0836 
162/567 [=======>......................] - ETA: 0:12<0:30 - loss: 8.0792 
163/567 [=======>......................] - ETA: 0:12<0:30 - loss: 8.0763 
164/567 [=======>......................] - ETA: 0:12<0:30 - loss: 8.0760 
165/567 [=======>......................] - ETA: 0:12<0:30 - loss: 8.0766 
166/567 [=======>......................] - ETA: 0:12<0:30 - loss: 8.0798 
167/567 [=======>......................] - ETA: 0:12<0:30 - loss: 8.0784 
168/567 [=======>......................] - ETA: 0:12<0:30 - loss: 8.0783 
169/567 [=======>......................] - ETA: 0:12<0:30 - loss: 8.0764 
170/567 [=======>......................] - ETA: 0:12<0:30 - loss: 8.0759 
171/567 [========>.....................] - ETA: 0:12<0:30 - loss: 8.0769 
172/567 [========>.....................] - ETA: 0:13<0:30 - loss: 8.0816 
173/567 [========>.....................] - ETA: 0:13<0:29 - loss: 8.0747 
174/567 [========>.....................] - ETA: 0:13<0:29 - loss: 8.0711 
175/567 [========>.....................] - ETA: 0:13<0:29 - loss: 8.0736 
176/567 [========>.....................] - ETA: 0:13<0:29 - loss: 8.0725 
177/567 [========>.....................] - ETA: 0:13<0:29 - loss: 8.0699 
178/567 [========>.....................] - ETA: 0:13<0:29 - loss: 8.0703 
179/567 [========>.....................] - ETA: 0:13<0:29 - loss: 8.0694 
180/567 [========>.....................] - ETA: 0:13<0:29 - loss: 8.0704 
181/567 [========>.....................] - ETA: 0:13<0:29 - loss: 8.0684 
182/567 [========>.....................] - ETA: 0:13<0:29 - loss: 8.0683 
183/567 [========>.....................] - ETA: 0:13<0:29 - loss: 8.0665 
184/567 [========>.....................] - ETA: 0:13<0:29 - loss: 8.0625 
185/567 [========>.....................] - ETA: 0:14<0:29 - loss: 8.0618 
186/567 [========>.....................] - ETA: 0:14<0:28 - loss: 8.0613 
187/567 [========>.....................] - ETA: 0:14<0:28 - loss: 8.0569 
188/567 [========>.....................] - ETA: 0:14<0:28 - loss: 8.0481 
189/567 [=========>....................] - ETA: 0:14<0:28 - loss: 8.0508 
190/567 [=========>....................] - ETA: 0:14<0:28 - loss: 8.0469 
191/567 [=========>....................] - ETA: 0:14<0:28 - loss: 8.0464 
192/567 [=========>....................] - ETA: 0:14<0:28 - loss: 8.0420 
193/567 [=========>....................] - ETA: 0:14<0:28 - loss: 8.0399 
194/567 [=========>....................] - ETA: 0:14<0:28 - loss: 8.0379 
195/567 [=========>....................] - ETA: 0:14<0:28 - loss: 8.0412 
196/567 [=========>....................] - ETA: 0:14<0:28 - loss: 8.0435 
197/567 [=========>....................] - ETA: 0:14<0:28 - loss: 8.0389 
198/567 [=========>....................] - ETA: 0:15<0:28 - loss: 8.0371 
199/567 [=========>....................] - ETA: 0:15<0:27 - loss: 8.0342 
200/567 [=========>....................] - ETA: 0:15<0:27 - loss: 8.0331 
201/567 [=========>....................] - ETA: 0:15<0:27 - loss: 8.0315 
202/567 [=========>....................] - ETA: 0:15<0:27 - loss: 8.0346 
203/567 [=========>....................] - ETA: 0:15<0:27 - loss: 8.0377 
204/567 [=========>....................] - ETA: 0:15<0:27 - loss: 8.0438 
205/567 [=========>....................] - ETA: 0:15<0:27 - loss: 8.0448 
206/567 [=========>....................] - ETA: 0:15<0:27 - loss: 8.0461 
207/567 [=========>....................] - ETA: 0:15<0:27 - loss: 8.0399 
208/567 [==========>...................] - ETA: 0:15<0:27 - loss: 8.0352 
209/567 [==========>...................] - ETA: 0:15<0:27 - loss: 8.0339 
210/567 [==========>...................] - ETA: 0:15<0:27 - loss: 8.0325 
211/567 [==========>...................] - ETA: 0:16<0:27 - loss: 8.0314 
212/567 [==========>...................] - ETA: 0:16<0:26 - loss: 8.0388 
213/567 [==========>...................] - ETA: 0:16<0:26 - loss: 8.0412 
214/567 [==========>...................] - ETA: 0:16<0:26 - loss: 8.0413 
215/567 [==========>...................] - ETA: 0:16<0:26 - loss: 8.0455 
216/567 [==========>...................] - ETA: 0:16<0:26 - loss: 8.0446 
217/567 [==========>...................] - ETA: 0:16<0:26 - loss: 8.0413 
218/567 [==========>...................] - ETA: 0:16<0:26 - loss: 8.0347 
219/567 [==========>...................] - ETA: 0:16<0:26 - loss: 8.0353 
220/567 [==========>...................] - ETA: 0:16<0:26 - loss: 8.0323 
221/567 [==========>...................] - ETA: 0:16<0:26 - loss: 8.0285 
222/567 [==========>...................] - ETA: 0:16<0:26 - loss: 8.0268 
223/567 [==========>...................] - ETA: 0:16<0:26 - loss: 8.0246 
224/567 [==========>...................] - ETA: 0:17<0:26 - loss: 8.0251 
225/567 [==========>...................] - ETA: 0:17<0:25 - loss: 8.0237 
226/567 [==========>...................] - ETA: 0:17<0:25 - loss: 8.0229 
227/567 [===========>..................] - ETA: 0:17<0:25 - loss: 8.0235 
228/567 [===========>..................] - ETA: 0:17<0:25 - loss: 8.0279 
229/567 [===========>..................] - ETA: 0:17<0:25 - loss: 8.0262 
230/567 [===========>..................] - ETA: 0:17<0:25 - loss: 8.0273 
231/567 [===========>..................] - ETA: 0:17<0:25 - loss: 8.0228 
232/567 [===========>..................] - ETA: 0:17<0:25 - loss: 8.0210 
233/567 [===========>..................] - ETA: 0:17<0:25 - loss: 8.0197 
234/567 [===========>..................] - ETA: 0:17<0:25 - loss: 8.0156 
235/567 [===========>..................] - ETA: 0:17<0:25 - loss: 8.0163 
236/567 [===========>..................] - ETA: 0:17<0:25 - loss: 8.0211 
237/567 [===========>..................] - ETA: 0:17<0:25 - loss: 8.0195 
238/567 [===========>..................] - ETA: 0:18<0:24 - loss: 8.0190 
239/567 [===========>..................] - ETA: 0:18<0:24 - loss: 8.0247 
240/567 [===========>..................] - ETA: 0:18<0:24 - loss: 8.0249 
241/567 [===========>..................] - ETA: 0:18<0:24 - loss: 8.0250 
242/567 [===========>..................] - ETA: 0:18<0:24 - loss: 8.0251 
243/567 [===========>..................] - ETA: 0:18<0:24 - loss: 8.0247 
244/567 [===========>..................] - ETA: 0:18<0:24 - loss: 8.0239 
245/567 [===========>..................] - ETA: 0:18<0:24 - loss: 8.0231 
246/567 [============>.................] - ETA: 0:18<0:24 - loss: 8.0176 
247/567 [============>.................] - ETA: 0:18<0:24 - loss: 8.0175 
248/567 [============>.................] - ETA: 0:18<0:24 - loss: 8.0173 
249/567 [============>.................] - ETA: 0:18<0:24 - loss: 8.0127 
250/567 [============>.................] - ETA: 0:18<0:24 - loss: 8.0085 
251/567 [============>.................] - ETA: 0:19<0:23 - loss: 8.0087 
252/567 [============>.................] - ETA: 0:19<0:23 - loss: 8.0093 
253/567 [============>.................] - ETA: 0:19<0:23 - loss: 8.0115 
254/567 [============>.................] - ETA: 0:19<0:23 - loss: 8.0103 
255/567 [============>.................] - ETA: 0:19<0:23 - loss: 8.0031 
256/567 [============>.................] - ETA: 0:19<0:23 - loss: 7.9999 
257/567 [============>.................] - ETA: 0:19<0:23 - loss: 7.9937 
258/567 [============>.................] - ETA: 0:19<0:23 - loss: 7.9909 
259/567 [============>.................] - ETA: 0:19<0:23 - loss: 7.9904 
260/567 [============>.................] - ETA: 0:19<0:23 - loss: 7.9921 
261/567 [============>.................] - ETA: 0:19<0:23 - loss: 7.9922 
262/567 [============>.................] - ETA: 0:19<0:23 - loss: 7.9882 
263/567 [============>.................] - ETA: 0:19<0:23 - loss: 7.9878 
264/567 [============>.................] - ETA: 0:20<0:22 - loss: 7.9860 
265/567 [=============>................] - ETA: 0:20<0:22 - loss: 7.9797 
266/567 [=============>................] - ETA: 0:20<0:22 - loss: 7.9822 
267/567 [=============>................] - ETA: 0:20<0:22 - loss: 7.9800 
268/567 [=============>................] - ETA: 0:20<0:22 - loss: 7.9789 
269/567 [=============>................] - ETA: 0:20<0:22 - loss: 7.9753 
270/567 [=============>................] - ETA: 0:20<0:22 - loss: 7.9768 
271/567 [=============>................] - ETA: 0:20<0:22 - loss: 7.9712 
272/567 [=============>................] - ETA: 0:20<0:22 - loss: 7.9639 
273/567 [=============>................] - ETA: 0:20<0:22 - loss: 7.9676 
274/567 [=============>................] - ETA: 0:20<0:22 - loss: 7.9686 
275/567 [=============>................] - ETA: 0:20<0:22 - loss: 7.9666 
276/567 [=============>................] - ETA: 0:20<0:22 - loss: 7.9626 
277/567 [=============>................] - ETA: 0:20<0:21 - loss: 7.9620 
278/567 [=============>................] - ETA: 0:21<0:21 - loss: 7.9571 
279/567 [=============>................] - ETA: 0:21<0:21 - loss: 7.9558 
280/567 [=============>................] - ETA: 0:21<0:21 - loss: 7.9535 
281/567 [=============>................] - ETA: 0:21<0:21 - loss: 7.9518 
282/567 [=============>................] - ETA: 0:21<0:21 - loss: 7.9504 
283/567 [=============>................] - ETA: 0:21<0:21 - loss: 7.9461 
284/567 [==============>...............] - ETA: 0:21<0:21 - loss: 7.9465 
285/567 [==============>...............] - ETA: 0:21<0:21 - loss: 7.9492 
286/567 [==============>...............] - ETA: 0:21<0:21 - loss: 7.9485 
287/567 [==============>...............] - ETA: 0:21<0:21 - loss: 7.9475 
288/567 [==============>...............] - ETA: 0:21<0:21 - loss: 7.9503 
289/567 [==============>...............] - ETA: 0:21<0:21 - loss: 7.9431 
290/567 [==============>...............] - ETA: 0:21<0:20 - loss: 7.9412 
291/567 [==============>...............] - ETA: 0:22<0:20 - loss: 7.9375 
292/567 [==============>...............] - ETA: 0:22<0:20 - loss: 7.9359 
293/567 [==============>...............] - ETA: 0:22<0:20 - loss: 7.9310 
294/567 [==============>...............] - ETA: 0:22<0:20 - loss: 7.9313 
295/567 [==============>...............] - ETA: 0:22<0:20 - loss: 7.9293 
296/567 [==============>...............] - ETA: 0:22<0:20 - loss: 7.9261 
297/567 [==============>...............] - ETA: 0:22<0:20 - loss: 7.9261 
298/567 [==============>...............] - ETA: 0:22<0:20 - loss: 7.9232 
299/567 [==============>...............] - ETA: 0:22<0:20 - loss: 7.9221 
300/567 [==============>...............] - ETA: 0:22<0:20 - loss: 7.9217 
301/567 [==============>...............] - ETA: 0:22<0:20 - loss: 7.9222 
302/567 [==============>...............] - ETA: 0:22<0:20 - loss: 7.9154 
303/567 [===============>..............] - ETA: 0:22<0:19 - loss: 7.9119 
304/567 [===============>..............] - ETA: 0:23<0:19 - loss: 7.9017 
305/567 [===============>..............] - ETA: 0:23<0:19 - loss: 7.8940 
306/567 [===============>..............] - ETA: 0:23<0:19 - loss: 7.8940 
307/567 [===============>..............] - ETA: 0:23<0:19 - loss: 7.8968 
308/567 [===============>..............] - ETA: 0:23<0:19 - loss: 7.8936 
309/567 [===============>..............] - ETA: 0:23<0:19 - loss: 7.8930 
310/567 [===============>..............] - ETA: 0:23<0:19 - loss: 7.8942 
311/567 [===============>..............] - ETA: 0:23<0:19 - loss: 7.8930 
312/567 [===============>..............] - ETA: 0:23<0:19 - loss: 7.8870 
313/567 [===============>..............] - ETA: 0:23<0:19 - loss: 7.8834 
314/567 [===============>..............] - ETA: 0:23<0:19 - loss: 7.8780 
315/567 [===============>..............] - ETA: 0:23<0:19 - loss: 7.8719 
316/567 [===============>..............] - ETA: 0:23<0:18 - loss: 7.8692 
317/567 [===============>..............] - ETA: 0:23<0:18 - loss: 7.8670 
318/567 [===============>..............] - ETA: 0:24<0:18 - loss: 7.8666 
319/567 [===============>..............] - ETA: 0:24<0:18 - loss: 7.8678 
320/567 [===============>..............] - ETA: 0:24<0:18 - loss: 7.8666 
321/567 [===============>..............] - ETA: 0:24<0:18 - loss: 7.8668 
322/567 [================>.............] - ETA: 0:24<0:18 - loss: 7.8676 
323/567 [================>.............] - ETA: 0:24<0:18 - loss: 7.8666 
324/567 [================>.............] - ETA: 0:24<0:18 - loss: 7.8649 
325/567 [================>.............] - ETA: 0:24<0:18 - loss: 7.8591 
326/567 [================>.............] - ETA: 0:24<0:18 - loss: 7.8540 
327/567 [================>.............] - ETA: 0:24<0:18 - loss: 7.8519 
328/567 [================>.............] - ETA: 0:24<0:18 - loss: 7.8508 
329/567 [================>.............] - ETA: 0:24<0:18 - loss: 7.8470 
330/567 [================>.............] - ETA: 0:24<0:17 - loss: 7.8483 
331/567 [================>.............] - ETA: 0:25<0:17 - loss: 7.8507 
332/567 [================>.............] - ETA: 0:25<0:17 - loss: 7.8479 
333/567 [================>.............] - ETA: 0:25<0:17 - loss: 7.8468 
334/567 [================>.............] - ETA: 0:25<0:17 - loss: 7.8474 
335/567 [================>.............] - ETA: 0:25<0:17 - loss: 7.8411 
336/567 [================>.............] - ETA: 0:25<0:17 - loss: 7.8370 
337/567 [================>.............] - ETA: 0:25<0:17 - loss: 7.8423 
338/567 [================>.............] - ETA: 0:25<0:17 - loss: 7.8429 
339/567 [================>.............] - ETA: 0:25<0:17 - loss: 7.8379 
340/567 [================>.............] - ETA: 0:25<0:17 - loss: 7.8347 
341/567 [=================>............] - ETA: 0:25<0:17 - loss: 7.8311 
342/567 [=================>............] - ETA: 0:25<0:17 - loss: 7.8282 
343/567 [=================>............] - ETA: 0:25<0:16 - loss: 7.8250 
344/567 [=================>............] - ETA: 0:26<0:16 - loss: 7.8254 
345/567 [=================>............] - ETA: 0:26<0:16 - loss: 7.8205 
346/567 [=================>............] - ETA: 0:26<0:16 - loss: 7.8210 
347/567 [=================>............] - ETA: 0:26<0:16 - loss: 7.8178 
348/567 [=================>............] - ETA: 0:26<0:16 - loss: 7.8149 
349/567 [=================>............] - ETA: 0:26<0:16 - loss: 7.8163 
350/567 [=================>............] - ETA: 0:26<0:16 - loss: 7.8182 
351/567 [=================>............] - ETA: 0:26<0:16 - loss: 7.8122 
352/567 [=================>............] - ETA: 0:26<0:16 - loss: 7.8032 
353/567 [=================>............] - ETA: 0:26<0:16 - loss: 7.8025 
354/567 [=================>............] - ETA: 0:26<0:16 - loss: 7.8006 
355/567 [=================>............] - ETA: 0:26<0:16 - loss: 7.7950 
356/567 [=================>............] - ETA: 0:26<0:15 - loss: 7.7934 
357/567 [=================>............] - ETA: 0:26<0:15 - loss: 7.7959 
358/567 [=================>............] - ETA: 0:27<0:15 - loss: 7.7948 
359/567 [=================>............] - ETA: 0:27<0:15 - loss: 7.7923 
360/567 [==================>...........] - ETA: 0:27<0:15 - loss: 7.7911 
361/567 [==================>...........] - ETA: 0:27<0:15 - loss: 7.7848 
362/567 [==================>...........] - ETA: 0:27<0:15 - loss: 7.7869 
363/567 [==================>...........] - ETA: 0:27<0:15 - loss: 7.7855 
364/567 [==================>...........] - ETA: 0:27<0:15 - loss: 7.7840 
365/567 [==================>...........] - ETA: 0:27<0:15 - loss: 7.7830 
366/567 [==================>...........] - ETA: 0:27<0:15 - loss: 7.7742 
367/567 [==================>...........] - ETA: 0:27<0:15 - loss: 7.7709 
368/567 [==================>...........] - ETA: 0:27<0:15 - loss: 7.7682 
369/567 [==================>...........] - ETA: 0:27<0:14 - loss: 7.7685 
370/567 [==================>...........] - ETA: 0:27<0:14 - loss: 7.7680 
371/567 [==================>...........] - ETA: 0:28<0:14 - loss: 7.7694 
372/567 [==================>...........] - ETA: 0:28<0:14 - loss: 7.7659 
373/567 [==================>...........] - ETA: 0:28<0:14 - loss: 7.7605 
374/567 [==================>...........] - ETA: 0:28<0:14 - loss: 7.7597 
375/567 [==================>...........] - ETA: 0:28<0:14 - loss: 7.7569 
376/567 [==================>...........] - ETA: 0:28<0:14 - loss: 7.7573 
377/567 [==================>...........] - ETA: 0:28<0:14 - loss: 7.7511 
378/567 [===================>..........] - ETA: 0:28<0:14 - loss: 7.7520 
379/567 [===================>..........] - ETA: 0:28<0:14 - loss: 7.7465 
380/567 [===================>..........] - ETA: 0:28<0:14 - loss: 7.7461 
381/567 [===================>..........] - ETA: 0:28<0:14 - loss: 7.7447 
382/567 [===================>..........] - ETA: 0:28<0:13 - loss: 7.7456 
383/567 [===================>..........] - ETA: 0:28<0:13 - loss: 7.7431 
384/567 [===================>..........] - ETA: 0:29<0:13 - loss: 7.7419 
385/567 [===================>..........] - ETA: 0:29<0:13 - loss: 7.7400 
386/567 [===================>..........] - ETA: 0:29<0:13 - loss: 7.7373 
387/567 [===================>..........] - ETA: 0:29<0:13 - loss: 7.7383 
388/567 [===================>..........] - ETA: 0:29<0:13 - loss: 7.7370 
389/567 [===================>..........] - ETA: 0:29<0:13 - loss: 7.7365 
390/567 [===================>..........] - ETA: 0:29<0:13 - loss: 7.7382 
391/567 [===================>..........] - ETA: 0:29<0:13 - loss: 7.7404 
392/567 [===================>..........] - ETA: 0:29<0:13 - loss: 7.7447 
393/567 [===================>..........] - ETA: 0:29<0:13 - loss: 7.7427 
394/567 [===================>..........] - ETA: 0:29<0:13 - loss: 7.7371 
395/567 [===================>..........] - ETA: 0:29<0:12 - loss: 7.7317 
396/567 [===================>..........] - ETA: 0:29<0:12 - loss: 7.7342 
397/567 [====================>.........] - ETA: 0:29<0:12 - loss: 7.7305 
398/567 [====================>.........] - ETA: 0:30<0:12 - loss: 7.7329 
399/567 [====================>.........] - ETA: 0:30<0:12 - loss: 7.7285 
400/567 [====================>.........] - ETA: 0:30<0:12 - loss: 7.7248 
401/567 [====================>.........] - ETA: 0:30<0:12 - loss: 7.7251 
402/567 [====================>.........] - ETA: 0:30<0:12 - loss: 7.7263 
403/567 [====================>.........] - ETA: 0:30<0:12 - loss: 7.7258 
404/567 [====================>.........] - ETA: 0:30<0:12 - loss: 7.7256 
405/567 [====================>.........] - ETA: 0:30<0:12 - loss: 7.7293 
406/567 [====================>.........] - ETA: 0:30<0:12 - loss: 7.7273 
407/567 [====================>.........] - ETA: 0:30<0:12 - loss: 7.7230 
408/567 [====================>.........] - ETA: 0:30<0:12 - loss: 7.7283 
409/567 [====================>.........] - ETA: 0:30<0:11 - loss: 7.7238 
410/567 [====================>.........] - ETA: 0:30<0:11 - loss: 7.7203 
411/567 [====================>.........] - ETA: 0:31<0:11 - loss: 7.7211 
412/567 [====================>.........] - ETA: 0:31<0:11 - loss: 7.7197 
413/567 [====================>.........] - ETA: 0:31<0:11 - loss: 7.7196 
414/567 [====================>.........] - ETA: 0:31<0:11 - loss: 7.7225 
415/567 [====================>.........] - ETA: 0:31<0:11 - loss: 7.7280 
416/567 [=====================>........] - ETA: 0:31<0:11 - loss: 7.7258 
417/567 [=====================>........] - ETA: 0:31<0:11 - loss: 7.7285 
418/567 [=====================>........] - ETA: 0:31<0:11 - loss: 7.7320 
419/567 [=====================>........] - ETA: 0:31<0:11 - loss: 7.7300 
420/567 [=====================>........] - ETA: 0:31<0:11 - loss: 7.7289 
421/567 [=====================>........] - ETA: 0:31<0:11 - loss: 7.7262 
422/567 [=====================>........] - ETA: 0:31<0:10 - loss: 7.7254 
423/567 [=====================>........] - ETA: 0:31<0:10 - loss: 7.7262 
424/567 [=====================>........] - ETA: 0:32<0:10 - loss: 7.7228 
425/567 [=====================>........] - ETA: 0:32<0:10 - loss: 7.7253 
426/567 [=====================>........] - ETA: 0:32<0:10 - loss: 7.7242 
427/567 [=====================>........] - ETA: 0:32<0:10 - loss: 7.7204 
428/567 [=====================>........] - ETA: 0:32<0:10 - loss: 7.7159 
429/567 [=====================>........] - ETA: 0:32<0:10 - loss: 7.7174 
430/567 [=====================>........] - ETA: 0:32<0:10 - loss: 7.7154 
431/567 [=====================>........] - ETA: 0:32<0:10 - loss: 7.7139 
432/567 [=====================>........] - ETA: 0:32<0:10 - loss: 7.7137 
433/567 [=====================>........] - ETA: 0:32<0:10 - loss: 7.7116 
434/567 [=====================>........] - ETA: 0:32<0:10 - loss: 7.7117 
435/567 [======================>.......] - ETA: 0:32<0:09 - loss: 7.7157 
436/567 [======================>.......] - ETA: 0:32<0:09 - loss: 7.7105 
437/567 [======================>.......] - ETA: 0:32<0:09 - loss: 7.7045 
438/567 [======================>.......] - ETA: 0:33<0:09 - loss: 7.7026 
439/567 [======================>.......] - ETA: 0:33<0:09 - loss: 7.7007 
440/567 [======================>.......] - ETA: 0:33<0:09 - loss: 7.6992 
441/567 [======================>.......] - ETA: 0:33<0:09 - loss: 7.6982 
442/567 [======================>.......] - ETA: 0:33<0:09 - loss: 7.6996 
443/567 [======================>.......] - ETA: 0:33<0:09 - loss: 7.6969 
444/567 [======================>.......] - ETA: 0:33<0:09 - loss: 7.6912 
445/567 [======================>.......] - ETA: 0:33<0:09 - loss: 7.6906 
446/567 [======================>.......] - ETA: 0:33<0:09 - loss: 7.6879 
447/567 [======================>.......] - ETA: 0:33<0:09 - loss: 7.6906 
448/567 [======================>.......] - ETA: 0:33<0:08 - loss: 7.6893 
449/567 [======================>.......] - ETA: 0:33<0:08 - loss: 7.6915 
450/567 [======================>.......] - ETA: 0:33<0:08 - loss: 7.6901 
451/567 [======================>.......] - ETA: 0:34<0:08 - loss: 7.6900 
452/567 [======================>.......] - ETA: 0:34<0:08 - loss: 7.6941 
453/567 [======================>.......] - ETA: 0:34<0:08 - loss: 7.6957 
454/567 [=======================>......] - ETA: 0:34<0:08 - loss: 7.6914 
455/567 [=======================>......] - ETA: 0:34<0:08 - loss: 7.6954 
456/567 [=======================>......] - ETA: 0:34<0:08 - loss: 7.6958 
457/567 [=======================>......] - ETA: 0:34<0:08 - loss: 7.6925 
458/567 [=======================>......] - ETA: 0:34<0:08 - loss: 7.6947 
459/567 [=======================>......] - ETA: 0:34<0:08 - loss: 7.6961 
460/567 [=======================>......] - ETA: 0:34<0:08 - loss: 7.6951 
461/567 [=======================>......] - ETA: 0:34<0:08 - loss: 7.6980 
462/567 [=======================>......] - ETA: 0:34<0:07 - loss: 7.6965 
463/567 [=======================>......] - ETA: 0:34<0:07 - loss: 7.6983 
464/567 [=======================>......] - ETA: 0:35<0:07 - loss: 7.6932 
465/567 [=======================>......] - ETA: 0:35<0:07 - loss: 7.6943 
466/567 [=======================>......] - ETA: 0:35<0:07 - loss: 7.6977 
467/567 [=======================>......] - ETA: 0:35<0:07 - loss: 7.6983 
468/567 [=======================>......] - ETA: 0:35<0:07 - loss: 7.6991 
469/567 [=======================>......] - ETA: 0:35<0:07 - loss: 7.6988 
470/567 [=======================>......] - ETA: 0:35<0:07 - loss: 7.6982 
471/567 [=======================>......] - ETA: 0:35<0:07 - loss: 7.6964 
472/567 [=======================>......] - ETA: 0:35<0:07 - loss: 7.6954 
473/567 [========================>.....] - ETA: 0:35<0:07 - loss: 7.6971 
474/567 [========================>.....] - ETA: 0:35<0:07 - loss: 7.6901 
475/567 [========================>.....] - ETA: 0:35<0:06 - loss: 7.6909 
476/567 [========================>.....] - ETA: 0:35<0:06 - loss: 7.6924 
477/567 [========================>.....] - ETA: 0:36<0:06 - loss: 7.6945 
478/567 [========================>.....] - ETA: 0:36<0:06 - loss: 7.6953 
479/567 [========================>.....] - ETA: 0:36<0:06 - loss: 7.6963 
480/567 [========================>.....] - ETA: 0:36<0:06 - loss: 7.6980 
481/567 [========================>.....] - ETA: 0:36<0:06 - loss: 7.6995 
482/567 [========================>.....] - ETA: 0:36<0:06 - loss: 7.6966 
483/567 [========================>.....] - ETA: 0:36<0:06 - loss: 7.6986 
484/567 [========================>.....] - ETA: 0:36<0:06 - loss: 7.6979 
485/567 [========================>.....] - ETA: 0:36<0:06 - loss: 7.6938 
486/567 [========================>.....] - ETA: 0:36<0:06 - loss: 7.6947 
487/567 [========================>.....] - ETA: 0:36<0:06 - loss: 7.6946 
488/567 [========================>.....] - ETA: 0:36<0:05 - loss: 7.6939 
489/567 [========================>.....] - ETA: 0:36<0:05 - loss: 7.6995 
490/567 [========================>.....] - ETA: 0:37<0:05 - loss: 7.6968 
491/567 [========================>.....] - ETA: 0:37<0:05 - loss: 7.6942 
492/567 [=========================>....] - ETA: 0:37<0:05 - loss: 7.6882 
493/567 [=========================>....] - ETA: 0:37<0:05 - loss: 7.6915 
494/567 [=========================>....] - ETA: 0:37<0:05 - loss: 7.6915 
495/567 [=========================>....] - ETA: 0:37<0:05 - loss: 7.6946 
496/567 [=========================>....] - ETA: 0:37<0:05 - loss: 7.6910 
497/567 [=========================>....] - ETA: 0:37<0:05 - loss: 7.6900 
498/567 [=========================>....] - ETA: 0:37<0:05 - loss: 7.6852 
499/567 [=========================>....] - ETA: 0:37<0:05 - loss: 7.6870 
500/567 [=========================>....] - ETA: 0:37<0:05 - loss: 7.6898 
501/567 [=========================>....] - ETA: 0:37<0:04 - loss: 7.6864 
502/567 [=========================>....] - ETA: 0:37<0:04 - loss: 7.6865 
503/567 [=========================>....] - ETA: 0:37<0:04 - loss: 7.6859 
504/567 [=========================>....] - ETA: 0:38<0:04 - loss: 7.6878 
505/567 [=========================>....] - ETA: 0:38<0:04 - loss: 7.6859 
506/567 [=========================>....] - ETA: 0:38<0:04 - loss: 7.6809 
507/567 [=========================>....] - ETA: 0:38<0:04 - loss: 7.6821 
508/567 [=========================>....] - ETA: 0:38<0:04 - loss: 7.6767 
509/567 [=========================>....] - ETA: 0:38<0:04 - loss: 7.6785 
510/567 [=========================>....] - ETA: 0:38<0:04 - loss: 7.6775 
511/567 [==========================>...] - ETA: 0:38<0:04 - loss: 7.6715 
512/567 [==========================>...] - ETA: 0:38<0:04 - loss: 7.6712 
513/567 [==========================>...] - ETA: 0:38<0:04 - loss: 7.6682 
514/567 [==========================>...] - ETA: 0:38<0:04 - loss: 7.6654 
515/567 [==========================>...] - ETA: 0:38<0:03 - loss: 7.6624 
516/567 [==========================>...] - ETA: 0:38<0:03 - loss: 7.6641 
517/567 [==========================>...] - ETA: 0:39<0:03 - loss: 7.6617 
518/567 [==========================>...] - ETA: 0:39<0:03 - loss: 7.6568 
519/567 [==========================>...] - ETA: 0:39<0:03 - loss: 7.6523 
520/567 [==========================>...] - ETA: 0:39<0:03 - loss: 7.6484 
521/567 [==========================>...] - ETA: 0:39<0:03 - loss: 7.6490 
522/567 [==========================>...] - ETA: 0:39<0:03 - loss: 7.6417 
523/567 [==========================>...] - ETA: 0:39<0:03 - loss: 7.6421 
524/567 [==========================>...] - ETA: 0:39<0:03 - loss: 7.6413 
525/567 [==========================>...] - ETA: 0:39<0:03 - loss: 7.6424 
526/567 [==========================>...] - ETA: 0:39<0:03 - loss: 7.6434 
527/567 [==========================>...] - ETA: 0:39<0:03 - loss: 7.6451 
528/567 [==========================>...] - ETA: 0:39<0:02 - loss: 7.6455 
529/567 [==========================>...] - ETA: 0:39<0:02 - loss: 7.6435 
530/567 [===========================>..] - ETA: 0:40<0:02 - loss: 7.6383 
531/567 [===========================>..] - ETA: 0:40<0:02 - loss: 7.6372 
532/567 [===========================>..] - ETA: 0:40<0:02 - loss: 7.6369 
533/567 [===========================>..] - ETA: 0:40<0:02 - loss: 7.6356 
534/567 [===========================>..] - ETA: 0:40<0:02 - loss: 7.6365 
535/567 [===========================>..] - ETA: 0:40<0:02 - loss: 7.6359 
536/567 [===========================>..] - ETA: 0:40<0:02 - loss: 7.6367 
537/567 [===========================>..] - ETA: 0:40<0:02 - loss: 7.6349 
538/567 [===========================>..] - ETA: 0:40<0:02 - loss: 7.6331 
539/567 [===========================>..] - ETA: 0:40<0:02 - loss: 7.6341 
540/567 [===========================>..] - ETA: 0:40<0:02 - loss: 7.6350 
541/567 [===========================>..] - ETA: 0:40<0:01 - loss: 7.6321 
542/567 [===========================>..] - ETA: 0:40<0:01 - loss: 7.6277 
543/567 [===========================>..] - ETA: 0:41<0:01 - loss: 7.6294 
544/567 [===========================>..] - ETA: 0:41<0:01 - loss: 7.6272 
545/567 [===========================>..] - ETA: 0:41<0:01 - loss: 7.6295 
546/567 [===========================>..] - ETA: 0:41<0:01 - loss: 7.6274 
547/567 [===========================>..] - ETA: 0:41<0:01 - loss: 7.6223 
548/567 [===========================>..] - ETA: 0:41<0:01 - loss: 7.6186 
549/567 [============================>.] - ETA: 0:41<0:01 - loss: 7.6164 
550/567 [============================>.] - ETA: 0:41<0:01 - loss: 7.6155 
551/567 [============================>.] - ETA: 0:41<0:01 - loss: 7.6153 
552/567 [============================>.] - ETA: 0:41<0:01 - loss: 7.6122 
553/567 [============================>.] - ETA: 0:41<0:01 - loss: 7.6037 
554/567 [============================>.] - ETA: 0:41<0:00 - loss: 7.6049 
555/567 [============================>.] - ETA: 0:41<0:00 - loss: 7.6045 
556/567 [============================>.] - ETA: 0:41<0:00 - loss: 7.6022 
557/567 [============================>.] - ETA: 0:42<0:00 - loss: 7.6033 
558/567 [============================>.] - ETA: 0:42<0:00 - loss: 7.6034 
559/567 [============================>.] - ETA: 0:42<0:00 - loss: 7.6014 
560/567 [============================>.] - ETA: 0:42<0:00 - loss: 7.5979 
561/567 [============================>.] - ETA: 0:42<0:00 - loss: 7.5954 
562/567 [============================>.] - ETA: 0:42<0:00 - loss: 7.5931 
563/567 [============================>.] - ETA: 0:42<0:00 - loss: 7.5859 
564/567 [============================>.] - ETA: 0:42<0:00 - loss: 7.5858 
565/567 [============================>.] - ETA: 0:42<0:00 - loss: 7.5865 
566/567 [============================>.] - ETA: 0:42<0:00 - loss: 7.5878 
567/567 [==============================] - 0:42 75ms/step - loss: 7.5862 
2024-07-06 23:19:36 - Finish Epoch: 3/20 - loss: 7.8645
日晃百花色    空空空空空
  0%|                                                                                                                                                    | 0/4 [00:00<?, ?it/s] 50%|██████████████████████████████████████████████████████████████████████                                                                      | 2/4 [00:00<00:00, 17.60it/s]100%|████████████████████████████████████████████████████████████████████████████████████████████████████████████████████████████████████████████| 4/4 [00:00<00:00, 17.49it/s]100%|████████████████████████████████████████████████████████████████████████████████████████████████████████████████████████████████████████████| 4/4 [00:00<00:00, 17.49it/s]
  0%|                                                                                                                                                    | 0/4 [00:00<?, ?it/s] 50%|██████████████████████████████████████████████████████████████████████                                                                      | 2/4 [00:00<00:00, 17.59it/s]100%|████████████████████████████████████████████████████████████████████████████████████████████████████████████████████████████████████████████| 4/4 [00:00<00:00, 17.54it/s]100%|████████████████████████████████████████████████████████████████████████████████████████████████████████████████████████████████████████████| 4/4 [00:00<00:00, 17.54it/s]
valid_data: {'rouge-1': 0.0, 'rouge-2': 0.0, 'rouge-l': 0.0, 'bleu': 0.0, 'best_bleu': 0.013432124147794272}
test_data: {'rouge-1': 0.0, 'rouge-2': 0.0, 'rouge-l': 0.0, 'bleu': 0.0}

2024-07-06 23:19:37 - Start  Epoch: 4/20

  1/567 [..............................] - ETA: 0:00<0:43 - loss: 7.5819 
  2/567 [..............................] - ETA: 0:00<0:43 - loss: 7.5837 
  3/567 [..............................] - ETA: 0:00<0:42 - loss: 7.5783 
  4/567 [..............................] - ETA: 0:00<0:42 - loss: 7.5807 
  5/567 [..............................] - ETA: 0:00<0:42 - loss: 7.5834 
  6/567 [..............................] - ETA: 0:00<0:42 - loss: 7.5797 
  7/567 [..............................] - ETA: 0:00<0:42 - loss: 7.5805 
  8/567 [..............................] - ETA: 0:00<0:42 - loss: 7.5760 
  9/567 [..............................] - ETA: 0:00<0:42 - loss: 7.5705 
 10/567 [..............................] - ETA: 0:00<0:42 - loss: 7.5678 
 11/567 [..............................] - ETA: 0:00<0:42 - loss: 7.5686 
 12/567 [..............................] - ETA: 0:00<0:42 - loss: 7.5676 
 13/567 [..............................] - ETA: 0:00<0:41 - loss: 7.5606 
 14/567 [..............................] - ETA: 0:01<0:41 - loss: 7.5579 
 15/567 [..............................] - ETA: 0:01<0:41 - loss: 7.5603 
 16/567 [..............................] - ETA: 0:01<0:41 - loss: 7.5556 
 17/567 [..............................] - ETA: 0:01<0:41 - loss: 7.5540 
 18/567 [..............................] - ETA: 0:01<0:41 - loss: 7.5533 
 19/567 [>.............................] - ETA: 0:01<0:41 - loss: 7.5462 
 20/567 [>.............................] - ETA: 0:01<0:41 - loss: 7.5479 
 21/567 [>.............................] - ETA: 0:01<0:41 - loss: 7.5490 
 22/567 [>.............................] - ETA: 0:01<0:41 - loss: 7.5432 
 23/567 [>.............................] - ETA: 0:01<0:40 - loss: 7.5419 
 24/567 [>.............................] - ETA: 0:01<0:40 - loss: 7.5382 
 25/567 [>.............................] - ETA: 0:01<0:40 - loss: 7.5397 
 26/567 [>.............................] - ETA: 0:01<0:40 - loss: 7.5409 
 27/567 [>.............................] - ETA: 0:02<0:40 - loss: 7.5413 
 28/567 [>.............................] - ETA: 0:02<0:40 - loss: 7.5389 
 29/567 [>.............................] - ETA: 0:02<0:40 - loss: 7.5388 
 30/567 [>.............................] - ETA: 0:02<0:40 - loss: 7.5389 
 31/567 [>.............................] - ETA: 0:02<0:40 - loss: 7.5404 
 32/567 [>.............................] - ETA: 0:02<0:40 - loss: 7.5340 
 33/567 [>.............................] - ETA: 0:02<0:40 - loss: 7.5320 
 34/567 [>.............................] - ETA: 0:02<0:40 - loss: 7.5303 
 35/567 [>.............................] - ETA: 0:02<0:40 - loss: 7.5262 
 36/567 [>.............................] - ETA: 0:02<0:40 - loss: 7.5192 
 37/567 [>.............................] - ETA: 0:02<0:40 - loss: 7.5154 
 38/567 [=>............................] - ETA: 0:02<0:39 - loss: 7.5142 
 39/567 [=>............................] - ETA: 0:02<0:39 - loss: 7.5150 
 40/567 [=>............................] - ETA: 0:03<0:39 - loss: 7.5103 
 41/567 [=>............................] - ETA: 0:03<0:39 - loss: 7.5058 
 42/567 [=>............................] - ETA: 0:03<0:39 - loss: 7.5025 
 43/567 [=>............................] - ETA: 0:03<0:39 - loss: 7.4975 
 44/567 [=>............................] - ETA: 0:03<0:39 - loss: 7.4989 
 45/567 [=>............................] - ETA: 0:03<0:39 - loss: 7.4960 
 46/567 [=>............................] - ETA: 0:03<0:39 - loss: 7.4962 
 47/567 [=>............................] - ETA: 0:03<0:39 - loss: 7.4969 
 48/567 [=>............................] - ETA: 0:03<0:39 - loss: 7.4957 
 49/567 [=>............................] - ETA: 0:03<0:39 - loss: 7.4934 
 50/567 [=>............................] - ETA: 0:03<0:39 - loss: 7.4946 
 51/567 [=>............................] - ETA: 0:03<0:39 - loss: 7.4917 
 52/567 [=>............................] - ETA: 0:03<0:38 - loss: 7.4883 
 53/567 [=>............................] - ETA: 0:04<0:38 - loss: 7.4914 
 54/567 [=>............................] - ETA: 0:04<0:38 - loss: 7.4940 
 55/567 [=>............................] - ETA: 0:04<0:38 - loss: 7.4971 
 56/567 [=>............................] - ETA: 0:04<0:38 - loss: 7.4907 
 57/567 [==>...........................] - ETA: 0:04<0:38 - loss: 7.4934 
 58/567 [==>...........................] - ETA: 0:04<0:38 - loss: 7.4934 
 59/567 [==>...........................] - ETA: 0:04<0:38 - loss: 7.4928 
 60/567 [==>...........................] - ETA: 0:04<0:38 - loss: 7.4951 
 61/567 [==>...........................] - ETA: 0:04<0:38 - loss: 7.4963 
 62/567 [==>...........................] - ETA: 0:04<0:38 - loss: 7.4944 
 63/567 [==>...........................] - ETA: 0:04<0:38 - loss: 7.4937 
 64/567 [==>...........................] - ETA: 0:04<0:38 - loss: 7.4917 
 65/567 [==>...........................] - ETA: 0:04<0:37 - loss: 7.4910 
 66/567 [==>...........................] - ETA: 0:04<0:37 - loss: 7.4919 
 67/567 [==>...........................] - ETA: 0:05<0:37 - loss: 7.4913 
 68/567 [==>...........................] - ETA: 0:05<0:37 - loss: 7.4872 
 69/567 [==>...........................] - ETA: 0:05<0:37 - loss: 7.4851 
 70/567 [==>...........................] - ETA: 0:05<0:37 - loss: 7.4823 
 71/567 [==>...........................] - ETA: 0:05<0:37 - loss: 7.4821 
 72/567 [==>...........................] - ETA: 0:05<0:37 - loss: 7.4795 
 73/567 [==>...........................] - ETA: 0:05<0:37 - loss: 7.4797 
 74/567 [==>...........................] - ETA: 0:05<0:37 - loss: 7.4797 
 75/567 [==>...........................] - ETA: 0:05<0:37 - loss: 7.4796 
 76/567 [===>..........................] - ETA: 0:05<0:37 - loss: 7.4801 
 77/567 [===>..........................] - ETA: 0:05<0:37 - loss: 7.4820 
 78/567 [===>..........................] - ETA: 0:05<0:37 - loss: 7.4751 
 79/567 [===>..........................] - ETA: 0:05<0:36 - loss: 7.4748 
 80/567 [===>..........................] - ETA: 0:06<0:36 - loss: 7.4761 
 81/567 [===>..........................] - ETA: 0:06<0:36 - loss: 7.4782 
 82/567 [===>..........................] - ETA: 0:06<0:36 - loss: 7.4769 
 83/567 [===>..........................] - ETA: 0:06<0:36 - loss: 7.4727 
 84/567 [===>..........................] - ETA: 0:06<0:36 - loss: 7.4674 
 85/567 [===>..........................] - ETA: 0:06<0:36 - loss: 7.4675 
 86/567 [===>..........................] - ETA: 0:06<0:36 - loss: 7.4700 
 87/567 [===>..........................] - ETA: 0:06<0:36 - loss: 7.4658 
 88/567 [===>..........................] - ETA: 0:06<0:36 - loss: 7.4627 
 89/567 [===>..........................] - ETA: 0:06<0:36 - loss: 7.4604 
 90/567 [===>..........................] - ETA: 0:06<0:36 - loss: 7.4577 
 91/567 [===>..........................] - ETA: 0:06<0:35 - loss: 7.4552 
 92/567 [===>..........................] - ETA: 0:06<0:35 - loss: 7.4548 
 93/567 [===>..........................] - ETA: 0:07<0:35 - loss: 7.4558 
 94/567 [===>..........................] - ETA: 0:07<0:35 - loss: 7.4520 
 95/567 [====>.........................] - ETA: 0:07<0:35 - loss: 7.4514 
 96/567 [====>.........................] - ETA: 0:07<0:35 - loss: 7.4534 
 97/567 [====>.........................] - ETA: 0:07<0:35 - loss: 7.4527 
 98/567 [====>.........................] - ETA: 0:07<0:35 - loss: 7.4477 
 99/567 [====>.........................] - ETA: 0:07<0:35 - loss: 7.4439 
100/567 [====>.........................] - ETA: 0:07<0:35 - loss: 7.4442 
101/567 [====>.........................] - ETA: 0:07<0:35 - loss: 7.4459 
102/567 [====>.........................] - ETA: 0:07<0:35 - loss: 7.4435 
103/567 [====>.........................] - ETA: 0:07<0:35 - loss: 7.4414 
104/567 [====>.........................] - ETA: 0:07<0:35 - loss: 7.4362 
105/567 [====>.........................] - ETA: 0:07<0:34 - loss: 7.4392 
106/567 [====>.........................] - ETA: 0:08<0:34 - loss: 7.4403 
107/567 [====>.........................] - ETA: 0:08<0:34 - loss: 7.4406 
108/567 [====>.........................] - ETA: 0:08<0:34 - loss: 7.4424 
109/567 [====>.........................] - ETA: 0:08<0:34 - loss: 7.4437 
110/567 [====>.........................] - ETA: 0:08<0:34 - loss: 7.4473 
111/567 [====>.........................] - ETA: 0:08<0:34 - loss: 7.4406 
112/567 [====>.........................] - ETA: 0:08<0:34 - loss: 7.4396 
113/567 [====>.........................] - ETA: 0:08<0:34 - loss: 7.4421 
114/567 [=====>........................] - ETA: 0:08<0:34 - loss: 7.4434 
115/567 [=====>........................] - ETA: 0:08<0:34 - loss: 7.4392 
116/567 [=====>........................] - ETA: 0:08<0:34 - loss: 7.4413 
117/567 [=====>........................] - ETA: 0:08<0:34 - loss: 7.4372 
118/567 [=====>........................] - ETA: 0:08<0:33 - loss: 7.4366 
119/567 [=====>........................] - ETA: 0:09<0:33 - loss: 7.4335 
120/567 [=====>........................] - ETA: 0:09<0:33 - loss: 7.4302 
121/567 [=====>........................] - ETA: 0:09<0:33 - loss: 7.4258 
122/567 [=====>........................] - ETA: 0:09<0:33 - loss: 7.4254 
123/567 [=====>........................] - ETA: 0:09<0:33 - loss: 7.4227 
124/567 [=====>........................] - ETA: 0:09<0:33 - loss: 7.4271 
125/567 [=====>........................] - ETA: 0:09<0:33 - loss: 7.4231 
126/567 [=====>........................] - ETA: 0:09<0:33 - loss: 7.4196 
127/567 [=====>........................] - ETA: 0:09<0:33 - loss: 7.4176 
128/567 [=====>........................] - ETA: 0:09<0:33 - loss: 7.4143 
129/567 [=====>........................] - ETA: 0:09<0:33 - loss: 7.4108 
130/567 [=====>........................] - ETA: 0:09<0:33 - loss: 7.4119 
131/567 [=====>........................] - ETA: 0:09<0:32 - loss: 7.4106 
132/567 [=====>........................] - ETA: 0:09<0:32 - loss: 7.4162 
133/567 [======>.......................] - ETA: 0:10<0:32 - loss: 7.4121 
134/567 [======>.......................] - ETA: 0:10<0:32 - loss: 7.4155 
135/567 [======>.......................] - ETA: 0:10<0:32 - loss: 7.4153 
136/567 [======>.......................] - ETA: 0:10<0:32 - loss: 7.4228 
137/567 [======>.......................] - ETA: 0:10<0:32 - loss: 7.4219 
138/567 [======>.......................] - ETA: 0:10<0:32 - loss: 7.4203 
139/567 [======>.......................] - ETA: 0:10<0:32 - loss: 7.4199 
140/567 [======>.......................] - ETA: 0:10<0:32 - loss: 7.4235 
141/567 [======>.......................] - ETA: 0:10<0:32 - loss: 7.4213 
142/567 [======>.......................] - ETA: 0:10<0:32 - loss: 7.4233 
143/567 [======>.......................] - ETA: 0:10<0:32 - loss: 7.4280 
144/567 [======>.......................] - ETA: 0:10<0:32 - loss: 7.4297 
145/567 [======>.......................] - ETA: 0:10<0:31 - loss: 7.4309 
146/567 [======>.......................] - ETA: 0:11<0:31 - loss: 7.4311 
147/567 [======>.......................] - ETA: 0:11<0:31 - loss: 7.4297 
148/567 [======>.......................] - ETA: 0:11<0:31 - loss: 7.4252 
149/567 [======>.......................] - ETA: 0:11<0:31 - loss: 7.4271 
150/567 [======>.......................] - ETA: 0:11<0:31 - loss: 7.4256 
151/567 [======>.......................] - ETA: 0:11<0:31 - loss: 7.4218 
152/567 [=======>......................] - ETA: 0:11<0:31 - loss: 7.4241 
153/567 [=======>......................] - ETA: 0:11<0:31 - loss: 7.4222 
154/567 [=======>......................] - ETA: 0:11<0:31 - loss: 7.4163 
155/567 [=======>......................] - ETA: 0:11<0:31 - loss: 7.4153 
156/567 [=======>......................] - ETA: 0:11<0:31 - loss: 7.4173 
157/567 [=======>......................] - ETA: 0:11<0:31 - loss: 7.4125 
158/567 [=======>......................] - ETA: 0:11<0:30 - loss: 7.4071 
159/567 [=======>......................] - ETA: 0:12<0:30 - loss: 7.4039 
160/567 [=======>......................] - ETA: 0:12<0:30 - loss: 7.4008 
161/567 [=======>......................] - ETA: 0:12<0:30 - loss: 7.3956 
162/567 [=======>......................] - ETA: 0:12<0:30 - loss: 7.3964 
163/567 [=======>......................] - ETA: 0:12<0:30 - loss: 7.3959 
164/567 [=======>......................] - ETA: 0:12<0:30 - loss: 7.3964 
165/567 [=======>......................] - ETA: 0:12<0:30 - loss: 7.3933 
166/567 [=======>......................] - ETA: 0:12<0:30 - loss: 7.3939 
167/567 [=======>......................] - ETA: 0:12<0:30 - loss: 7.3920 
168/567 [=======>......................] - ETA: 0:12<0:30 - loss: 7.3932 
169/567 [=======>......................] - ETA: 0:12<0:30 - loss: 7.3934 
170/567 [=======>......................] - ETA: 0:12<0:30 - loss: 7.3928 
171/567 [========>.....................] - ETA: 0:12<0:29 - loss: 7.3867 
172/567 [========>.....................] - ETA: 0:13<0:29 - loss: 7.3885 
173/567 [========>.....................] - ETA: 0:13<0:29 - loss: 7.3840 
174/567 [========>.....................] - ETA: 0:13<0:29 - loss: 7.3839 
175/567 [========>.....................] - ETA: 0:13<0:29 - loss: 7.3824 
176/567 [========>.....................] - ETA: 0:13<0:29 - loss: 7.3792 
177/567 [========>.....................] - ETA: 0:13<0:29 - loss: 7.3789 
178/567 [========>.....................] - ETA: 0:13<0:29 - loss: 7.3797 
179/567 [========>.....................] - ETA: 0:13<0:29 - loss: 7.3826 
180/567 [========>.....................] - ETA: 0:13<0:29 - loss: 7.3813 
181/567 [========>.....................] - ETA: 0:13<0:29 - loss: 7.3805 
182/567 [========>.....................] - ETA: 0:13<0:29 - loss: 7.3754 
183/567 [========>.....................] - ETA: 0:13<0:29 - loss: 7.3752 
184/567 [========>.....................] - ETA: 0:13<0:28 - loss: 7.3772 
185/567 [========>.....................] - ETA: 0:13<0:28 - loss: 7.3786 
186/567 [========>.....................] - ETA: 0:14<0:28 - loss: 7.3780 
187/567 [========>.....................] - ETA: 0:14<0:28 - loss: 7.3810 
188/567 [========>.....................] - ETA: 0:14<0:28 - loss: 7.3810 
189/567 [=========>....................] - ETA: 0:14<0:28 - loss: 7.3826 
190/567 [=========>....................] - ETA: 0:14<0:28 - loss: 7.3824 
191/567 [=========>....................] - ETA: 0:14<0:28 - loss: 7.3813 
192/567 [=========>....................] - ETA: 0:14<0:28 - loss: 7.3796 
193/567 [=========>....................] - ETA: 0:14<0:28 - loss: 7.3794 
194/567 [=========>....................] - ETA: 0:14<0:28 - loss: 7.3818 
195/567 [=========>....................] - ETA: 0:14<0:28 - loss: 7.3799 
196/567 [=========>....................] - ETA: 0:14<0:28 - loss: 7.3759 
197/567 [=========>....................] - ETA: 0:14<0:27 - loss: 7.3767 
198/567 [=========>....................] - ETA: 0:14<0:27 - loss: 7.3766 
199/567 [=========>....................] - ETA: 0:15<0:27 - loss: 7.3742 
200/567 [=========>....................] - ETA: 0:15<0:27 - loss: 7.3701 
201/567 [=========>....................] - ETA: 0:15<0:27 - loss: 7.3690 
202/567 [=========>....................] - ETA: 0:15<0:27 - loss: 7.3665 
203/567 [=========>....................] - ETA: 0:15<0:27 - loss: 7.3697 
204/567 [=========>....................] - ETA: 0:15<0:27 - loss: 7.3719 
205/567 [=========>....................] - ETA: 0:15<0:27 - loss: 7.3663 
206/567 [=========>....................] - ETA: 0:15<0:27 - loss: 7.3680 
207/567 [=========>....................] - ETA: 0:15<0:27 - loss: 7.3670 
208/567 [==========>...................] - ETA: 0:15<0:27 - loss: 7.3655 
209/567 [==========>...................] - ETA: 0:15<0:27 - loss: 7.3614 
210/567 [==========>...................] - ETA: 0:15<0:26 - loss: 7.3563 
211/567 [==========>...................] - ETA: 0:15<0:26 - loss: 7.3598 
212/567 [==========>...................] - ETA: 0:16<0:26 - loss: 7.3635 
213/567 [==========>...................] - ETA: 0:16<0:26 - loss: 7.3604 
214/567 [==========>...................] - ETA: 0:16<0:26 - loss: 7.3609 
215/567 [==========>...................] - ETA: 0:16<0:26 - loss: 7.3634 
216/567 [==========>...................] - ETA: 0:16<0:26 - loss: 7.3627 
217/567 [==========>...................] - ETA: 0:16<0:26 - loss: 7.3625 
218/567 [==========>...................] - ETA: 0:16<0:26 - loss: 7.3617 
219/567 [==========>...................] - ETA: 0:16<0:26 - loss: 7.3681 
220/567 [==========>...................] - ETA: 0:16<0:26 - loss: 7.3672 
221/567 [==========>...................] - ETA: 0:16<0:26 - loss: 7.3658 
222/567 [==========>...................] - ETA: 0:16<0:26 - loss: 7.3640 
223/567 [==========>...................] - ETA: 0:16<0:26 - loss: 7.3669 
224/567 [==========>...................] - ETA: 0:16<0:25 - loss: 7.3646 
225/567 [==========>...................] - ETA: 0:17<0:25 - loss: 7.3633 
226/567 [==========>...................] - ETA: 0:17<0:25 - loss: 7.3602 
227/567 [===========>..................] - ETA: 0:17<0:25 - loss: 7.3615 
228/567 [===========>..................] - ETA: 0:17<0:25 - loss: 7.3616 
229/567 [===========>..................] - ETA: 0:17<0:25 - loss: 7.3590 
230/567 [===========>..................] - ETA: 0:17<0:25 - loss: 7.3535 
231/567 [===========>..................] - ETA: 0:17<0:25 - loss: 7.3519 
232/567 [===========>..................] - ETA: 0:17<0:25 - loss: 7.3519 
233/567 [===========>..................] - ETA: 0:17<0:25 - loss: 7.3528 
234/567 [===========>..................] - ETA: 0:17<0:25 - loss: 7.3493 
235/567 [===========>..................] - ETA: 0:17<0:25 - loss: 7.3495 
236/567 [===========>..................] - ETA: 0:17<0:25 - loss: 7.3474 
237/567 [===========>..................] - ETA: 0:17<0:24 - loss: 7.3458 
238/567 [===========>..................] - ETA: 0:17<0:24 - loss: 7.3450 
239/567 [===========>..................] - ETA: 0:18<0:24 - loss: 7.3426 
240/567 [===========>..................] - ETA: 0:18<0:24 - loss: 7.3375 
241/567 [===========>..................] - ETA: 0:18<0:24 - loss: 7.3390 
242/567 [===========>..................] - ETA: 0:18<0:24 - loss: 7.3400 
243/567 [===========>..................] - ETA: 0:18<0:24 - loss: 7.3372 
244/567 [===========>..................] - ETA: 0:18<0:24 - loss: 7.3327 
245/567 [===========>..................] - ETA: 0:18<0:24 - loss: 7.3342 
246/567 [============>.................] - ETA: 0:18<0:24 - loss: 7.3298 
247/567 [============>.................] - ETA: 0:18<0:24 - loss: 7.3282 
248/567 [============>.................] - ETA: 0:18<0:24 - loss: 7.3303 
249/567 [============>.................] - ETA: 0:18<0:24 - loss: 7.3260 
250/567 [============>.................] - ETA: 0:18<0:23 - loss: 7.3265 
251/567 [============>.................] - ETA: 0:18<0:23 - loss: 7.3265 
252/567 [============>.................] - ETA: 0:19<0:23 - loss: 7.3254 
253/567 [============>.................] - ETA: 0:19<0:23 - loss: 7.3241 
254/567 [============>.................] - ETA: 0:19<0:23 - loss: 7.3228 
255/567 [============>.................] - ETA: 0:19<0:23 - loss: 7.3196 
256/567 [============>.................] - ETA: 0:19<0:23 - loss: 7.3195 
257/567 [============>.................] - ETA: 0:19<0:23 - loss: 7.3185 
258/567 [============>.................] - ETA: 0:19<0:23 - loss: 7.3216 
259/567 [============>.................] - ETA: 0:19<0:23 - loss: 7.3205 
260/567 [============>.................] - ETA: 0:19<0:23 - loss: 7.3168 
261/567 [============>.................] - ETA: 0:19<0:23 - loss: 7.3197 
262/567 [============>.................] - ETA: 0:19<0:23 - loss: 7.3193 
263/567 [============>.................] - ETA: 0:19<0:22 - loss: 7.3183 
264/567 [============>.................] - ETA: 0:19<0:22 - loss: 7.3142 
265/567 [=============>................] - ETA: 0:20<0:22 - loss: 7.3161 
266/567 [=============>................] - ETA: 0:20<0:22 - loss: 7.3148 
267/567 [=============>................] - ETA: 0:20<0:22 - loss: 7.3104 
268/567 [=============>................] - ETA: 0:20<0:22 - loss: 7.3095 
269/567 [=============>................] - ETA: 0:20<0:22 - loss: 7.3086 
270/567 [=============>................] - ETA: 0:20<0:22 - loss: 7.3091 
271/567 [=============>................] - ETA: 0:20<0:22 - loss: 7.3089 
272/567 [=============>................] - ETA: 0:20<0:22 - loss: 7.3034 
273/567 [=============>................] - ETA: 0:20<0:22 - loss: 7.3004 
274/567 [=============>................] - ETA: 0:20<0:22 - loss: 7.2998 
275/567 [=============>................] - ETA: 0:20<0:22 - loss: 7.2991 
276/567 [=============>................] - ETA: 0:20<0:22 - loss: 7.3019 
277/567 [=============>................] - ETA: 0:20<0:21 - loss: 7.3025 
278/567 [=============>................] - ETA: 0:21<0:21 - loss: 7.3001 
279/567 [=============>................] - ETA: 0:21<0:21 - loss: 7.2968 
280/567 [=============>................] - ETA: 0:21<0:21 - loss: 7.2972 
281/567 [=============>................] - ETA: 0:21<0:21 - loss: 7.2973 
282/567 [=============>................] - ETA: 0:21<0:21 - loss: 7.2994 
283/567 [=============>................] - ETA: 0:21<0:21 - loss: 7.2972 
284/567 [==============>...............] - ETA: 0:21<0:21 - loss: 7.2945 
285/567 [==============>...............] - ETA: 0:21<0:21 - loss: 7.2903 
286/567 [==============>...............] - ETA: 0:21<0:21 - loss: 7.2877 
287/567 [==============>...............] - ETA: 0:21<0:21 - loss: 7.2860 
288/567 [==============>...............] - ETA: 0:21<0:21 - loss: 7.2846 
289/567 [==============>...............] - ETA: 0:21<0:21 - loss: 7.2851 
290/567 [==============>...............] - ETA: 0:21<0:20 - loss: 7.2844 
291/567 [==============>...............] - ETA: 0:22<0:20 - loss: 7.2841 
292/567 [==============>...............] - ETA: 0:22<0:20 - loss: 7.2835 
293/567 [==============>...............] - ETA: 0:22<0:20 - loss: 7.2808 
294/567 [==============>...............] - ETA: 0:22<0:20 - loss: 7.2824 
295/567 [==============>...............] - ETA: 0:22<0:20 - loss: 7.2838 
296/567 [==============>...............] - ETA: 0:22<0:20 - loss: 7.2854 
297/567 [==============>...............] - ETA: 0:22<0:20 - loss: 7.2883 
298/567 [==============>...............] - ETA: 0:22<0:20 - loss: 7.2892 
299/567 [==============>...............] - ETA: 0:22<0:20 - loss: 7.2872 
300/567 [==============>...............] - ETA: 0:22<0:20 - loss: 7.2887 
301/567 [==============>...............] - ETA: 0:22<0:20 - loss: 7.2892 
302/567 [==============>...............] - ETA: 0:22<0:20 - loss: 7.2910 
303/567 [===============>..............] - ETA: 0:22<0:19 - loss: 7.2862 
304/567 [===============>..............] - ETA: 0:23<0:19 - loss: 7.2834 
305/567 [===============>..............] - ETA: 0:23<0:19 - loss: 7.2862 
306/567 [===============>..............] - ETA: 0:23<0:19 - loss: 7.2831 
307/567 [===============>..............] - ETA: 0:23<0:19 - loss: 7.2804 
308/567 [===============>..............] - ETA: 0:23<0:19 - loss: 7.2790 
309/567 [===============>..............] - ETA: 0:23<0:19 - loss: 7.2829 
310/567 [===============>..............] - ETA: 0:23<0:19 - loss: 7.2835 
311/567 [===============>..............] - ETA: 0:23<0:19 - loss: 7.2785 
312/567 [===============>..............] - ETA: 0:23<0:19 - loss: 7.2737 
313/567 [===============>..............] - ETA: 0:23<0:19 - loss: 7.2752 
314/567 [===============>..............] - ETA: 0:23<0:19 - loss: 7.2743 
315/567 [===============>..............] - ETA: 0:23<0:19 - loss: 7.2712 
316/567 [===============>..............] - ETA: 0:23<0:19 - loss: 7.2679 
317/567 [===============>..............] - ETA: 0:24<0:18 - loss: 7.2703 
318/567 [===============>..............] - ETA: 0:24<0:18 - loss: 7.2680 
319/567 [===============>..............] - ETA: 0:24<0:18 - loss: 7.2637 
320/567 [===============>..............] - ETA: 0:24<0:18 - loss: 7.2617 
321/567 [===============>..............] - ETA: 0:24<0:18 - loss: 7.2627 
322/567 [================>.............] - ETA: 0:24<0:18 - loss: 7.2643 
323/567 [================>.............] - ETA: 0:24<0:18 - loss: 7.2627 
324/567 [================>.............] - ETA: 0:24<0:18 - loss: 7.2615 
325/567 [================>.............] - ETA: 0:24<0:18 - loss: 7.2634 
326/567 [================>.............] - ETA: 0:24<0:18 - loss: 7.2673 
327/567 [================>.............] - ETA: 0:24<0:18 - loss: 7.2606 
328/567 [================>.............] - ETA: 0:24<0:18 - loss: 7.2660 
329/567 [================>.............] - ETA: 0:24<0:18 - loss: 7.2685 
330/567 [================>.............] - ETA: 0:25<0:17 - loss: 7.2689 
331/567 [================>.............] - ETA: 0:25<0:17 - loss: 7.2695 
332/567 [================>.............] - ETA: 0:25<0:17 - loss: 7.2672 
333/567 [================>.............] - ETA: 0:25<0:17 - loss: 7.2712 
334/567 [================>.............] - ETA: 0:25<0:17 - loss: 7.2678 
335/567 [================>.............] - ETA: 0:25<0:17 - loss: 7.2675 
336/567 [================>.............] - ETA: 0:25<0:17 - loss: 7.2656 
337/567 [================>.............] - ETA: 0:25<0:17 - loss: 7.2677 
338/567 [================>.............] - ETA: 0:25<0:17 - loss: 7.2662 
339/567 [================>.............] - ETA: 0:25<0:17 - loss: 7.2627 
340/567 [================>.............] - ETA: 0:25<0:17 - loss: 7.2650 
341/567 [=================>............] - ETA: 0:25<0:17 - loss: 7.2683 
342/567 [=================>............] - ETA: 0:25<0:17 - loss: 7.2642 
343/567 [=================>............] - ETA: 0:25<0:16 - loss: 7.2597 
344/567 [=================>............] - ETA: 0:26<0:16 - loss: 7.2588 
345/567 [=================>............] - ETA: 0:26<0:16 - loss: 7.2594 
346/567 [=================>............] - ETA: 0:26<0:16 - loss: 7.2612 
347/567 [=================>............] - ETA: 0:26<0:16 - loss: 7.2609 
348/567 [=================>............] - ETA: 0:26<0:16 - loss: 7.2586 
349/567 [=================>............] - ETA: 0:26<0:16 - loss: 7.2599 
350/567 [=================>............] - ETA: 0:26<0:16 - loss: 7.2555 
351/567 [=================>............] - ETA: 0:26<0:16 - loss: 7.2678 
352/567 [=================>............] - ETA: 0:26<0:16 - loss: 7.2787 
353/567 [=================>............] - ETA: 0:26<0:16 - loss: 7.2922 
354/567 [=================>............] - ETA: 0:26<0:16 - loss: 7.2955 
355/567 [=================>............] - ETA: 0:26<0:16 - loss: 7.3032 
356/567 [=================>............] - ETA: 0:26<0:15 - loss: 7.3090 
357/567 [=================>............] - ETA: 0:27<0:15 - loss: 7.3166 
358/567 [=================>............] - ETA: 0:27<0:15 - loss: 7.3162 
359/567 [=================>............] - ETA: 0:27<0:15 - loss: 7.3267 
360/567 [==================>...........] - ETA: 0:27<0:15 - loss: 7.3317 
361/567 [==================>...........] - ETA: 0:27<0:15 - loss: 7.3302 
362/567 [==================>...........] - ETA: 0:27<0:15 - loss: 7.3344 
363/567 [==================>...........] - ETA: 0:27<0:15 - loss: 7.3394 
364/567 [==================>...........] - ETA: 0:27<0:15 - loss: 7.3434 
365/567 [==================>...........] - ETA: 0:27<0:15 - loss: 7.3462 
366/567 [==================>...........] - ETA: 0:27<0:15 - loss: 7.3449 
367/567 [==================>...........] - ETA: 0:27<0:15 - loss: 7.3492 
368/567 [==================>...........] - ETA: 0:27<0:15 - loss: 7.3501 
369/567 [==================>...........] - ETA: 0:27<0:15 - loss: 7.3490 
370/567 [==================>...........] - ETA: 0:28<0:14 - loss: 7.3525 
371/567 [==================>...........] - ETA: 0:28<0:14 - loss: 7.3555 
372/567 [==================>...........] - ETA: 0:28<0:14 - loss: 7.3562 
373/567 [==================>...........] - ETA: 0:28<0:14 - loss: 7.3614 
374/567 [==================>...........] - ETA: 0:28<0:14 - loss: 7.3582 
375/567 [==================>...........] - ETA: 0:28<0:14 - loss: 7.3567 
376/567 [==================>...........] - ETA: 0:28<0:14 - loss: 7.3513 
377/567 [==================>...........] - ETA: 0:28<0:14 - loss: 7.3530 
378/567 [===================>..........] - ETA: 0:28<0:14 - loss: 7.3563 
379/567 [===================>..........] - ETA: 0:28<0:14 - loss: 7.3557 
380/567 [===================>..........] - ETA: 0:28<0:14 - loss: 7.3521 
381/567 [===================>..........] - ETA: 0:28<0:14 - loss: 7.3476 
382/567 [===================>..........] - ETA: 0:28<0:14 - loss: 7.3461 
383/567 [===================>..........] - ETA: 0:29<0:13 - loss: 7.3461 
384/567 [===================>..........] - ETA: 0:29<0:13 - loss: 7.3478 
385/567 [===================>..........] - ETA: 0:29<0:13 - loss: 7.3475 
386/567 [===================>..........] - ETA: 0:29<0:13 - loss: 7.3488 
387/567 [===================>..........] - ETA: 0:29<0:13 - loss: 7.3488 
388/567 [===================>..........] - ETA: 0:29<0:13 - loss: 7.3489 
389/567 [===================>..........] - ETA: 0:29<0:13 - loss: 7.3456 
390/567 [===================>..........] - ETA: 0:29<0:13 - loss: 7.3463 
391/567 [===================>..........] - ETA: 0:29<0:13 - loss: 7.3442 
392/567 [===================>..........] - ETA: 0:29<0:13 - loss: 7.3433 
393/567 [===================>..........] - ETA: 0:29<0:13 - loss: 7.3452 
394/567 [===================>..........] - ETA: 0:29<0:13 - loss: 7.3427 
395/567 [===================>..........] - ETA: 0:29<0:13 - loss: 7.3409 
396/567 [===================>..........] - ETA: 0:29<0:12 - loss: 7.3393 
397/567 [====================>.........] - ETA: 0:30<0:12 - loss: 7.3369 
398/567 [====================>.........] - ETA: 0:30<0:12 - loss: 7.3342 
399/567 [====================>.........] - ETA: 0:30<0:12 - loss: 7.3361 
400/567 [====================>.........] - ETA: 0:30<0:12 - loss: 7.3343 
401/567 [====================>.........] - ETA: 0:30<0:12 - loss: 7.3313 
402/567 [====================>.........] - ETA: 0:30<0:12 - loss: 7.3294 
403/567 [====================>.........] - ETA: 0:30<0:12 - loss: 7.3320 
404/567 [====================>.........] - ETA: 0:30<0:12 - loss: 7.3323 
405/567 [====================>.........] - ETA: 0:30<0:12 - loss: 7.3268 
406/567 [====================>.........] - ETA: 0:30<0:12 - loss: 7.3280 
407/567 [====================>.........] - ETA: 0:30<0:12 - loss: 7.3313 
408/567 [====================>.........] - ETA: 0:30<0:12 - loss: 7.3335 
409/567 [====================>.........] - ETA: 0:30<0:11 - loss: 7.3316 
410/567 [====================>.........] - ETA: 0:31<0:11 - loss: 7.3318 
411/567 [====================>.........] - ETA: 0:31<0:11 - loss: 7.3312 
412/567 [====================>.........] - ETA: 0:31<0:11 - loss: 7.3299 
413/567 [====================>.........] - ETA: 0:31<0:11 - loss: 7.3279 
414/567 [====================>.........] - ETA: 0:31<0:11 - loss: 7.3236 
415/567 [====================>.........] - ETA: 0:31<0:11 - loss: 7.3210 
416/567 [=====================>........] - ETA: 0:31<0:11 - loss: 7.3225 
417/567 [=====================>........] - ETA: 0:31<0:11 - loss: 7.3193 
418/567 [=====================>........] - ETA: 0:31<0:11 - loss: 7.3193 
419/567 [=====================>........] - ETA: 0:31<0:11 - loss: 7.3218 
420/567 [=====================>........] - ETA: 0:31<0:11 - loss: 7.3216 
421/567 [=====================>........] - ETA: 0:31<0:11 - loss: 7.3212 
422/567 [=====================>........] - ETA: 0:31<0:10 - loss: 7.3182 
423/567 [=====================>........] - ETA: 0:32<0:10 - loss: 7.3185 
424/567 [=====================>........] - ETA: 0:32<0:10 - loss: 7.3183 
425/567 [=====================>........] - ETA: 0:32<0:10 - loss: 7.3139 
426/567 [=====================>........] - ETA: 0:32<0:10 - loss: 7.3102 
427/567 [=====================>........] - ETA: 0:32<0:10 - loss: 7.3157 
428/567 [=====================>........] - ETA: 0:32<0:10 - loss: 7.3102 
429/567 [=====================>........] - ETA: 0:32<0:10 - loss: 7.3060 
430/567 [=====================>........] - ETA: 0:32<0:10 - loss: 7.3075 
431/567 [=====================>........] - ETA: 0:32<0:10 - loss: 7.3043 
432/567 [=====================>........] - ETA: 0:32<0:10 - loss: 7.3036 
433/567 [=====================>........] - ETA: 0:32<0:10 - loss: 7.3000 
434/567 [=====================>........] - ETA: 0:32<0:10 - loss: 7.3023 
435/567 [======================>.......] - ETA: 0:32<0:10 - loss: 7.3036 
436/567 [======================>.......] - ETA: 0:33<0:09 - loss: 7.3010 
437/567 [======================>.......] - ETA: 0:33<0:09 - loss: 7.2991 
438/567 [======================>.......] - ETA: 0:33<0:09 - loss: 7.2990 
439/567 [======================>.......] - ETA: 0:33<0:09 - loss: 7.3017 
440/567 [======================>.......] - ETA: 0:33<0:09 - loss: 7.2988 
441/567 [======================>.......] - ETA: 0:33<0:09 - loss: 7.2970 
442/567 [======================>.......] - ETA: 0:33<0:09 - loss: 7.2977 
443/567 [======================>.......] - ETA: 0:33<0:09 - loss: 7.3019 
444/567 [======================>.......] - ETA: 0:33<0:09 - loss: 7.3037 
445/567 [======================>.......] - ETA: 0:33<0:09 - loss: 7.2971 
446/567 [======================>.......] - ETA: 0:33<0:09 - loss: 7.2966 
447/567 [======================>.......] - ETA: 0:33<0:09 - loss: 7.2971 
448/567 [======================>.......] - ETA: 0:33<0:09 - loss: 7.2964 
449/567 [======================>.......] - ETA: 0:34<0:08 - loss: 7.2946 
450/567 [======================>.......] - ETA: 0:34<0:08 - loss: 7.2949 
451/567 [======================>.......] - ETA: 0:34<0:08 - loss: 7.2848 
452/567 [======================>.......] - ETA: 0:34<0:08 - loss: 7.2794 
453/567 [======================>.......] - ETA: 0:34<0:08 - loss: 7.2643 
454/567 [=======================>......] - ETA: 0:34<0:08 - loss: 7.2620 
455/567 [=======================>......] - ETA: 0:34<0:08 - loss: 7.2584 
456/567 [=======================>......] - ETA: 0:34<0:08 - loss: 7.2497 
457/567 [=======================>......] - ETA: 0:34<0:08 - loss: 7.2405 
458/567 [=======================>......] - ETA: 0:34<0:08 - loss: 7.2372 
459/567 [=======================>......] - ETA: 0:34<0:08 - loss: 7.2267 
460/567 [=======================>......] - ETA: 0:34<0:08 - loss: 7.2218 
461/567 [=======================>......] - ETA: 0:34<0:08 - loss: 7.2190 
462/567 [=======================>......] - ETA: 0:35<0:07 - loss: 7.2173 
463/567 [=======================>......] - ETA: 0:35<0:07 - loss: 7.2110 
464/567 [=======================>......] - ETA: 0:35<0:07 - loss: 7.2085 
465/567 [=======================>......] - ETA: 0:35<0:07 - loss: 7.2052 
466/567 [=======================>......] - ETA: 0:35<0:07 - loss: 7.2019 
467/567 [=======================>......] - ETA: 0:35<0:07 - loss: 7.1990 
468/567 [=======================>......] - ETA: 0:35<0:07 - loss: 7.1969 
469/567 [=======================>......] - ETA: 0:35<0:07 - loss: 7.1927 
470/567 [=======================>......] - ETA: 0:35<0:07 - loss: 7.1885 
471/567 [=======================>......] - ETA: 0:35<0:07 - loss: 7.1849 
472/567 [=======================>......] - ETA: 0:35<0:07 - loss: 7.1841 
473/567 [========================>.....] - ETA: 0:35<0:07 - loss: 7.1793 
474/567 [========================>.....] - ETA: 0:35<0:07 - loss: 7.1798 
475/567 [========================>.....] - ETA: 0:35<0:06 - loss: 7.1816 
476/567 [========================>.....] - ETA: 0:36<0:06 - loss: 7.1819 
477/567 [========================>.....] - ETA: 0:36<0:06 - loss: 7.1750 
478/567 [========================>.....] - ETA: 0:36<0:06 - loss: 7.1741 
479/567 [========================>.....] - ETA: 0:36<0:06 - loss: 7.1733 
480/567 [========================>.....] - ETA: 0:36<0:06 - loss: 7.1739 
481/567 [========================>.....] - ETA: 0:36<0:06 - loss: 7.1775 
482/567 [========================>.....] - ETA: 0:36<0:06 - loss: 7.1791 
483/567 [========================>.....] - ETA: 0:36<0:06 - loss: 7.1783 
484/567 [========================>.....] - ETA: 0:36<0:06 - loss: 7.1759 
485/567 [========================>.....] - ETA: 0:36<0:06 - loss: 7.1706 
486/567 [========================>.....] - ETA: 0:36<0:06 - loss: 7.1677 
487/567 [========================>.....] - ETA: 0:36<0:06 - loss: 7.1679 
488/567 [========================>.....] - ETA: 0:36<0:05 - loss: 7.1690 
489/567 [========================>.....] - ETA: 0:37<0:05 - loss: 7.1684 
490/567 [========================>.....] - ETA: 0:37<0:05 - loss: 7.1680 
491/567 [========================>.....] - ETA: 0:37<0:05 - loss: 7.1675 
492/567 [=========================>....] - ETA: 0:37<0:05 - loss: 7.1711 
493/567 [=========================>....] - ETA: 0:37<0:05 - loss: 7.1675 
494/567 [=========================>....] - ETA: 0:37<0:05 - loss: 7.1660 
495/567 [=========================>....] - ETA: 0:37<0:05 - loss: 7.1644 
496/567 [=========================>....] - ETA: 0:37<0:05 - loss: 7.1637 
497/567 [=========================>....] - ETA: 0:37<0:05 - loss: 7.1600 
498/567 [=========================>....] - ETA: 0:37<0:05 - loss: 7.1626 
499/567 [=========================>....] - ETA: 0:37<0:05 - loss: 7.1635 
500/567 [=========================>....] - ETA: 0:37<0:05 - loss: 7.1677 
501/567 [=========================>....] - ETA: 0:37<0:05 - loss: 7.1666 
502/567 [=========================>....] - ETA: 0:38<0:04 - loss: 7.1641 
503/567 [=========================>....] - ETA: 0:38<0:04 - loss: 7.1614 
504/567 [=========================>....] - ETA: 0:38<0:04 - loss: 7.1606 
505/567 [=========================>....] - ETA: 0:38<0:04 - loss: 7.1631 
506/567 [=========================>....] - ETA: 0:38<0:04 - loss: 7.1595 
507/567 [=========================>....] - ETA: 0:38<0:04 - loss: 7.1576 
508/567 [=========================>....] - ETA: 0:38<0:04 - loss: 7.1551 
509/567 [=========================>....] - ETA: 0:38<0:04 - loss: 7.1552 
510/567 [=========================>....] - ETA: 0:38<0:04 - loss: 7.1517 
511/567 [==========================>...] - ETA: 0:38<0:04 - loss: 7.1551 
512/567 [==========================>...] - ETA: 0:38<0:04 - loss: 7.1561 
513/567 [==========================>...] - ETA: 0:38<0:04 - loss: 7.1566 
514/567 [==========================>...] - ETA: 0:38<0:04 - loss: 7.1541 
515/567 [==========================>...] - ETA: 0:39<0:03 - loss: 7.1530 
516/567 [==========================>...] - ETA: 0:39<0:03 - loss: 7.1540 
517/567 [==========================>...] - ETA: 0:39<0:03 - loss: 7.1529 
518/567 [==========================>...] - ETA: 0:39<0:03 - loss: 7.1542 
519/567 [==========================>...] - ETA: 0:39<0:03 - loss: 7.1496 
520/567 [==========================>...] - ETA: 0:39<0:03 - loss: 7.1469 
521/567 [==========================>...] - ETA: 0:39<0:03 - loss: 7.1458 
522/567 [==========================>...] - ETA: 0:39<0:03 - loss: 7.1447 
523/567 [==========================>...] - ETA: 0:39<0:03 - loss: 7.1433 
524/567 [==========================>...] - ETA: 0:39<0:03 - loss: 7.1410 
525/567 [==========================>...] - ETA: 0:39<0:03 - loss: 7.1455 
526/567 [==========================>...] - ETA: 0:39<0:03 - loss: 7.1478 
527/567 [==========================>...] - ETA: 0:39<0:03 - loss: 7.1445 
528/567 [==========================>...] - ETA: 0:39<0:02 - loss: 7.1420 
529/567 [==========================>...] - ETA: 0:40<0:02 - loss: 7.1437 
530/567 [===========================>..] - ETA: 0:40<0:02 - loss: 7.1383 
531/567 [===========================>..] - ETA: 0:40<0:02 - loss: 7.1384 
532/567 [===========================>..] - ETA: 0:40<0:02 - loss: 7.1333 
533/567 [===========================>..] - ETA: 0:40<0:02 - loss: 7.1347 
534/567 [===========================>..] - ETA: 0:40<0:02 - loss: 7.1327 
535/567 [===========================>..] - ETA: 0:40<0:02 - loss: 7.1285 
536/567 [===========================>..] - ETA: 0:40<0:02 - loss: 7.1274 
537/567 [===========================>..] - ETA: 0:40<0:02 - loss: 7.1279 
538/567 [===========================>..] - ETA: 0:40<0:02 - loss: 7.1258 
539/567 [===========================>..] - ETA: 0:40<0:02 - loss: 7.1229 
540/567 [===========================>..] - ETA: 0:40<0:02 - loss: 7.1224 
541/567 [===========================>..] - ETA: 0:40<0:01 - loss: 7.1190 
542/567 [===========================>..] - ETA: 0:41<0:01 - loss: 7.1142 
543/567 [===========================>..] - ETA: 0:41<0:01 - loss: 7.1130 
544/567 [===========================>..] - ETA: 0:41<0:01 - loss: 7.1099 
545/567 [===========================>..] - ETA: 0:41<0:01 - loss: 7.1111 
546/567 [===========================>..] - ETA: 0:41<0:01 - loss: 7.1127 
547/567 [===========================>..] - ETA: 0:41<0:01 - loss: 7.1113 
548/567 [===========================>..] - ETA: 0:41<0:01 - loss: 7.1134 
549/567 [============================>.] - ETA: 0:41<0:01 - loss: 7.1128 
550/567 [============================>.] - ETA: 0:41<0:01 - loss: 7.1110 
551/567 [============================>.] - ETA: 0:41<0:01 - loss: 7.1090 
552/567 [============================>.] - ETA: 0:41<0:01 - loss: 7.1014 
553/567 [============================>.] - ETA: 0:41<0:01 - loss: 7.1016 
554/567 [============================>.] - ETA: 0:41<0:00 - loss: 7.0994 
555/567 [============================>.] - ETA: 0:42<0:00 - loss: 7.0929 
556/567 [============================>.] - ETA: 0:42<0:00 - loss: 7.0942 
557/567 [============================>.] - ETA: 0:42<0:00 - loss: 7.0946 
558/567 [============================>.] - ETA: 0:42<0:00 - loss: 7.0932 
559/567 [============================>.] - ETA: 0:42<0:00 - loss: 7.0946 
560/567 [============================>.] - ETA: 0:42<0:00 - loss: 7.0903 
561/567 [============================>.] - ETA: 0:42<0:00 - loss: 7.0898 
562/567 [============================>.] - ETA: 0:42<0:00 - loss: 7.0835 
563/567 [============================>.] - ETA: 0:42<0:00 - loss: 7.0819 
564/567 [============================>.] - ETA: 0:42<0:00 - loss: 7.0827 
565/567 [============================>.] - ETA: 0:42<0:00 - loss: 7.0779 
566/567 [============================>.] - ETA: 0:42<0:00 - loss: 7.0781 
567/567 [==============================] - 0:42 76ms/step - loss: 7.0792 
2024-07-06 23:20:19 - Finish Epoch: 4/20 - loss: 7.2897
日晃百花色    风声入紫衣
  0%|                                                                                                                                                    | 0/4 [00:00<?, ?it/s] 50%|██████████████████████████████████████████████████████████████████████                                                                      | 2/4 [00:00<00:00, 17.42it/s]100%|████████████████████████████████████████████████████████████████████████████████████████████████████████████████████████████████████████████| 4/4 [00:00<00:00, 17.42it/s]100%|████████████████████████████████████████████████████████████████████████████████████████████████████████████████████████████████████████████| 4/4 [00:00<00:00, 17.41it/s]
  0%|                                                                                                                                                    | 0/4 [00:00<?, ?it/s] 50%|██████████████████████████████████████████████████████████████████████                                                                      | 2/4 [00:00<00:00, 16.94it/s]100%|████████████████████████████████████████████████████████████████████████████████████████████████████████████████████████████████████████████| 4/4 [00:00<00:00, 17.25it/s]100%|████████████████████████████████████████████████████████████████████████████████████████████████████████████████████████████████████████████| 4/4 [00:00<00:00, 17.19it/s]
valid_data: {'rouge-1': 0.0, 'rouge-2': 0.0, 'rouge-l': 0.0, 'bleu': 0.0, 'best_bleu': 0.013432124147794272}
test_data: {'rouge-1': 0.0, 'rouge-2': 0.0, 'rouge-l': 0.0, 'bleu': 0.0}

2024-07-06 23:20:20 - Start  Epoch: 5/20

  1/567 [..............................] - ETA: 0:00<0:43 - loss: 7.0749 
  2/567 [..............................] - ETA: 0:00<0:42 - loss: 7.0777 
  3/567 [..............................] - ETA: 0:00<0:42 - loss: 7.0750 
  4/567 [..............................] - ETA: 0:00<0:42 - loss: 7.0750 
  5/567 [..............................] - ETA: 0:00<0:42 - loss: 7.0740 
  6/567 [..............................] - ETA: 0:00<0:43 - loss: 7.0728 
  7/567 [..............................] - ETA: 0:00<0:43 - loss: 7.0685 
  8/567 [..............................] - ETA: 0:00<0:43 - loss: 7.0663 
  9/567 [..............................] - ETA: 0:00<0:43 - loss: 7.0660 
 10/567 [..............................] - ETA: 0:00<0:43 - loss: 7.0717 
 11/567 [..............................] - ETA: 0:00<0:42 - loss: 7.0698 
 12/567 [..............................] - ETA: 0:00<0:42 - loss: 7.0664 
 13/567 [..............................] - ETA: 0:00<0:42 - loss: 7.0672 
 14/567 [..............................] - ETA: 0:01<0:42 - loss: 7.0673 
 15/567 [..............................] - ETA: 0:01<0:42 - loss: 7.0640 
 16/567 [..............................] - ETA: 0:01<0:42 - loss: 7.0642 
 17/567 [..............................] - ETA: 0:01<0:42 - loss: 7.0691 
 18/567 [..............................] - ETA: 0:01<0:41 - loss: 7.0697 
 19/567 [>.............................] - ETA: 0:01<0:41 - loss: 7.0708 
 20/567 [>.............................] - ETA: 0:01<0:41 - loss: 7.0719 
 21/567 [>.............................] - ETA: 0:01<0:41 - loss: 7.0699 
 22/567 [>.............................] - ETA: 0:01<0:41 - loss: 7.0675 
 23/567 [>.............................] - ETA: 0:01<0:41 - loss: 7.0638 
 24/567 [>.............................] - ETA: 0:01<0:41 - loss: 7.0622 
 25/567 [>.............................] - ETA: 0:01<0:41 - loss: 7.0573 
 26/567 [>.............................] - ETA: 0:01<0:41 - loss: 7.0560 
 27/567 [>.............................] - ETA: 0:02<0:41 - loss: 7.0546 
 28/567 [>.............................] - ETA: 0:02<0:40 - loss: 7.0541 
 29/567 [>.............................] - ETA: 0:02<0:40 - loss: 7.0524 
 30/567 [>.............................] - ETA: 0:02<0:40 - loss: 7.0523 
 31/567 [>.............................] - ETA: 0:02<0:40 - loss: 7.0475 
 32/567 [>.............................] - ETA: 0:02<0:40 - loss: 7.0481 
 33/567 [>.............................] - ETA: 0:02<0:40 - loss: 7.0427 
 34/567 [>.............................] - ETA: 0:02<0:40 - loss: 7.0390 
 35/567 [>.............................] - ETA: 0:02<0:40 - loss: 7.0374 
 36/567 [>.............................] - ETA: 0:02<0:40 - loss: 7.0382 
 37/567 [>.............................] - ETA: 0:02<0:40 - loss: 7.0357 
 38/567 [=>............................] - ETA: 0:02<0:40 - loss: 7.0359 
 39/567 [=>............................] - ETA: 0:02<0:39 - loss: 7.0346 
 40/567 [=>............................] - ETA: 0:03<0:39 - loss: 7.0326 
 41/567 [=>............................] - ETA: 0:03<0:39 - loss: 7.0324 
 42/567 [=>............................] - ETA: 0:03<0:39 - loss: 7.0312 
 43/567 [=>............................] - ETA: 0:03<0:39 - loss: 7.0342 
 44/567 [=>............................] - ETA: 0:03<0:39 - loss: 7.0324 
 45/567 [=>............................] - ETA: 0:03<0:39 - loss: 7.0319 
 46/567 [=>............................] - ETA: 0:03<0:39 - loss: 7.0313 
 47/567 [=>............................] - ETA: 0:03<0:39 - loss: 7.0286 
 48/567 [=>............................] - ETA: 0:03<0:39 - loss: 7.0285 
 49/567 [=>............................] - ETA: 0:03<0:39 - loss: 7.0245 
 50/567 [=>............................] - ETA: 0:03<0:39 - loss: 7.0240 
 51/567 [=>............................] - ETA: 0:03<0:39 - loss: 7.0204 
 52/567 [=>............................] - ETA: 0:03<0:38 - loss: 7.0199 
 53/567 [=>............................] - ETA: 0:04<0:38 - loss: 7.0224 
 54/567 [=>............................] - ETA: 0:04<0:38 - loss: 7.0216 
 55/567 [=>............................] - ETA: 0:04<0:38 - loss: 7.0214 
 56/567 [=>............................] - ETA: 0:04<0:38 - loss: 7.0220 
 57/567 [==>...........................] - ETA: 0:04<0:38 - loss: 7.0221 
 58/567 [==>...........................] - ETA: 0:04<0:38 - loss: 7.0156 
 59/567 [==>...........................] - ETA: 0:04<0:38 - loss: 7.0118 
 60/567 [==>...........................] - ETA: 0:04<0:38 - loss: 7.0125 
 61/567 [==>...........................] - ETA: 0:04<0:38 - loss: 7.0114 
 62/567 [==>...........................] - ETA: 0:04<0:38 - loss: 7.0126 
 63/567 [==>...........................] - ETA: 0:04<0:38 - loss: 7.0120 
 64/567 [==>...........................] - ETA: 0:04<0:38 - loss: 7.0099 
 65/567 [==>...........................] - ETA: 0:04<0:38 - loss: 7.0080 
 66/567 [==>...........................] - ETA: 0:04<0:37 - loss: 7.0023 
 67/567 [==>...........................] - ETA: 0:05<0:37 - loss: 7.0020 
 68/567 [==>...........................] - ETA: 0:05<0:37 - loss: 7.0028 
 69/567 [==>...........................] - ETA: 0:05<0:37 - loss: 7.0042 
 70/567 [==>...........................] - ETA: 0:05<0:37 - loss: 7.0017 
 71/567 [==>...........................] - ETA: 0:05<0:37 - loss: 7.0027 
 72/567 [==>...........................] - ETA: 0:05<0:37 - loss: 7.0031 
 73/567 [==>...........................] - ETA: 0:05<0:37 - loss: 7.0053 
 74/567 [==>...........................] - ETA: 0:05<0:37 - loss: 7.0073 
 75/567 [==>...........................] - ETA: 0:05<0:37 - loss: 7.0128 
 76/567 [===>..........................] - ETA: 0:05<0:37 - loss: 7.0125 
 77/567 [===>..........................] - ETA: 0:05<0:37 - loss: 7.0098 
 78/567 [===>..........................] - ETA: 0:05<0:37 - loss: 7.0104 
 79/567 [===>..........................] - ETA: 0:05<0:36 - loss: 7.0039 
 80/567 [===>..........................] - ETA: 0:06<0:36 - loss: 6.9987 
 81/567 [===>..........................] - ETA: 0:06<0:36 - loss: 6.9936 
 82/567 [===>..........................] - ETA: 0:06<0:36 - loss: 6.9925 
 83/567 [===>..........................] - ETA: 0:06<0:36 - loss: 6.9915 
 84/567 [===>..........................] - ETA: 0:06<0:36 - loss: 6.9898 
 85/567 [===>..........................] - ETA: 0:06<0:36 - loss: 6.9885 
 86/567 [===>..........................] - ETA: 0:06<0:36 - loss: 6.9874 
 87/567 [===>..........................] - ETA: 0:06<0:36 - loss: 6.9874 
 88/567 [===>..........................] - ETA: 0:06<0:36 - loss: 6.9878 
 89/567 [===>..........................] - ETA: 0:06<0:36 - loss: 6.9866 
 90/567 [===>..........................] - ETA: 0:06<0:36 - loss: 6.9885 
 91/567 [===>..........................] - ETA: 0:06<0:36 - loss: 6.9844 
 92/567 [===>..........................] - ETA: 0:06<0:35 - loss: 6.9819 
 93/567 [===>..........................] - ETA: 0:07<0:35 - loss: 6.9840 
 94/567 [===>..........................] - ETA: 0:07<0:35 - loss: 6.9847 
 95/567 [====>.........................] - ETA: 0:07<0:35 - loss: 6.9842 
 96/567 [====>.........................] - ETA: 0:07<0:35 - loss: 6.9873 
 97/567 [====>.........................] - ETA: 0:07<0:35 - loss: 6.9828 
 98/567 [====>.........................] - ETA: 0:07<0:35 - loss: 6.9815 
 99/567 [====>.........................] - ETA: 0:07<0:35 - loss: 6.9781 
100/567 [====>.........................] - ETA: 0:07<0:35 - loss: 6.9768 
101/567 [====>.........................] - ETA: 0:07<0:35 - loss: 6.9734 
102/567 [====>.........................] - ETA: 0:07<0:35 - loss: 6.9679 
103/567 [====>.........................] - ETA: 0:07<0:35 - loss: 6.9701 
104/567 [====>.........................] - ETA: 0:07<0:35 - loss: 6.9705 
105/567 [====>.........................] - ETA: 0:07<0:34 - loss: 6.9688 
106/567 [====>.........................] - ETA: 0:08<0:34 - loss: 6.9732 
107/567 [====>.........................] - ETA: 0:08<0:34 - loss: 6.9779 
108/567 [====>.........................] - ETA: 0:08<0:34 - loss: 6.9781 
109/567 [====>.........................] - ETA: 0:08<0:34 - loss: 6.9755 
110/567 [====>.........................] - ETA: 0:08<0:34 - loss: 6.9709 
111/567 [====>.........................] - ETA: 0:08<0:34 - loss: 6.9718 
112/567 [====>.........................] - ETA: 0:08<0:34 - loss: 6.9717 
113/567 [====>.........................] - ETA: 0:08<0:34 - loss: 6.9705 
114/567 [=====>........................] - ETA: 0:08<0:34 - loss: 6.9686 
115/567 [=====>........................] - ETA: 0:08<0:34 - loss: 6.9699 
116/567 [=====>........................] - ETA: 0:08<0:34 - loss: 6.9667 
117/567 [=====>........................] - ETA: 0:08<0:34 - loss: 6.9617 
118/567 [=====>........................] - ETA: 0:08<0:33 - loss: 6.9624 
119/567 [=====>........................] - ETA: 0:08<0:33 - loss: 6.9577 
120/567 [=====>........................] - ETA: 0:09<0:33 - loss: 6.9534 
121/567 [=====>........................] - ETA: 0:09<0:33 - loss: 6.9531 
122/567 [=====>........................] - ETA: 0:09<0:33 - loss: 6.9528 
123/567 [=====>........................] - ETA: 0:09<0:33 - loss: 6.9523 
124/567 [=====>........................] - ETA: 0:09<0:33 - loss: 6.9500 
125/567 [=====>........................] - ETA: 0:09<0:33 - loss: 6.9479 
126/567 [=====>........................] - ETA: 0:09<0:33 - loss: 6.9462 
127/567 [=====>........................] - ETA: 0:09<0:33 - loss: 6.9463 
128/567 [=====>........................] - ETA: 0:09<0:33 - loss: 6.9463 
129/567 [=====>........................] - ETA: 0:09<0:33 - loss: 6.9463 
130/567 [=====>........................] - ETA: 0:09<0:33 - loss: 6.9451 
131/567 [=====>........................] - ETA: 0:09<0:32 - loss: 6.9455 
132/567 [=====>........................] - ETA: 0:09<0:32 - loss: 6.9421 
133/567 [======>.......................] - ETA: 0:10<0:32 - loss: 6.9395 
134/567 [======>.......................] - ETA: 0:10<0:32 - loss: 6.9439 
135/567 [======>.......................] - ETA: 0:10<0:32 - loss: 6.9431 
136/567 [======>.......................] - ETA: 0:10<0:32 - loss: 6.9432 
137/567 [======>.......................] - ETA: 0:10<0:32 - loss: 6.9425 
138/567 [======>.......................] - ETA: 0:10<0:32 - loss: 6.9387 
139/567 [======>.......................] - ETA: 0:10<0:32 - loss: 6.9403 
140/567 [======>.......................] - ETA: 0:10<0:32 - loss: 6.9407 
141/567 [======>.......................] - ETA: 0:10<0:32 - loss: 6.9377 
142/567 [======>.......................] - ETA: 0:10<0:32 - loss: 6.9363 
143/567 [======>.......................] - ETA: 0:10<0:32 - loss: 6.9345 
144/567 [======>.......................] - ETA: 0:10<0:31 - loss: 6.9313 
145/567 [======>.......................] - ETA: 0:10<0:31 - loss: 6.9291 
146/567 [======>.......................] - ETA: 0:11<0:31 - loss: 6.9262 
147/567 [======>.......................] - ETA: 0:11<0:31 - loss: 6.9291 
148/567 [======>.......................] - ETA: 0:11<0:31 - loss: 6.9282 
149/567 [======>.......................] - ETA: 0:11<0:31 - loss: 6.9313 
150/567 [======>.......................] - ETA: 0:11<0:31 - loss: 6.9318 
151/567 [======>.......................] - ETA: 0:11<0:31 - loss: 6.9319 
152/567 [=======>......................] - ETA: 0:11<0:31 - loss: 6.9312 
153/567 [=======>......................] - ETA: 0:11<0:31 - loss: 6.9283 
154/567 [=======>......................] - ETA: 0:11<0:31 - loss: 6.9280 
155/567 [=======>......................] - ETA: 0:11<0:31 - loss: 6.9228 
156/567 [=======>......................] - ETA: 0:11<0:31 - loss: 6.9188 
157/567 [=======>......................] - ETA: 0:11<0:30 - loss: 6.9170 
158/567 [=======>......................] - ETA: 0:11<0:30 - loss: 6.9172 
159/567 [=======>......................] - ETA: 0:12<0:30 - loss: 6.9159 
160/567 [=======>......................] - ETA: 0:12<0:30 - loss: 6.9120 
161/567 [=======>......................] - ETA: 0:12<0:30 - loss: 6.9131 
162/567 [=======>......................] - ETA: 0:12<0:30 - loss: 6.9090 
163/567 [=======>......................] - ETA: 0:12<0:30 - loss: 6.9120 
164/567 [=======>......................] - ETA: 0:12<0:30 - loss: 6.9128 
165/567 [=======>......................] - ETA: 0:12<0:30 - loss: 6.9140 
166/567 [=======>......................] - ETA: 0:12<0:30 - loss: 6.9143 
167/567 [=======>......................] - ETA: 0:12<0:30 - loss: 6.9119 
168/567 [=======>......................] - ETA: 0:12<0:30 - loss: 6.9087 
169/567 [=======>......................] - ETA: 0:12<0:30 - loss: 6.9077 
170/567 [=======>......................] - ETA: 0:12<0:29 - loss: 6.9081 
171/567 [========>.....................] - ETA: 0:12<0:29 - loss: 6.9042 
172/567 [========>.....................] - ETA: 0:12<0:29 - loss: 6.9040 
173/567 [========>.....................] - ETA: 0:13<0:29 - loss: 6.9032 
174/567 [========>.....................] - ETA: 0:13<0:29 - loss: 6.8989 
175/567 [========>.....................] - ETA: 0:13<0:29 - loss: 6.8929 
176/567 [========>.....................] - ETA: 0:13<0:29 - loss: 6.8903 
177/567 [========>.....................] - ETA: 0:13<0:29 - loss: 6.8916 
178/567 [========>.....................] - ETA: 0:13<0:29 - loss: 6.8884 
179/567 [========>.....................] - ETA: 0:13<0:29 - loss: 6.8914 
180/567 [========>.....................] - ETA: 0:13<0:29 - loss: 6.8928 
181/567 [========>.....................] - ETA: 0:13<0:29 - loss: 6.8924 
182/567 [========>.....................] - ETA: 0:13<0:29 - loss: 6.8911 
183/567 [========>.....................] - ETA: 0:13<0:28 - loss: 6.8923 
184/567 [========>.....................] - ETA: 0:13<0:28 - loss: 6.8922 
185/567 [========>.....................] - ETA: 0:13<0:28 - loss: 6.8923 
186/567 [========>.....................] - ETA: 0:14<0:28 - loss: 6.8897 
187/567 [========>.....................] - ETA: 0:14<0:28 - loss: 6.8863 
188/567 [========>.....................] - ETA: 0:14<0:28 - loss: 6.8878 
189/567 [=========>....................] - ETA: 0:14<0:28 - loss: 6.8852 
190/567 [=========>....................] - ETA: 0:14<0:28 - loss: 6.8848 
191/567 [=========>....................] - ETA: 0:14<0:28 - loss: 6.8863 
192/567 [=========>....................] - ETA: 0:14<0:28 - loss: 6.8864 
193/567 [=========>....................] - ETA: 0:14<0:28 - loss: 6.8869 
194/567 [=========>....................] - ETA: 0:14<0:28 - loss: 6.8863 
195/567 [=========>....................] - ETA: 0:14<0:28 - loss: 6.8845 
196/567 [=========>....................] - ETA: 0:14<0:27 - loss: 6.8823 
197/567 [=========>....................] - ETA: 0:14<0:27 - loss: 6.8819 
198/567 [=========>....................] - ETA: 0:14<0:27 - loss: 6.8805 
199/567 [=========>....................] - ETA: 0:15<0:27 - loss: 6.8788 
200/567 [=========>....................] - ETA: 0:15<0:27 - loss: 6.8755 
201/567 [=========>....................] - ETA: 0:15<0:27 - loss: 6.8785 
202/567 [=========>....................] - ETA: 0:15<0:27 - loss: 6.8801 
203/567 [=========>....................] - ETA: 0:15<0:27 - loss: 6.8799 
204/567 [=========>....................] - ETA: 0:15<0:27 - loss: 6.8757 
205/567 [=========>....................] - ETA: 0:15<0:27 - loss: 6.8778 
206/567 [=========>....................] - ETA: 0:15<0:27 - loss: 6.8737 
207/567 [=========>....................] - ETA: 0:15<0:27 - loss: 6.8724 
208/567 [==========>...................] - ETA: 0:15<0:27 - loss: 6.8758 
209/567 [==========>...................] - ETA: 0:15<0:27 - loss: 6.8773 
210/567 [==========>...................] - ETA: 0:15<0:26 - loss: 6.8773 
211/567 [==========>...................] - ETA: 0:15<0:26 - loss: 6.8737 
212/567 [==========>...................] - ETA: 0:15<0:26 - loss: 6.8723 
213/567 [==========>...................] - ETA: 0:16<0:26 - loss: 6.8698 
214/567 [==========>...................] - ETA: 0:16<0:26 - loss: 6.8671 
215/567 [==========>...................] - ETA: 0:16<0:26 - loss: 6.8641 
216/567 [==========>...................] - ETA: 0:16<0:26 - loss: 6.8657 
217/567 [==========>...................] - ETA: 0:16<0:26 - loss: 6.8659 
218/567 [==========>...................] - ETA: 0:16<0:26 - loss: 6.8659 
219/567 [==========>...................] - ETA: 0:16<0:26 - loss: 6.8657 
220/567 [==========>...................] - ETA: 0:16<0:26 - loss: 6.8639 
221/567 [==========>...................] - ETA: 0:16<0:26 - loss: 6.8609 
222/567 [==========>...................] - ETA: 0:16<0:26 - loss: 6.8600 
223/567 [==========>...................] - ETA: 0:16<0:25 - loss: 6.8592 
224/567 [==========>...................] - ETA: 0:16<0:25 - loss: 6.8628 
225/567 [==========>...................] - ETA: 0:16<0:25 - loss: 6.8643 
226/567 [==========>...................] - ETA: 0:17<0:25 - loss: 6.8678 
227/567 [===========>..................] - ETA: 0:17<0:25 - loss: 6.8637 
228/567 [===========>..................] - ETA: 0:17<0:25 - loss: 6.8606 
229/567 [===========>..................] - ETA: 0:17<0:25 - loss: 6.8612 
230/567 [===========>..................] - ETA: 0:17<0:25 - loss: 6.8604 
231/567 [===========>..................] - ETA: 0:17<0:25 - loss: 6.8625 
232/567 [===========>..................] - ETA: 0:17<0:25 - loss: 6.8620 
233/567 [===========>..................] - ETA: 0:17<0:25 - loss: 6.8624 
234/567 [===========>..................] - ETA: 0:17<0:25 - loss: 6.8603 
235/567 [===========>..................] - ETA: 0:17<0:25 - loss: 6.8609 
236/567 [===========>..................] - ETA: 0:17<0:24 - loss: 6.8613 
237/567 [===========>..................] - ETA: 0:17<0:24 - loss: 6.8603 
238/567 [===========>..................] - ETA: 0:17<0:24 - loss: 6.8611 
239/567 [===========>..................] - ETA: 0:18<0:24 - loss: 6.8591 
240/567 [===========>..................] - ETA: 0:18<0:24 - loss: 6.8589 
241/567 [===========>..................] - ETA: 0:18<0:24 - loss: 6.8595 
242/567 [===========>..................] - ETA: 0:18<0:24 - loss: 6.8575 
243/567 [===========>..................] - ETA: 0:18<0:24 - loss: 6.8583 
244/567 [===========>..................] - ETA: 0:18<0:24 - loss: 6.8589 
245/567 [===========>..................] - ETA: 0:18<0:24 - loss: 6.8583 
246/567 [============>.................] - ETA: 0:18<0:24 - loss: 6.8578 
247/567 [============>.................] - ETA: 0:18<0:24 - loss: 6.8540 
248/567 [============>.................] - ETA: 0:18<0:24 - loss: 6.8521 
249/567 [============>.................] - ETA: 0:18<0:23 - loss: 6.8472 
250/567 [============>.................] - ETA: 0:18<0:23 - loss: 6.8433 
251/567 [============>.................] - ETA: 0:18<0:23 - loss: 6.8404 
252/567 [============>.................] - ETA: 0:19<0:23 - loss: 6.8413 
253/567 [============>.................] - ETA: 0:19<0:23 - loss: 6.8408 
254/567 [============>.................] - ETA: 0:19<0:23 - loss: 6.8390 
255/567 [============>.................] - ETA: 0:19<0:23 - loss: 6.8424 
256/567 [============>.................] - ETA: 0:19<0:23 - loss: 6.8418 
257/567 [============>.................] - ETA: 0:19<0:23 - loss: 6.8411 
258/567 [============>.................] - ETA: 0:19<0:23 - loss: 6.8420 
259/567 [============>.................] - ETA: 0:19<0:23 - loss: 6.8405 
260/567 [============>.................] - ETA: 0:19<0:23 - loss: 6.8400 
261/567 [============>.................] - ETA: 0:19<0:23 - loss: 6.8418 
262/567 [============>.................] - ETA: 0:19<0:23 - loss: 6.8439 
263/567 [============>.................] - ETA: 0:19<0:22 - loss: 6.8414 
264/567 [============>.................] - ETA: 0:19<0:22 - loss: 6.8451 
265/567 [=============>................] - ETA: 0:19<0:22 - loss: 6.8446 
266/567 [=============>................] - ETA: 0:20<0:22 - loss: 6.8420 
267/567 [=============>................] - ETA: 0:20<0:22 - loss: 6.8433 
268/567 [=============>................] - ETA: 0:20<0:22 - loss: 6.8478 
269/567 [=============>................] - ETA: 0:20<0:22 - loss: 6.8454 
270/567 [=============>................] - ETA: 0:20<0:22 - loss: 6.8448 
271/567 [=============>................] - ETA: 0:20<0:22 - loss: 6.8481 
272/567 [=============>................] - ETA: 0:20<0:22 - loss: 6.8486 
273/567 [=============>................] - ETA: 0:20<0:22 - loss: 6.8431 
274/567 [=============>................] - ETA: 0:20<0:22 - loss: 6.8428 
275/567 [=============>................] - ETA: 0:20<0:22 - loss: 6.8404 
276/567 [=============>................] - ETA: 0:20<0:21 - loss: 6.8404 
277/567 [=============>................] - ETA: 0:20<0:21 - loss: 6.8392 
278/567 [=============>................] - ETA: 0:20<0:21 - loss: 6.8388 
279/567 [=============>................] - ETA: 0:21<0:21 - loss: 6.8382 
280/567 [=============>................] - ETA: 0:21<0:21 - loss: 6.8392 
281/567 [=============>................] - ETA: 0:21<0:21 - loss: 6.8387 
282/567 [=============>................] - ETA: 0:21<0:21 - loss: 6.8372 
283/567 [=============>................] - ETA: 0:21<0:21 - loss: 6.8372 
284/567 [==============>...............] - ETA: 0:21<0:21 - loss: 6.8386 
285/567 [==============>...............] - ETA: 0:21<0:21 - loss: 6.8353 
286/567 [==============>...............] - ETA: 0:21<0:21 - loss: 6.8362 
287/567 [==============>...............] - ETA: 0:21<0:21 - loss: 6.8393 
288/567 [==============>...............] - ETA: 0:21<0:21 - loss: 6.8376 
289/567 [==============>...............] - ETA: 0:21<0:20 - loss: 6.8381 
290/567 [==============>...............] - ETA: 0:21<0:20 - loss: 6.8323 
291/567 [==============>...............] - ETA: 0:21<0:20 - loss: 6.8326 
292/567 [==============>...............] - ETA: 0:22<0:20 - loss: 6.8299 
293/567 [==============>...............] - ETA: 0:22<0:20 - loss: 6.8292 
294/567 [==============>...............] - ETA: 0:22<0:20 - loss: 6.8281 
295/567 [==============>...............] - ETA: 0:22<0:20 - loss: 6.8279 
296/567 [==============>...............] - ETA: 0:22<0:20 - loss: 6.8271 
297/567 [==============>...............] - ETA: 0:22<0:20 - loss: 6.8268 
298/567 [==============>...............] - ETA: 0:22<0:20 - loss: 6.8306 
299/567 [==============>...............] - ETA: 0:22<0:20 - loss: 6.8315 
300/567 [==============>...............] - ETA: 0:22<0:20 - loss: 6.8335 
301/567 [==============>...............] - ETA: 0:22<0:20 - loss: 6.8321 
302/567 [==============>...............] - ETA: 0:22<0:19 - loss: 6.8327 
303/567 [===============>..............] - ETA: 0:22<0:19 - loss: 6.8311 
304/567 [===============>..............] - ETA: 0:22<0:19 - loss: 6.8316 
305/567 [===============>..............] - ETA: 0:22<0:19 - loss: 6.8299 
306/567 [===============>..............] - ETA: 0:23<0:19 - loss: 6.8322 
307/567 [===============>..............] - ETA: 0:23<0:19 - loss: 6.8310 
308/567 [===============>..............] - ETA: 0:23<0:19 - loss: 6.8268 
309/567 [===============>..............] - ETA: 0:23<0:19 - loss: 6.8234 
310/567 [===============>..............] - ETA: 0:23<0:19 - loss: 6.8236 
311/567 [===============>..............] - ETA: 0:23<0:19 - loss: 6.8216 
312/567 [===============>..............] - ETA: 0:23<0:19 - loss: 6.8229 
313/567 [===============>..............] - ETA: 0:23<0:19 - loss: 6.8230 
314/567 [===============>..............] - ETA: 0:23<0:19 - loss: 6.8210 
315/567 [===============>..............] - ETA: 0:23<0:18 - loss: 6.8204 
316/567 [===============>..............] - ETA: 0:23<0:18 - loss: 6.8188 
317/567 [===============>..............] - ETA: 0:23<0:18 - loss: 6.8185 
318/567 [===============>..............] - ETA: 0:23<0:18 - loss: 6.8205 
319/567 [===============>..............] - ETA: 0:24<0:18 - loss: 6.8215 
320/567 [===============>..............] - ETA: 0:24<0:18 - loss: 6.8226 
321/567 [===============>..............] - ETA: 0:24<0:18 - loss: 6.8230 
322/567 [================>.............] - ETA: 0:24<0:18 - loss: 6.8232 
323/567 [================>.............] - ETA: 0:24<0:18 - loss: 6.8256 
324/567 [================>.............] - ETA: 0:24<0:18 - loss: 6.8228 
325/567 [================>.............] - ETA: 0:24<0:18 - loss: 6.8201 
326/567 [================>.............] - ETA: 0:24<0:18 - loss: 6.8147 
327/567 [================>.............] - ETA: 0:24<0:18 - loss: 6.8153 
328/567 [================>.............] - ETA: 0:24<0:18 - loss: 6.8184 
329/567 [================>.............] - ETA: 0:24<0:17 - loss: 6.8181 
330/567 [================>.............] - ETA: 0:24<0:17 - loss: 6.8175 
331/567 [================>.............] - ETA: 0:24<0:17 - loss: 6.8154 
332/567 [================>.............] - ETA: 0:25<0:17 - loss: 6.8174 
333/567 [================>.............] - ETA: 0:25<0:17 - loss: 6.8186 
334/567 [================>.............] - ETA: 0:25<0:17 - loss: 6.8169 
335/567 [================>.............] - ETA: 0:25<0:17 - loss: 6.8149 
336/567 [================>.............] - ETA: 0:25<0:17 - loss: 6.8115 
337/567 [================>.............] - ETA: 0:25<0:17 - loss: 6.8141 
338/567 [================>.............] - ETA: 0:25<0:17 - loss: 6.8138 
339/567 [================>.............] - ETA: 0:25<0:17 - loss: 6.8137 
340/567 [================>.............] - ETA: 0:25<0:17 - loss: 6.8101 
341/567 [=================>............] - ETA: 0:25<0:17 - loss: 6.8102 
342/567 [=================>............] - ETA: 0:25<0:16 - loss: 6.8130 
343/567 [=================>............] - ETA: 0:25<0:16 - loss: 6.8097 
344/567 [=================>............] - ETA: 0:25<0:16 - loss: 6.8088 
345/567 [=================>............] - ETA: 0:25<0:16 - loss: 6.8109 
346/567 [=================>............] - ETA: 0:26<0:16 - loss: 6.8087 
347/567 [=================>............] - ETA: 0:26<0:16 - loss: 6.8097 
348/567 [=================>............] - ETA: 0:26<0:16 - loss: 6.8109 
349/567 [=================>............] - ETA: 0:26<0:16 - loss: 6.8143 
350/567 [=================>............] - ETA: 0:26<0:16 - loss: 6.8186 
351/567 [=================>............] - ETA: 0:26<0:16 - loss: 6.8223 
352/567 [=================>............] - ETA: 0:26<0:16 - loss: 6.8198 
353/567 [=================>............] - ETA: 0:26<0:16 - loss: 6.8257 
354/567 [=================>............] - ETA: 0:26<0:16 - loss: 6.8269 
355/567 [=================>............] - ETA: 0:26<0:15 - loss: 6.8274 
356/567 [=================>............] - ETA: 0:26<0:15 - loss: 6.8263 
357/567 [=================>............] - ETA: 0:26<0:15 - loss: 6.8237 
358/567 [=================>............] - ETA: 0:26<0:15 - loss: 6.8259 
359/567 [=================>............] - ETA: 0:27<0:15 - loss: 6.8249 
360/567 [==================>...........] - ETA: 0:27<0:15 - loss: 6.8252 
361/567 [==================>...........] - ETA: 0:27<0:15 - loss: 6.8257 
362/567 [==================>...........] - ETA: 0:27<0:15 - loss: 6.8236 
363/567 [==================>...........] - ETA: 0:27<0:15 - loss: 6.8227 
364/567 [==================>...........] - ETA: 0:27<0:15 - loss: 6.8157 
365/567 [==================>...........] - ETA: 0:27<0:15 - loss: 6.8135 
366/567 [==================>...........] - ETA: 0:27<0:15 - loss: 6.8165 
367/567 [==================>...........] - ETA: 0:27<0:15 - loss: 6.8145 
368/567 [==================>...........] - ETA: 0:27<0:14 - loss: 6.8128 
369/567 [==================>...........] - ETA: 0:27<0:14 - loss: 6.8132 
370/567 [==================>...........] - ETA: 0:27<0:14 - loss: 6.8103 
371/567 [==================>...........] - ETA: 0:27<0:14 - loss: 6.8070 
372/567 [==================>...........] - ETA: 0:28<0:14 - loss: 6.8082 
373/567 [==================>...........] - ETA: 0:28<0:14 - loss: 6.8105 
374/567 [==================>...........] - ETA: 0:28<0:14 - loss: 6.8105 
375/567 [==================>...........] - ETA: 0:28<0:14 - loss: 6.8139 
376/567 [==================>...........] - ETA: 0:28<0:14 - loss: 6.8117 
377/567 [==================>...........] - ETA: 0:28<0:14 - loss: 6.8142 
378/567 [===================>..........] - ETA: 0:28<0:14 - loss: 6.8150 
379/567 [===================>..........] - ETA: 0:28<0:14 - loss: 6.8119 
380/567 [===================>..........] - ETA: 0:28<0:14 - loss: 6.8087 
381/567 [===================>..........] - ETA: 0:28<0:14 - loss: 6.8094 
382/567 [===================>..........] - ETA: 0:28<0:13 - loss: 6.8097 
383/567 [===================>..........] - ETA: 0:28<0:13 - loss: 6.8081 
384/567 [===================>..........] - ETA: 0:28<0:13 - loss: 6.8072 
385/567 [===================>..........] - ETA: 0:28<0:13 - loss: 6.8105 
386/567 [===================>..........] - ETA: 0:29<0:13 - loss: 6.8103 
387/567 [===================>..........] - ETA: 0:29<0:13 - loss: 6.8067 
388/567 [===================>..........] - ETA: 0:29<0:13 - loss: 6.8051 
389/567 [===================>..........] - ETA: 0:29<0:13 - loss: 6.8039 
390/567 [===================>..........] - ETA: 0:29<0:13 - loss: 6.8037 
391/567 [===================>..........] - ETA: 0:29<0:13 - loss: 6.8029 
392/567 [===================>..........] - ETA: 0:29<0:13 - loss: 6.8033 
393/567 [===================>..........] - ETA: 0:29<0:13 - loss: 6.8026 
394/567 [===================>..........] - ETA: 0:29<0:13 - loss: 6.8001 
395/567 [===================>..........] - ETA: 0:29<0:12 - loss: 6.7986 
396/567 [===================>..........] - ETA: 0:29<0:12 - loss: 6.7982 
397/567 [====================>.........] - ETA: 0:29<0:12 - loss: 6.7979 
398/567 [====================>.........] - ETA: 0:29<0:12 - loss: 6.7968 
399/567 [====================>.........] - ETA: 0:30<0:12 - loss: 6.7957 
400/567 [====================>.........] - ETA: 0:30<0:12 - loss: 6.7923 
401/567 [====================>.........] - ETA: 0:30<0:12 - loss: 6.7912 
402/567 [====================>.........] - ETA: 0:30<0:12 - loss: 6.7914 
403/567 [====================>.........] - ETA: 0:30<0:12 - loss: 6.7892 
404/567 [====================>.........] - ETA: 0:30<0:12 - loss: 6.7892 
405/567 [====================>.........] - ETA: 0:30<0:12 - loss: 6.7877 
406/567 [====================>.........] - ETA: 0:30<0:12 - loss: 6.7838 
407/567 [====================>.........] - ETA: 0:30<0:12 - loss: 6.7800 
408/567 [====================>.........] - ETA: 0:30<0:11 - loss: 6.7780 
409/567 [====================>.........] - ETA: 0:30<0:11 - loss: 6.7817 
410/567 [====================>.........] - ETA: 0:30<0:11 - loss: 6.7805 
411/567 [====================>.........] - ETA: 0:30<0:11 - loss: 6.7838 
412/567 [====================>.........] - ETA: 0:30<0:11 - loss: 6.7810 
413/567 [====================>.........] - ETA: 0:31<0:11 - loss: 6.7804 
414/567 [====================>.........] - ETA: 0:31<0:11 - loss: 6.7808 
415/567 [====================>.........] - ETA: 0:31<0:11 - loss: 6.7823 
416/567 [=====================>........] - ETA: 0:31<0:11 - loss: 6.7826 
417/567 [=====================>........] - ETA: 0:31<0:11 - loss: 6.7798 
418/567 [=====================>........] - ETA: 0:31<0:11 - loss: 6.7783 
419/567 [=====================>........] - ETA: 0:31<0:11 - loss: 6.7758 
420/567 [=====================>........] - ETA: 0:31<0:11 - loss: 6.7766 
421/567 [=====================>........] - ETA: 0:31<0:10 - loss: 6.7748 
422/567 [=====================>........] - ETA: 0:31<0:10 - loss: 6.7760 
423/567 [=====================>........] - ETA: 0:31<0:10 - loss: 6.7730 
424/567 [=====================>........] - ETA: 0:31<0:10 - loss: 6.7735 
425/567 [=====================>........] - ETA: 0:31<0:10 - loss: 6.7739 
426/567 [=====================>........] - ETA: 0:32<0:10 - loss: 6.7776 
427/567 [=====================>........] - ETA: 0:32<0:10 - loss: 6.7756 
428/567 [=====================>........] - ETA: 0:32<0:10 - loss: 6.7727 
429/567 [=====================>........] - ETA: 0:32<0:10 - loss: 6.7731 
430/567 [=====================>........] - ETA: 0:32<0:10 - loss: 6.7724 
431/567 [=====================>........] - ETA: 0:32<0:10 - loss: 6.7705 
432/567 [=====================>........] - ETA: 0:32<0:10 - loss: 6.7673 
433/567 [=====================>........] - ETA: 0:32<0:10 - loss: 6.7701 
434/567 [=====================>........] - ETA: 0:32<0:10 - loss: 6.7694 
435/567 [======================>.......] - ETA: 0:32<0:09 - loss: 6.7697 
436/567 [======================>.......] - ETA: 0:32<0:09 - loss: 6.7679 
437/567 [======================>.......] - ETA: 0:32<0:09 - loss: 6.7670 
438/567 [======================>.......] - ETA: 0:32<0:09 - loss: 6.7657 
439/567 [======================>.......] - ETA: 0:33<0:09 - loss: 6.7639 
440/567 [======================>.......] - ETA: 0:33<0:09 - loss: 6.7643 
441/567 [======================>.......] - ETA: 0:33<0:09 - loss: 6.7622 
442/567 [======================>.......] - ETA: 0:33<0:09 - loss: 6.7566 
443/567 [======================>.......] - ETA: 0:33<0:09 - loss: 6.7562 
444/567 [======================>.......] - ETA: 0:33<0:09 - loss: 6.7572 
445/567 [======================>.......] - ETA: 0:33<0:09 - loss: 6.7538 
446/567 [======================>.......] - ETA: 0:33<0:09 - loss: 6.7535 
447/567 [======================>.......] - ETA: 0:33<0:09 - loss: 6.7545 
448/567 [======================>.......] - ETA: 0:33<0:08 - loss: 6.7540 
449/567 [======================>.......] - ETA: 0:33<0:08 - loss: 6.7522 
450/567 [======================>.......] - ETA: 0:33<0:08 - loss: 6.7467 
451/567 [======================>.......] - ETA: 0:33<0:08 - loss: 6.7434 
452/567 [======================>.......] - ETA: 0:34<0:08 - loss: 6.7438 
453/567 [======================>.......] - ETA: 0:34<0:08 - loss: 6.7383 
454/567 [=======================>......] - ETA: 0:34<0:08 - loss: 6.7376 
455/567 [=======================>......] - ETA: 0:34<0:08 - loss: 6.7359 
456/567 [=======================>......] - ETA: 0:34<0:08 - loss: 6.7347 
457/567 [=======================>......] - ETA: 0:34<0:08 - loss: 6.7343 
458/567 [=======================>......] - ETA: 0:34<0:08 - loss: 6.7304 
459/567 [=======================>......] - ETA: 0:34<0:08 - loss: 6.7326 
460/567 [=======================>......] - ETA: 0:34<0:08 - loss: 6.7339 
461/567 [=======================>......] - ETA: 0:34<0:07 - loss: 6.7330 
462/567 [=======================>......] - ETA: 0:34<0:07 - loss: 6.7341 
463/567 [=======================>......] - ETA: 0:34<0:07 - loss: 6.7376 
464/567 [=======================>......] - ETA: 0:34<0:07 - loss: 6.7402 
465/567 [=======================>......] - ETA: 0:34<0:07 - loss: 6.7402 
466/567 [=======================>......] - ETA: 0:35<0:07 - loss: 6.7362 
467/567 [=======================>......] - ETA: 0:35<0:07 - loss: 6.7361 
468/567 [=======================>......] - ETA: 0:35<0:07 - loss: 6.7348 
469/567 [=======================>......] - ETA: 0:35<0:07 - loss: 6.7359 
470/567 [=======================>......] - ETA: 0:35<0:07 - loss: 6.7342 
471/567 [=======================>......] - ETA: 0:35<0:07 - loss: 6.7363 
472/567 [=======================>......] - ETA: 0:35<0:07 - loss: 6.7318 
473/567 [========================>.....] - ETA: 0:35<0:07 - loss: 6.7311 
474/567 [========================>.....] - ETA: 0:35<0:07 - loss: 6.7291 
475/567 [========================>.....] - ETA: 0:35<0:06 - loss: 6.7253 
476/567 [========================>.....] - ETA: 0:35<0:06 - loss: 6.7255 
477/567 [========================>.....] - ETA: 0:35<0:06 - loss: 6.7233 
478/567 [========================>.....] - ETA: 0:35<0:06 - loss: 6.7229 
479/567 [========================>.....] - ETA: 0:36<0:06 - loss: 6.7215 
480/567 [========================>.....] - ETA: 0:36<0:06 - loss: 6.7217 
481/567 [========================>.....] - ETA: 0:36<0:06 - loss: 6.7201 
482/567 [========================>.....] - ETA: 0:36<0:06 - loss: 6.7223 
483/567 [========================>.....] - ETA: 0:36<0:06 - loss: 6.7197 
484/567 [========================>.....] - ETA: 0:36<0:06 - loss: 6.7174 
485/567 [========================>.....] - ETA: 0:36<0:06 - loss: 6.7164 
486/567 [========================>.....] - ETA: 0:36<0:06 - loss: 6.7141 
487/567 [========================>.....] - ETA: 0:36<0:06 - loss: 6.7139 
488/567 [========================>.....] - ETA: 0:36<0:05 - loss: 6.7145 
489/567 [========================>.....] - ETA: 0:36<0:05 - loss: 6.7163 
490/567 [========================>.....] - ETA: 0:36<0:05 - loss: 6.7164 
491/567 [========================>.....] - ETA: 0:36<0:05 - loss: 6.7170 
492/567 [=========================>....] - ETA: 0:37<0:05 - loss: 6.7165 
493/567 [=========================>....] - ETA: 0:37<0:05 - loss: 6.7139 
494/567 [=========================>....] - ETA: 0:37<0:05 - loss: 6.7127 
495/567 [=========================>....] - ETA: 0:37<0:05 - loss: 6.7134 
496/567 [=========================>....] - ETA: 0:37<0:05 - loss: 6.7125 
497/567 [=========================>....] - ETA: 0:37<0:05 - loss: 6.7113 
498/567 [=========================>....] - ETA: 0:37<0:05 - loss: 6.7113 
499/567 [=========================>....] - ETA: 0:37<0:05 - loss: 6.7111 
500/567 [=========================>....] - ETA: 0:37<0:05 - loss: 6.7099 
501/567 [=========================>....] - ETA: 0:37<0:04 - loss: 6.7096 
502/567 [=========================>....] - ETA: 0:37<0:04 - loss: 6.7082 
503/567 [=========================>....] - ETA: 0:37<0:04 - loss: 6.7073 
504/567 [=========================>....] - ETA: 0:37<0:04 - loss: 6.7045 
505/567 [=========================>....] - ETA: 0:38<0:04 - loss: 6.7078 
506/567 [=========================>....] - ETA: 0:38<0:04 - loss: 6.7076 
507/567 [=========================>....] - ETA: 0:38<0:04 - loss: 6.7121 
508/567 [=========================>....] - ETA: 0:38<0:04 - loss: 6.7124 
509/567 [=========================>....] - ETA: 0:38<0:04 - loss: 6.7095 
510/567 [=========================>....] - ETA: 0:38<0:04 - loss: 6.7078 
511/567 [==========================>...] - ETA: 0:38<0:04 - loss: 6.7046 
512/567 [==========================>...] - ETA: 0:38<0:04 - loss: 6.7077 
513/567 [==========================>...] - ETA: 0:38<0:04 - loss: 6.7101 
514/567 [==========================>...] - ETA: 0:38<0:03 - loss: 6.7114 
515/567 [==========================>...] - ETA: 0:38<0:03 - loss: 6.7096 
516/567 [==========================>...] - ETA: 0:38<0:03 - loss: 6.7078 
517/567 [==========================>...] - ETA: 0:38<0:03 - loss: 6.7092 
518/567 [==========================>...] - ETA: 0:39<0:03 - loss: 6.7063 
519/567 [==========================>...] - ETA: 0:39<0:03 - loss: 6.7085 
520/567 [==========================>...] - ETA: 0:39<0:03 - loss: 6.7102 
521/567 [==========================>...] - ETA: 0:39<0:03 - loss: 6.7105 
522/567 [==========================>...] - ETA: 0:39<0:03 - loss: 6.7064 
523/567 [==========================>...] - ETA: 0:39<0:03 - loss: 6.7058 
524/567 [==========================>...] - ETA: 0:39<0:03 - loss: 6.7024 
525/567 [==========================>...] - ETA: 0:39<0:03 - loss: 6.7007 
526/567 [==========================>...] - ETA: 0:39<0:03 - loss: 6.6990 
527/567 [==========================>...] - ETA: 0:39<0:03 - loss: 6.6989 
528/567 [==========================>...] - ETA: 0:39<0:02 - loss: 6.7000 
529/567 [==========================>...] - ETA: 0:39<0:02 - loss: 6.6983 
530/567 [===========================>..] - ETA: 0:39<0:02 - loss: 6.6983 
531/567 [===========================>..] - ETA: 0:40<0:02 - loss: 6.7000 
532/567 [===========================>..] - ETA: 0:40<0:02 - loss: 6.6988 
533/567 [===========================>..] - ETA: 0:40<0:02 - loss: 6.6943 
534/567 [===========================>..] - ETA: 0:40<0:02 - loss: 6.6938 
535/567 [===========================>..] - ETA: 0:40<0:02 - loss: 6.6902 
536/567 [===========================>..] - ETA: 0:40<0:02 - loss: 6.6911 
537/567 [===========================>..] - ETA: 0:40<0:02 - loss: 6.6884 
538/567 [===========================>..] - ETA: 0:40<0:02 - loss: 6.6873 
539/567 [===========================>..] - ETA: 0:40<0:02 - loss: 6.6876 
540/567 [===========================>..] - ETA: 0:40<0:02 - loss: 6.6850 
541/567 [===========================>..] - ETA: 0:40<0:01 - loss: 6.6842 
542/567 [===========================>..] - ETA: 0:40<0:01 - loss: 6.6866 
543/567 [===========================>..] - ETA: 0:40<0:01 - loss: 6.6851 
544/567 [===========================>..] - ETA: 0:41<0:01 - loss: 6.6828 
545/567 [===========================>..] - ETA: 0:41<0:01 - loss: 6.6832 
546/567 [===========================>..] - ETA: 0:41<0:01 - loss: 6.6872 
547/567 [===========================>..] - ETA: 0:41<0:01 - loss: 6.6849 
548/567 [===========================>..] - ETA: 0:41<0:01 - loss: 6.6832 
549/567 [============================>.] - ETA: 0:41<0:01 - loss: 6.6808 
550/567 [============================>.] - ETA: 0:41<0:01 - loss: 6.6818 
551/567 [============================>.] - ETA: 0:41<0:01 - loss: 6.6827 
552/567 [============================>.] - ETA: 0:41<0:01 - loss: 6.6798 
553/567 [============================>.] - ETA: 0:41<0:01 - loss: 6.6808 
554/567 [============================>.] - ETA: 0:41<0:00 - loss: 6.6804 
555/567 [============================>.] - ETA: 0:41<0:00 - loss: 6.6788 
556/567 [============================>.] - ETA: 0:41<0:00 - loss: 6.6783 
557/567 [============================>.] - ETA: 0:41<0:00 - loss: 6.6840 
558/567 [============================>.] - ETA: 0:42<0:00 - loss: 6.6831 
559/567 [============================>.] - ETA: 0:42<0:00 - loss: 6.6832 
560/567 [============================>.] - ETA: 0:42<0:00 - loss: 6.6819 
561/567 [============================>.] - ETA: 0:42<0:00 - loss: 6.6782 
562/567 [============================>.] - ETA: 0:42<0:00 - loss: 6.6793 
563/567 [============================>.] - ETA: 0:42<0:00 - loss: 6.6760 
564/567 [============================>.] - ETA: 0:42<0:00 - loss: 6.6752 
565/567 [============================>.] - ETA: 0:42<0:00 - loss: 6.6759 
566/567 [============================>.] - ETA: 0:42<0:00 - loss: 6.6779 
567/567 [==============================] - 0:42 75ms/step - loss: 6.6746 
2024-07-06 23:21:03 - Finish Epoch: 5/20 - loss: 6.8187
日晃百花色    春来白白红
  0%|                                                                                                                                                    | 0/4 [00:00<?, ?it/s] 50%|██████████████████████████████████████████████████████████████████████                                                                      | 2/4 [00:00<00:00, 18.12it/s]100%|████████████████████████████████████████████████████████████████████████████████████████████████████████████████████████████████████████████| 4/4 [00:00<00:00, 18.12it/s]100%|████████████████████████████████████████████████████████████████████████████████████████████████████████████████████████████████████████████| 4/4 [00:00<00:00, 18.11it/s]
  0%|                                                                                                                                                    | 0/4 [00:00<?, ?it/s] 50%|██████████████████████████████████████████████████████████████████████                                                                      | 2/4 [00:00<00:00, 18.13it/s]100%|████████████████████████████████████████████████████████████████████████████████████████████████████████████████████████████████████████████| 4/4 [00:00<00:00, 18.16it/s]100%|████████████████████████████████████████████████████████████████████████████████████████████████████████████████████████████████████████████| 4/4 [00:00<00:00, 18.14it/s]
valid_data: {'rouge-1': 0.1180555531491127, 'rouge-2': 0.0, 'rouge-l': 0.1180555531491127, 'bleu': 0.026864248295588544, 'best_bleu': 0.026864248295588544}
test_data: {'rouge-1': 0.1180555531491127, 'rouge-2': 0.0, 'rouge-l': 0.1180555531491127, 'bleu': 0.026864248295588544}

2024-07-06 23:21:04 - Start  Epoch: 6/20

  1/567 [..............................] - ETA: 0:00<0:44 - loss: 6.6707 
  2/567 [..............................] - ETA: 0:00<0:43 - loss: 6.6683 
  3/567 [..............................] - ETA: 0:00<0:43 - loss: 6.6718 
  4/567 [..............................] - ETA: 0:00<0:42 - loss: 6.6672 
  5/567 [..............................] - ETA: 0:00<0:42 - loss: 6.6661 
  6/567 [..............................] - ETA: 0:00<0:42 - loss: 6.6644 
  7/567 [..............................] - ETA: 0:00<0:42 - loss: 6.6690 
  8/567 [..............................] - ETA: 0:00<0:42 - loss: 6.6717 
  9/567 [..............................] - ETA: 0:00<0:42 - loss: 6.6686 
 10/567 [..............................] - ETA: 0:00<0:42 - loss: 6.6652 
 11/567 [..............................] - ETA: 0:00<0:42 - loss: 6.6662 
 12/567 [..............................] - ETA: 0:00<0:42 - loss: 6.6670 
 13/567 [..............................] - ETA: 0:00<0:42 - loss: 6.6663 
 14/567 [..............................] - ETA: 0:01<0:42 - loss: 6.6690 
 15/567 [..............................] - ETA: 0:01<0:41 - loss: 6.6647 
 16/567 [..............................] - ETA: 0:01<0:41 - loss: 6.6652 
 17/567 [..............................] - ETA: 0:01<0:41 - loss: 6.6654 
 18/567 [..............................] - ETA: 0:01<0:41 - loss: 6.6646 
 19/567 [>.............................] - ETA: 0:01<0:41 - loss: 6.6661 
 20/567 [>.............................] - ETA: 0:01<0:41 - loss: 6.6657 
 21/567 [>.............................] - ETA: 0:01<0:41 - loss: 6.6633 
 22/567 [>.............................] - ETA: 0:01<0:41 - loss: 6.6620 
 23/567 [>.............................] - ETA: 0:01<0:41 - loss: 6.6612 
 24/567 [>.............................] - ETA: 0:01<0:41 - loss: 6.6620 
 25/567 [>.............................] - ETA: 0:01<0:40 - loss: 6.6602 
 26/567 [>.............................] - ETA: 0:01<0:40 - loss: 6.6597 
 27/567 [>.............................] - ETA: 0:02<0:40 - loss: 6.6579 
 28/567 [>.............................] - ETA: 0:02<0:40 - loss: 6.6573 
 29/567 [>.............................] - ETA: 0:02<0:40 - loss: 6.6537 
 30/567 [>.............................] - ETA: 0:02<0:40 - loss: 6.6525 
 31/567 [>.............................] - ETA: 0:02<0:40 - loss: 6.6525 
 32/567 [>.............................] - ETA: 0:02<0:40 - loss: 6.6531 
 33/567 [>.............................] - ETA: 0:02<0:40 - loss: 6.6533 
 34/567 [>.............................] - ETA: 0:02<0:40 - loss: 6.6517 
 35/567 [>.............................] - ETA: 0:02<0:40 - loss: 6.6512 
 36/567 [>.............................] - ETA: 0:02<0:40 - loss: 6.6496 
 37/567 [>.............................] - ETA: 0:02<0:40 - loss: 6.6540 
 38/567 [=>............................] - ETA: 0:02<0:40 - loss: 6.6511 
 39/567 [=>............................] - ETA: 0:02<0:39 - loss: 6.6493 
 40/567 [=>............................] - ETA: 0:03<0:39 - loss: 6.6441 
 41/567 [=>............................] - ETA: 0:03<0:39 - loss: 6.6432 
 42/567 [=>............................] - ETA: 0:03<0:39 - loss: 6.6433 
 43/567 [=>............................] - ETA: 0:03<0:39 - loss: 6.6389 
 44/567 [=>............................] - ETA: 0:03<0:39 - loss: 6.6392 
 45/567 [=>............................] - ETA: 0:03<0:39 - loss: 6.6362 
 46/567 [=>............................] - ETA: 0:03<0:39 - loss: 6.6350 
 47/567 [=>............................] - ETA: 0:03<0:39 - loss: 6.6331 
 48/567 [=>............................] - ETA: 0:03<0:39 - loss: 6.6327 
 49/567 [=>............................] - ETA: 0:03<0:39 - loss: 6.6322 
 50/567 [=>............................] - ETA: 0:03<0:39 - loss: 6.6301 
 51/567 [=>............................] - ETA: 0:03<0:38 - loss: 6.6294 
 52/567 [=>............................] - ETA: 0:03<0:38 - loss: 6.6266 
 53/567 [=>............................] - ETA: 0:04<0:38 - loss: 6.6209 
 54/567 [=>............................] - ETA: 0:04<0:38 - loss: 6.6204 
 55/567 [=>............................] - ETA: 0:04<0:38 - loss: 6.6214 
 56/567 [=>............................] - ETA: 0:04<0:38 - loss: 6.6255 
 57/567 [==>...........................] - ETA: 0:04<0:38 - loss: 6.6251 
 58/567 [==>...........................] - ETA: 0:04<0:38 - loss: 6.6270 
 59/567 [==>...........................] - ETA: 0:04<0:38 - loss: 6.6260 
 60/567 [==>...........................] - ETA: 0:04<0:38 - loss: 6.6271 
 61/567 [==>...........................] - ETA: 0:04<0:38 - loss: 6.6242 
 62/567 [==>...........................] - ETA: 0:04<0:38 - loss: 6.6217 
 63/567 [==>...........................] - ETA: 0:04<0:38 - loss: 6.6223 
 64/567 [==>...........................] - ETA: 0:04<0:38 - loss: 6.6197 
 65/567 [==>...........................] - ETA: 0:04<0:37 - loss: 6.6218 
 66/567 [==>...........................] - ETA: 0:04<0:37 - loss: 6.6209 
 67/567 [==>...........................] - ETA: 0:05<0:37 - loss: 6.6209 
 68/567 [==>...........................] - ETA: 0:05<0:37 - loss: 6.6213 
 69/567 [==>...........................] - ETA: 0:05<0:37 - loss: 6.6183 
 70/567 [==>...........................] - ETA: 0:05<0:37 - loss: 6.6180 
 71/567 [==>...........................] - ETA: 0:05<0:37 - loss: 6.6170 
 72/567 [==>...........................] - ETA: 0:05<0:37 - loss: 6.6177 
 73/567 [==>...........................] - ETA: 0:05<0:37 - loss: 6.6198 
 74/567 [==>...........................] - ETA: 0:05<0:37 - loss: 6.6206 
 75/567 [==>...........................] - ETA: 0:05<0:37 - loss: 6.6179 
 76/567 [===>..........................] - ETA: 0:05<0:37 - loss: 6.6175 
 77/567 [===>..........................] - ETA: 0:05<0:37 - loss: 6.6144 
 78/567 [===>..........................] - ETA: 0:05<0:36 - loss: 6.6114 
 79/567 [===>..........................] - ETA: 0:05<0:36 - loss: 6.6048 
 80/567 [===>..........................] - ETA: 0:06<0:36 - loss: 6.6069 
 81/567 [===>..........................] - ETA: 0:06<0:36 - loss: 6.6063 
 82/567 [===>..........................] - ETA: 0:06<0:36 - loss: 6.6054 
 83/567 [===>..........................] - ETA: 0:06<0:36 - loss: 6.6060 
 84/567 [===>..........................] - ETA: 0:06<0:36 - loss: 6.6060 
 85/567 [===>..........................] - ETA: 0:06<0:36 - loss: 6.6089 
 86/567 [===>..........................] - ETA: 0:06<0:36 - loss: 6.6050 
 87/567 [===>..........................] - ETA: 0:06<0:36 - loss: 6.6017 
 88/567 [===>..........................] - ETA: 0:06<0:36 - loss: 6.6019 
 89/567 [===>..........................] - ETA: 0:06<0:36 - loss: 6.6024 
 90/567 [===>..........................] - ETA: 0:06<0:36 - loss: 6.5955 
 91/567 [===>..........................] - ETA: 0:06<0:35 - loss: 6.5963 
 92/567 [===>..........................] - ETA: 0:06<0:35 - loss: 6.5921 
 93/567 [===>..........................] - ETA: 0:07<0:35 - loss: 6.5890 
 94/567 [===>..........................] - ETA: 0:07<0:35 - loss: 6.5879 
 95/567 [====>.........................] - ETA: 0:07<0:35 - loss: 6.5859 
 96/567 [====>.........................] - ETA: 0:07<0:35 - loss: 6.5856 
 97/567 [====>.........................] - ETA: 0:07<0:35 - loss: 6.5867 
 98/567 [====>.........................] - ETA: 0:07<0:35 - loss: 6.5844 
 99/567 [====>.........................] - ETA: 0:07<0:35 - loss: 6.5838 
100/567 [====>.........................] - ETA: 0:07<0:35 - loss: 6.5872 
101/567 [====>.........................] - ETA: 0:07<0:35 - loss: 6.5864 
102/567 [====>.........................] - ETA: 0:07<0:35 - loss: 6.5844 
103/567 [====>.........................] - ETA: 0:07<0:35 - loss: 6.5820 
104/567 [====>.........................] - ETA: 0:07<0:34 - loss: 6.5838 
105/567 [====>.........................] - ETA: 0:07<0:34 - loss: 6.5857 
106/567 [====>.........................] - ETA: 0:08<0:34 - loss: 6.5850 
107/567 [====>.........................] - ETA: 0:08<0:34 - loss: 6.5819 
108/567 [====>.........................] - ETA: 0:08<0:34 - loss: 6.5803 
109/567 [====>.........................] - ETA: 0:08<0:34 - loss: 6.5862 
110/567 [====>.........................] - ETA: 0:08<0:34 - loss: 6.5890 
111/567 [====>.........................] - ETA: 0:08<0:34 - loss: 6.5852 
112/567 [====>.........................] - ETA: 0:08<0:34 - loss: 6.5883 
113/567 [====>.........................] - ETA: 0:08<0:34 - loss: 6.5853 
114/567 [=====>........................] - ETA: 0:08<0:34 - loss: 6.5811 
115/567 [=====>........................] - ETA: 0:08<0:34 - loss: 6.5830 
116/567 [=====>........................] - ETA: 0:08<0:34 - loss: 6.5809 
117/567 [=====>........................] - ETA: 0:08<0:33 - loss: 6.5814 
118/567 [=====>........................] - ETA: 0:08<0:33 - loss: 6.5787 
119/567 [=====>........................] - ETA: 0:08<0:33 - loss: 6.5759 
120/567 [=====>........................] - ETA: 0:09<0:33 - loss: 6.5783 
121/567 [=====>........................] - ETA: 0:09<0:33 - loss: 6.5796 
122/567 [=====>........................] - ETA: 0:09<0:33 - loss: 6.5757 
123/567 [=====>........................] - ETA: 0:09<0:33 - loss: 6.5787 
124/567 [=====>........................] - ETA: 0:09<0:33 - loss: 6.5715 
125/567 [=====>........................] - ETA: 0:09<0:33 - loss: 6.5730 
126/567 [=====>........................] - ETA: 0:09<0:33 - loss: 6.5731 
127/567 [=====>........................] - ETA: 0:09<0:33 - loss: 6.5747 
128/567 [=====>........................] - ETA: 0:09<0:33 - loss: 6.5742 
129/567 [=====>........................] - ETA: 0:09<0:33 - loss: 6.5731 
130/567 [=====>........................] - ETA: 0:09<0:32 - loss: 6.5751 
131/567 [=====>........................] - ETA: 0:09<0:32 - loss: 6.5716 
132/567 [=====>........................] - ETA: 0:09<0:32 - loss: 6.5723 
133/567 [======>.......................] - ETA: 0:10<0:32 - loss: 6.5694 
134/567 [======>.......................] - ETA: 0:10<0:32 - loss: 6.5692 
135/567 [======>.......................] - ETA: 0:10<0:32 - loss: 6.5686 
136/567 [======>.......................] - ETA: 0:10<0:32 - loss: 6.5693 
137/567 [======>.......................] - ETA: 0:10<0:32 - loss: 6.5675 
138/567 [======>.......................] - ETA: 0:10<0:32 - loss: 6.5642 
139/567 [======>.......................] - ETA: 0:10<0:32 - loss: 6.5639 
140/567 [======>.......................] - ETA: 0:10<0:32 - loss: 6.5631 
141/567 [======>.......................] - ETA: 0:10<0:32 - loss: 6.5608 
142/567 [======>.......................] - ETA: 0:10<0:32 - loss: 6.5596 
143/567 [======>.......................] - ETA: 0:10<0:31 - loss: 6.5624 
144/567 [======>.......................] - ETA: 0:10<0:31 - loss: 6.5597 
145/567 [======>.......................] - ETA: 0:10<0:31 - loss: 6.5593 
146/567 [======>.......................] - ETA: 0:11<0:31 - loss: 6.5550 
147/567 [======>.......................] - ETA: 0:11<0:31 - loss: 6.5568 
148/567 [======>.......................] - ETA: 0:11<0:31 - loss: 6.5544 
149/567 [======>.......................] - ETA: 0:11<0:31 - loss: 6.5543 
150/567 [======>.......................] - ETA: 0:11<0:31 - loss: 6.5563 
151/567 [======>.......................] - ETA: 0:11<0:31 - loss: 6.5564 
152/567 [=======>......................] - ETA: 0:11<0:31 - loss: 6.5557 
153/567 [=======>......................] - ETA: 0:11<0:31 - loss: 6.5570 
154/567 [=======>......................] - ETA: 0:11<0:31 - loss: 6.5566 
155/567 [=======>......................] - ETA: 0:11<0:31 - loss: 6.5544 
156/567 [=======>......................] - ETA: 0:11<0:31 - loss: 6.5473 
157/567 [=======>......................] - ETA: 0:11<0:30 - loss: 6.5458 
158/567 [=======>......................] - ETA: 0:11<0:30 - loss: 6.5430 
159/567 [=======>......................] - ETA: 0:11<0:30 - loss: 6.5402 
160/567 [=======>......................] - ETA: 0:12<0:30 - loss: 6.5407 
161/567 [=======>......................] - ETA: 0:12<0:30 - loss: 6.5433 
162/567 [=======>......................] - ETA: 0:12<0:30 - loss: 6.5457 
163/567 [=======>......................] - ETA: 0:12<0:30 - loss: 6.5439 
164/567 [=======>......................] - ETA: 0:12<0:30 - loss: 6.5433 
165/567 [=======>......................] - ETA: 0:12<0:30 - loss: 6.5397 
166/567 [=======>......................] - ETA: 0:12<0:30 - loss: 6.5393 
167/567 [=======>......................] - ETA: 0:12<0:30 - loss: 6.5396 
168/567 [=======>......................] - ETA: 0:12<0:30 - loss: 6.5406 
169/567 [=======>......................] - ETA: 0:12<0:30 - loss: 6.5401 
170/567 [=======>......................] - ETA: 0:12<0:29 - loss: 6.5415 
171/567 [========>.....................] - ETA: 0:12<0:29 - loss: 6.5428 
172/567 [========>.....................] - ETA: 0:12<0:29 - loss: 6.5408 
173/567 [========>.....................] - ETA: 0:13<0:29 - loss: 6.5388 
174/567 [========>.....................] - ETA: 0:13<0:29 - loss: 6.5363 
175/567 [========>.....................] - ETA: 0:13<0:29 - loss: 6.5385 
176/567 [========>.....................] - ETA: 0:13<0:29 - loss: 6.5392 
177/567 [========>.....................] - ETA: 0:13<0:29 - loss: 6.5398 
178/567 [========>.....................] - ETA: 0:13<0:29 - loss: 6.5410 
179/567 [========>.....................] - ETA: 0:13<0:29 - loss: 6.5414 
180/567 [========>.....................] - ETA: 0:13<0:29 - loss: 6.5387 
181/567 [========>.....................] - ETA: 0:13<0:29 - loss: 6.5393 
182/567 [========>.....................] - ETA: 0:13<0:29 - loss: 6.5386 
183/567 [========>.....................] - ETA: 0:13<0:28 - loss: 6.5364 
184/567 [========>.....................] - ETA: 0:13<0:28 - loss: 6.5350 
185/567 [========>.....................] - ETA: 0:13<0:28 - loss: 6.5339 
186/567 [========>.....................] - ETA: 0:14<0:28 - loss: 6.5337 
187/567 [========>.....................] - ETA: 0:14<0:28 - loss: 6.5365 
188/567 [========>.....................] - ETA: 0:14<0:28 - loss: 6.5336 
189/567 [=========>....................] - ETA: 0:14<0:28 - loss: 6.5330 
190/567 [=========>....................] - ETA: 0:14<0:28 - loss: 6.5363 
191/567 [=========>....................] - ETA: 0:14<0:28 - loss: 6.5331 
192/567 [=========>....................] - ETA: 0:14<0:28 - loss: 6.5320 
193/567 [=========>....................] - ETA: 0:14<0:28 - loss: 6.5337 
194/567 [=========>....................] - ETA: 0:14<0:28 - loss: 6.5330 
195/567 [=========>....................] - ETA: 0:14<0:28 - loss: 6.5306 
196/567 [=========>....................] - ETA: 0:14<0:27 - loss: 6.5302 
197/567 [=========>....................] - ETA: 0:14<0:27 - loss: 6.5293 
198/567 [=========>....................] - ETA: 0:14<0:27 - loss: 6.5311 
199/567 [=========>....................] - ETA: 0:15<0:27 - loss: 6.5339 
200/567 [=========>....................] - ETA: 0:15<0:27 - loss: 6.5294 
201/567 [=========>....................] - ETA: 0:15<0:27 - loss: 6.5306 
202/567 [=========>....................] - ETA: 0:15<0:27 - loss: 6.5337 
203/567 [=========>....................] - ETA: 0:15<0:27 - loss: 6.5302 
204/567 [=========>....................] - ETA: 0:15<0:27 - loss: 6.5307 
205/567 [=========>....................] - ETA: 0:15<0:27 - loss: 6.5300 
206/567 [=========>....................] - ETA: 0:15<0:27 - loss: 6.5315 
207/567 [=========>....................] - ETA: 0:15<0:27 - loss: 6.5278 
208/567 [==========>...................] - ETA: 0:15<0:27 - loss: 6.5271 
209/567 [==========>...................] - ETA: 0:15<0:26 - loss: 6.5219 
210/567 [==========>...................] - ETA: 0:15<0:26 - loss: 6.5210 
211/567 [==========>...................] - ETA: 0:15<0:26 - loss: 6.5188 
212/567 [==========>...................] - ETA: 0:15<0:26 - loss: 6.5149 
213/567 [==========>...................] - ETA: 0:16<0:26 - loss: 6.5159 
214/567 [==========>...................] - ETA: 0:16<0:26 - loss: 6.5168 
215/567 [==========>...................] - ETA: 0:16<0:26 - loss: 6.5146 
216/567 [==========>...................] - ETA: 0:16<0:26 - loss: 6.5171 
217/567 [==========>...................] - ETA: 0:16<0:26 - loss: 6.5158 
218/567 [==========>...................] - ETA: 0:16<0:26 - loss: 6.5133 
219/567 [==========>...................] - ETA: 0:16<0:26 - loss: 6.5141 
220/567 [==========>...................] - ETA: 0:16<0:26 - loss: 6.5085 
221/567 [==========>...................] - ETA: 0:16<0:26 - loss: 6.5068 
222/567 [==========>...................] - ETA: 0:16<0:26 - loss: 6.5073 
223/567 [==========>...................] - ETA: 0:16<0:25 - loss: 6.5074 
224/567 [==========>...................] - ETA: 0:16<0:25 - loss: 6.5095 
225/567 [==========>...................] - ETA: 0:16<0:25 - loss: 6.5076 
226/567 [==========>...................] - ETA: 0:17<0:25 - loss: 6.5071 
227/567 [===========>..................] - ETA: 0:17<0:25 - loss: 6.5065 
228/567 [===========>..................] - ETA: 0:17<0:25 - loss: 6.5055 
229/567 [===========>..................] - ETA: 0:17<0:25 - loss: 6.5073 
230/567 [===========>..................] - ETA: 0:17<0:25 - loss: 6.5070 
231/567 [===========>..................] - ETA: 0:17<0:25 - loss: 6.5093 
232/567 [===========>..................] - ETA: 0:17<0:25 - loss: 6.5085 
233/567 [===========>..................] - ETA: 0:17<0:25 - loss: 6.5108 
234/567 [===========>..................] - ETA: 0:17<0:25 - loss: 6.5131 
235/567 [===========>..................] - ETA: 0:17<0:25 - loss: 6.5129 
236/567 [===========>..................] - ETA: 0:17<0:24 - loss: 6.5099 
237/567 [===========>..................] - ETA: 0:17<0:24 - loss: 6.5073 
238/567 [===========>..................] - ETA: 0:17<0:24 - loss: 6.5107 
239/567 [===========>..................] - ETA: 0:18<0:24 - loss: 6.5111 
240/567 [===========>..................] - ETA: 0:18<0:24 - loss: 6.5114 
241/567 [===========>..................] - ETA: 0:18<0:24 - loss: 6.5120 
242/567 [===========>..................] - ETA: 0:18<0:24 - loss: 6.5112 
243/567 [===========>..................] - ETA: 0:18<0:24 - loss: 6.5117 
244/567 [===========>..................] - ETA: 0:18<0:24 - loss: 6.5115 
245/567 [===========>..................] - ETA: 0:18<0:24 - loss: 6.5130 
246/567 [============>.................] - ETA: 0:18<0:24 - loss: 6.5134 
247/567 [============>.................] - ETA: 0:18<0:24 - loss: 6.5120 
248/567 [============>.................] - ETA: 0:18<0:24 - loss: 6.5115 
249/567 [============>.................] - ETA: 0:18<0:23 - loss: 6.5082 
250/567 [============>.................] - ETA: 0:18<0:23 - loss: 6.5065 
251/567 [============>.................] - ETA: 0:18<0:23 - loss: 6.5054 
252/567 [============>.................] - ETA: 0:18<0:23 - loss: 6.5053 
253/567 [============>.................] - ETA: 0:19<0:23 - loss: 6.5064 
254/567 [============>.................] - ETA: 0:19<0:23 - loss: 6.5019 
255/567 [============>.................] - ETA: 0:19<0:23 - loss: 6.5038 
256/567 [============>.................] - ETA: 0:19<0:23 - loss: 6.5068 
257/567 [============>.................] - ETA: 0:19<0:23 - loss: 6.5084 
258/567 [============>.................] - ETA: 0:19<0:23 - loss: 6.5063 
259/567 [============>.................] - ETA: 0:19<0:23 - loss: 6.5105 
260/567 [============>.................] - ETA: 0:19<0:23 - loss: 6.5086 
261/567 [============>.................] - ETA: 0:19<0:23 - loss: 6.5055 
262/567 [============>.................] - ETA: 0:19<0:22 - loss: 6.5026 
263/567 [============>.................] - ETA: 0:19<0:22 - loss: 6.5021 
264/567 [============>.................] - ETA: 0:19<0:22 - loss: 6.5012 
265/567 [=============>................] - ETA: 0:19<0:22 - loss: 6.5023 
266/567 [=============>................] - ETA: 0:20<0:22 - loss: 6.5011 
267/567 [=============>................] - ETA: 0:20<0:22 - loss: 6.4956 
268/567 [=============>................] - ETA: 0:20<0:22 - loss: 6.4935 
269/567 [=============>................] - ETA: 0:20<0:22 - loss: 6.4955 
270/567 [=============>................] - ETA: 0:20<0:22 - loss: 6.4936 
271/567 [=============>................] - ETA: 0:20<0:22 - loss: 6.4914 
272/567 [=============>................] - ETA: 0:20<0:22 - loss: 6.4925 
273/567 [=============>................] - ETA: 0:20<0:22 - loss: 6.4900 
274/567 [=============>................] - ETA: 0:20<0:22 - loss: 6.4912 
275/567 [=============>................] - ETA: 0:20<0:21 - loss: 6.4885 
276/567 [=============>................] - ETA: 0:20<0:21 - loss: 6.4854 
277/567 [=============>................] - ETA: 0:20<0:21 - loss: 6.4856 
278/567 [=============>................] - ETA: 0:20<0:21 - loss: 6.4837 
279/567 [=============>................] - ETA: 0:21<0:21 - loss: 6.4831 
280/567 [=============>................] - ETA: 0:21<0:21 - loss: 6.4801 
281/567 [=============>................] - ETA: 0:21<0:21 - loss: 6.4785 
282/567 [=============>................] - ETA: 0:21<0:21 - loss: 6.4794 
283/567 [=============>................] - ETA: 0:21<0:21 - loss: 6.4803 
284/567 [==============>...............] - ETA: 0:21<0:21 - loss: 6.4809 
285/567 [==============>...............] - ETA: 0:21<0:21 - loss: 6.4812 
286/567 [==============>...............] - ETA: 0:21<0:21 - loss: 6.4826 
287/567 [==============>...............] - ETA: 0:21<0:21 - loss: 6.4806 
288/567 [==============>...............] - ETA: 0:21<0:20 - loss: 6.4840 
289/567 [==============>...............] - ETA: 0:21<0:20 - loss: 6.4812 
290/567 [==============>...............] - ETA: 0:21<0:20 - loss: 6.4807 
291/567 [==============>...............] - ETA: 0:21<0:20 - loss: 6.4812 
292/567 [==============>...............] - ETA: 0:21<0:20 - loss: 6.4797 
293/567 [==============>...............] - ETA: 0:22<0:20 - loss: 6.4795 
294/567 [==============>...............] - ETA: 0:22<0:20 - loss: 6.4822 
295/567 [==============>...............] - ETA: 0:22<0:20 - loss: 6.4807 
296/567 [==============>...............] - ETA: 0:22<0:20 - loss: 6.4809 
297/567 [==============>...............] - ETA: 0:22<0:20 - loss: 6.4761 
298/567 [==============>...............] - ETA: 0:22<0:20 - loss: 6.4760 
299/567 [==============>...............] - ETA: 0:22<0:20 - loss: 6.4696 
300/567 [==============>...............] - ETA: 0:22<0:20 - loss: 6.4723 
301/567 [==============>...............] - ETA: 0:22<0:20 - loss: 6.4708 
302/567 [==============>...............] - ETA: 0:22<0:19 - loss: 6.4666 
303/567 [===============>..............] - ETA: 0:22<0:19 - loss: 6.4694 
304/567 [===============>..............] - ETA: 0:22<0:19 - loss: 6.4668 
305/567 [===============>..............] - ETA: 0:22<0:19 - loss: 6.4636 
306/567 [===============>..............] - ETA: 0:23<0:19 - loss: 6.4629 
307/567 [===============>..............] - ETA: 0:23<0:19 - loss: 6.4648 
308/567 [===============>..............] - ETA: 0:23<0:19 - loss: 6.4648 
309/567 [===============>..............] - ETA: 0:23<0:19 - loss: 6.4640 
310/567 [===============>..............] - ETA: 0:23<0:19 - loss: 6.4603 
311/567 [===============>..............] - ETA: 0:23<0:19 - loss: 6.4616 
312/567 [===============>..............] - ETA: 0:23<0:19 - loss: 6.4639 
313/567 [===============>..............] - ETA: 0:23<0:19 - loss: 6.4666 
314/567 [===============>..............] - ETA: 0:23<0:19 - loss: 6.4647 
315/567 [===============>..............] - ETA: 0:23<0:18 - loss: 6.4625 
316/567 [===============>..............] - ETA: 0:23<0:18 - loss: 6.4642 
317/567 [===============>..............] - ETA: 0:23<0:18 - loss: 6.4621 
318/567 [===============>..............] - ETA: 0:23<0:18 - loss: 6.4643 
319/567 [===============>..............] - ETA: 0:24<0:18 - loss: 6.4636 
320/567 [===============>..............] - ETA: 0:24<0:18 - loss: 6.4664 
321/567 [===============>..............] - ETA: 0:24<0:18 - loss: 6.4631 
322/567 [================>.............] - ETA: 0:24<0:18 - loss: 6.4618 
323/567 [================>.............] - ETA: 0:24<0:18 - loss: 6.4591 
324/567 [================>.............] - ETA: 0:24<0:18 - loss: 6.4594 
325/567 [================>.............] - ETA: 0:24<0:18 - loss: 6.4577 
326/567 [================>.............] - ETA: 0:24<0:18 - loss: 6.4582 
327/567 [================>.............] - ETA: 0:24<0:18 - loss: 6.4572 
328/567 [================>.............] - ETA: 0:24<0:17 - loss: 6.4592 
329/567 [================>.............] - ETA: 0:24<0:17 - loss: 6.4588 
330/567 [================>.............] - ETA: 0:24<0:17 - loss: 6.4555 
331/567 [================>.............] - ETA: 0:24<0:17 - loss: 6.4535 
332/567 [================>.............] - ETA: 0:24<0:17 - loss: 6.4523 
333/567 [================>.............] - ETA: 0:25<0:17 - loss: 6.4522 
334/567 [================>.............] - ETA: 0:25<0:17 - loss: 6.4506 
335/567 [================>.............] - ETA: 0:25<0:17 - loss: 6.4488 
336/567 [================>.............] - ETA: 0:25<0:17 - loss: 6.4493 
337/567 [================>.............] - ETA: 0:25<0:17 - loss: 6.4493 
338/567 [================>.............] - ETA: 0:25<0:17 - loss: 6.4450 
339/567 [================>.............] - ETA: 0:25<0:17 - loss: 6.4439 
340/567 [================>.............] - ETA: 0:25<0:17 - loss: 6.4436 
341/567 [=================>............] - ETA: 0:25<0:17 - loss: 6.4442 
342/567 [=================>............] - ETA: 0:25<0:16 - loss: 6.4412 
343/567 [=================>............] - ETA: 0:25<0:16 - loss: 6.4419 
344/567 [=================>............] - ETA: 0:25<0:16 - loss: 6.4440 
345/567 [=================>............] - ETA: 0:25<0:16 - loss: 6.4414 
346/567 [=================>............] - ETA: 0:26<0:16 - loss: 6.4415 
347/567 [=================>............] - ETA: 0:26<0:16 - loss: 6.4394 
348/567 [=================>............] - ETA: 0:26<0:16 - loss: 6.4404 
349/567 [=================>............] - ETA: 0:26<0:16 - loss: 6.4426 
350/567 [=================>............] - ETA: 0:26<0:16 - loss: 6.4403 
351/567 [=================>............] - ETA: 0:26<0:16 - loss: 6.4412 
352/567 [=================>............] - ETA: 0:26<0:16 - loss: 6.4430 
353/567 [=================>............] - ETA: 0:26<0:16 - loss: 6.4384 
354/567 [=================>............] - ETA: 0:26<0:16 - loss: 6.4396 
355/567 [=================>............] - ETA: 0:26<0:15 - loss: 6.4376 
356/567 [=================>............] - ETA: 0:26<0:15 - loss: 6.4397 
357/567 [=================>............] - ETA: 0:26<0:15 - loss: 6.4362 
358/567 [=================>............] - ETA: 0:26<0:15 - loss: 6.4368 
359/567 [=================>............] - ETA: 0:27<0:15 - loss: 6.4360 
360/567 [==================>...........] - ETA: 0:27<0:15 - loss: 6.4339 
361/567 [==================>...........] - ETA: 0:27<0:15 - loss: 6.4336 
362/567 [==================>...........] - ETA: 0:27<0:15 - loss: 6.4321 
363/567 [==================>...........] - ETA: 0:27<0:15 - loss: 6.4316 
364/567 [==================>...........] - ETA: 0:27<0:15 - loss: 6.4349 
365/567 [==================>...........] - ETA: 0:27<0:15 - loss: 6.4331 
366/567 [==================>...........] - ETA: 0:27<0:15 - loss: 6.4351 
367/567 [==================>...........] - ETA: 0:27<0:15 - loss: 6.4401 
368/567 [==================>...........] - ETA: 0:27<0:14 - loss: 6.4422 
369/567 [==================>...........] - ETA: 0:27<0:14 - loss: 6.4421 
370/567 [==================>...........] - ETA: 0:27<0:14 - loss: 6.4410 
371/567 [==================>...........] - ETA: 0:27<0:14 - loss: 6.4395 
372/567 [==================>...........] - ETA: 0:28<0:14 - loss: 6.4376 
373/567 [==================>...........] - ETA: 0:28<0:14 - loss: 6.4409 
374/567 [==================>...........] - ETA: 0:28<0:14 - loss: 6.4407 
375/567 [==================>...........] - ETA: 0:28<0:14 - loss: 6.4404 
376/567 [==================>...........] - ETA: 0:28<0:14 - loss: 6.4400 
377/567 [==================>...........] - ETA: 0:28<0:14 - loss: 6.4416 
378/567 [===================>..........] - ETA: 0:28<0:14 - loss: 6.4399 
379/567 [===================>..........] - ETA: 0:28<0:14 - loss: 6.4404 
380/567 [===================>..........] - ETA: 0:28<0:14 - loss: 6.4425 
381/567 [===================>..........] - ETA: 0:28<0:14 - loss: 6.4437 
382/567 [===================>..........] - ETA: 0:28<0:13 - loss: 6.4425 
383/567 [===================>..........] - ETA: 0:28<0:13 - loss: 6.4381 
384/567 [===================>..........] - ETA: 0:28<0:13 - loss: 6.4352 
385/567 [===================>..........] - ETA: 0:28<0:13 - loss: 6.4343 
386/567 [===================>..........] - ETA: 0:29<0:13 - loss: 6.4344 
387/567 [===================>..........] - ETA: 0:29<0:13 - loss: 6.4332 
388/567 [===================>..........] - ETA: 0:29<0:13 - loss: 6.4319 
389/567 [===================>..........] - ETA: 0:29<0:13 - loss: 6.4332 
390/567 [===================>..........] - ETA: 0:29<0:13 - loss: 6.4290 
391/567 [===================>..........] - ETA: 0:29<0:13 - loss: 6.4285 
392/567 [===================>..........] - ETA: 0:29<0:13 - loss: 6.4278 
393/567 [===================>..........] - ETA: 0:29<0:13 - loss: 6.4271 
394/567 [===================>..........] - ETA: 0:29<0:13 - loss: 6.4249 
395/567 [===================>..........] - ETA: 0:29<0:12 - loss: 6.4234 
396/567 [===================>..........] - ETA: 0:29<0:12 - loss: 6.4246 
397/567 [====================>.........] - ETA: 0:29<0:12 - loss: 6.4275 
398/567 [====================>.........] - ETA: 0:29<0:12 - loss: 6.4246 
399/567 [====================>.........] - ETA: 0:30<0:12 - loss: 6.4237 
400/567 [====================>.........] - ETA: 0:30<0:12 - loss: 6.4233 
401/567 [====================>.........] - ETA: 0:30<0:12 - loss: 6.4256 
402/567 [====================>.........] - ETA: 0:30<0:12 - loss: 6.4283 
403/567 [====================>.........] - ETA: 0:30<0:12 - loss: 6.4270 
404/567 [====================>.........] - ETA: 0:30<0:12 - loss: 6.4265 
405/567 [====================>.........] - ETA: 0:30<0:12 - loss: 6.4293 
406/567 [====================>.........] - ETA: 0:30<0:12 - loss: 6.4302 
407/567 [====================>.........] - ETA: 0:30<0:12 - loss: 6.4318 
408/567 [====================>.........] - ETA: 0:30<0:11 - loss: 6.4316 
409/567 [====================>.........] - ETA: 0:30<0:11 - loss: 6.4367 
410/567 [====================>.........] - ETA: 0:30<0:11 - loss: 6.4398 
411/567 [====================>.........] - ETA: 0:30<0:11 - loss: 6.4410 
412/567 [====================>.........] - ETA: 0:31<0:11 - loss: 6.4387 
413/567 [====================>.........] - ETA: 0:31<0:11 - loss: 6.4352 
414/567 [====================>.........] - ETA: 0:31<0:11 - loss: 6.4360 
415/567 [====================>.........] - ETA: 0:31<0:11 - loss: 6.4372 
416/567 [=====================>........] - ETA: 0:31<0:11 - loss: 6.4324 
417/567 [=====================>........] - ETA: 0:31<0:11 - loss: 6.4331 
418/567 [=====================>........] - ETA: 0:31<0:11 - loss: 6.4328 
419/567 [=====================>........] - ETA: 0:31<0:11 - loss: 6.4314 
420/567 [=====================>........] - ETA: 0:31<0:11 - loss: 6.4282 
421/567 [=====================>........] - ETA: 0:31<0:10 - loss: 6.4290 
422/567 [=====================>........] - ETA: 0:31<0:10 - loss: 6.4291 
423/567 [=====================>........] - ETA: 0:31<0:10 - loss: 6.4272 
424/567 [=====================>........] - ETA: 0:31<0:10 - loss: 6.4279 
425/567 [=====================>........] - ETA: 0:32<0:10 - loss: 6.4267 
426/567 [=====================>........] - ETA: 0:32<0:10 - loss: 6.4262 
427/567 [=====================>........] - ETA: 0:32<0:10 - loss: 6.4264 
428/567 [=====================>........] - ETA: 0:32<0:10 - loss: 6.4222 
429/567 [=====================>........] - ETA: 0:32<0:10 - loss: 6.4216 
430/567 [=====================>........] - ETA: 0:32<0:10 - loss: 6.4225 
431/567 [=====================>........] - ETA: 0:32<0:10 - loss: 6.4208 
432/567 [=====================>........] - ETA: 0:32<0:10 - loss: 6.4190 
433/567 [=====================>........] - ETA: 0:32<0:10 - loss: 6.4163 
434/567 [=====================>........] - ETA: 0:32<0:10 - loss: 6.4146 
435/567 [======================>.......] - ETA: 0:32<0:09 - loss: 6.4145 
436/567 [======================>.......] - ETA: 0:32<0:09 - loss: 6.4154 
437/567 [======================>.......] - ETA: 0:32<0:09 - loss: 6.4177 
438/567 [======================>.......] - ETA: 0:32<0:09 - loss: 6.4190 
439/567 [======================>.......] - ETA: 0:33<0:09 - loss: 6.4182 
440/567 [======================>.......] - ETA: 0:33<0:09 - loss: 6.4176 
441/567 [======================>.......] - ETA: 0:33<0:09 - loss: 6.4152 
442/567 [======================>.......] - ETA: 0:33<0:09 - loss: 6.4166 
443/567 [======================>.......] - ETA: 0:33<0:09 - loss: 6.4143 
444/567 [======================>.......] - ETA: 0:33<0:09 - loss: 6.4124 
445/567 [======================>.......] - ETA: 0:33<0:09 - loss: 6.4149 
446/567 [======================>.......] - ETA: 0:33<0:09 - loss: 6.4143 
447/567 [======================>.......] - ETA: 0:33<0:09 - loss: 6.4122 
448/567 [======================>.......] - ETA: 0:33<0:08 - loss: 6.4093 
449/567 [======================>.......] - ETA: 0:33<0:08 - loss: 6.4110 
450/567 [======================>.......] - ETA: 0:33<0:08 - loss: 6.4137 
451/567 [======================>.......] - ETA: 0:33<0:08 - loss: 6.4126 
452/567 [======================>.......] - ETA: 0:34<0:08 - loss: 6.4105 
453/567 [======================>.......] - ETA: 0:34<0:08 - loss: 6.4114 
454/567 [=======================>......] - ETA: 0:34<0:08 - loss: 6.4147 
455/567 [=======================>......] - ETA: 0:34<0:08 - loss: 6.4157 
456/567 [=======================>......] - ETA: 0:34<0:08 - loss: 6.4124 
457/567 [=======================>......] - ETA: 0:34<0:08 - loss: 6.4152 
458/567 [=======================>......] - ETA: 0:34<0:08 - loss: 6.4142 
459/567 [=======================>......] - ETA: 0:34<0:08 - loss: 6.4121 
460/567 [=======================>......] - ETA: 0:34<0:08 - loss: 6.4158 
461/567 [=======================>......] - ETA: 0:34<0:07 - loss: 6.4169 
462/567 [=======================>......] - ETA: 0:34<0:07 - loss: 6.4193 
463/567 [=======================>......] - ETA: 0:34<0:07 - loss: 6.4172 
464/567 [=======================>......] - ETA: 0:34<0:07 - loss: 6.4156 
465/567 [=======================>......] - ETA: 0:35<0:07 - loss: 6.4156 
466/567 [=======================>......] - ETA: 0:35<0:07 - loss: 6.4110 
467/567 [=======================>......] - ETA: 0:35<0:07 - loss: 6.4088 
468/567 [=======================>......] - ETA: 0:35<0:07 - loss: 6.4048 
469/567 [=======================>......] - ETA: 0:35<0:07 - loss: 6.4017 
470/567 [=======================>......] - ETA: 0:35<0:07 - loss: 6.3998 
471/567 [=======================>......] - ETA: 0:35<0:07 - loss: 6.4010 
472/567 [=======================>......] - ETA: 0:35<0:07 - loss: 6.3998 
473/567 [========================>.....] - ETA: 0:35<0:07 - loss: 6.3972 
474/567 [========================>.....] - ETA: 0:35<0:07 - loss: 6.3943 
475/567 [========================>.....] - ETA: 0:35<0:06 - loss: 6.3930 
476/567 [========================>.....] - ETA: 0:35<0:06 - loss: 6.3959 
477/567 [========================>.....] - ETA: 0:35<0:06 - loss: 6.3937 
478/567 [========================>.....] - ETA: 0:36<0:06 - loss: 6.3956 
479/567 [========================>.....] - ETA: 0:36<0:06 - loss: 6.3930 
480/567 [========================>.....] - ETA: 0:36<0:06 - loss: 6.3946 
481/567 [========================>.....] - ETA: 0:36<0:06 - loss: 6.3932 
482/567 [========================>.....] - ETA: 0:36<0:06 - loss: 6.3929 
483/567 [========================>.....] - ETA: 0:36<0:06 - loss: 6.3963 
484/567 [========================>.....] - ETA: 0:36<0:06 - loss: 6.3936 
485/567 [========================>.....] - ETA: 0:36<0:06 - loss: 6.3910 
486/567 [========================>.....] - ETA: 0:36<0:06 - loss: 6.3903 
487/567 [========================>.....] - ETA: 0:36<0:06 - loss: 6.3884 
488/567 [========================>.....] - ETA: 0:36<0:05 - loss: 6.3886 
489/567 [========================>.....] - ETA: 0:36<0:05 - loss: 6.3870 
490/567 [========================>.....] - ETA: 0:36<0:05 - loss: 6.3892 
491/567 [========================>.....] - ETA: 0:36<0:05 - loss: 6.3895 
492/567 [=========================>....] - ETA: 0:37<0:05 - loss: 6.3899 
493/567 [=========================>....] - ETA: 0:37<0:05 - loss: 6.3884 
494/567 [=========================>....] - ETA: 0:37<0:05 - loss: 6.3893 
495/567 [=========================>....] - ETA: 0:37<0:05 - loss: 6.3898 
496/567 [=========================>....] - ETA: 0:37<0:05 - loss: 6.3855 
497/567 [=========================>....] - ETA: 0:37<0:05 - loss: 6.3846 
498/567 [=========================>....] - ETA: 0:37<0:05 - loss: 6.3858 
499/567 [=========================>....] - ETA: 0:37<0:05 - loss: 6.3876 
500/567 [=========================>....] - ETA: 0:37<0:05 - loss: 6.3837 
501/567 [=========================>....] - ETA: 0:37<0:04 - loss: 6.3828 
502/567 [=========================>....] - ETA: 0:37<0:04 - loss: 6.3817 
503/567 [=========================>....] - ETA: 0:37<0:04 - loss: 6.3816 
504/567 [=========================>....] - ETA: 0:37<0:04 - loss: 6.3860 
505/567 [=========================>....] - ETA: 0:38<0:04 - loss: 6.3833 
506/567 [=========================>....] - ETA: 0:38<0:04 - loss: 6.3807 
507/567 [=========================>....] - ETA: 0:38<0:04 - loss: 6.3776 
508/567 [=========================>....] - ETA: 0:38<0:04 - loss: 6.3776 
509/567 [=========================>....] - ETA: 0:38<0:04 - loss: 6.3758 
510/567 [=========================>....] - ETA: 0:38<0:04 - loss: 6.3758 
511/567 [==========================>...] - ETA: 0:38<0:04 - loss: 6.3749 
512/567 [==========================>...] - ETA: 0:38<0:04 - loss: 6.3743 
513/567 [==========================>...] - ETA: 0:38<0:04 - loss: 6.3749 
514/567 [==========================>...] - ETA: 0:38<0:03 - loss: 6.3753 
515/567 [==========================>...] - ETA: 0:38<0:03 - loss: 6.3738 
516/567 [==========================>...] - ETA: 0:38<0:03 - loss: 6.3737 
517/567 [==========================>...] - ETA: 0:38<0:03 - loss: 6.3711 
518/567 [==========================>...] - ETA: 0:39<0:03 - loss: 6.3679 
519/567 [==========================>...] - ETA: 0:39<0:03 - loss: 6.3697 
520/567 [==========================>...] - ETA: 0:39<0:03 - loss: 6.3717 
521/567 [==========================>...] - ETA: 0:39<0:03 - loss: 6.3722 
522/567 [==========================>...] - ETA: 0:39<0:03 - loss: 6.3728 
523/567 [==========================>...] - ETA: 0:39<0:03 - loss: 6.3767 
524/567 [==========================>...] - ETA: 0:39<0:03 - loss: 6.3740 
525/567 [==========================>...] - ETA: 0:39<0:03 - loss: 6.3747 
526/567 [==========================>...] - ETA: 0:39<0:03 - loss: 6.3736 
527/567 [==========================>...] - ETA: 0:39<0:03 - loss: 6.3699 
528/567 [==========================>...] - ETA: 0:39<0:02 - loss: 6.3719 
529/567 [==========================>...] - ETA: 0:39<0:02 - loss: 6.3714 
530/567 [===========================>..] - ETA: 0:39<0:02 - loss: 6.3681 
531/567 [===========================>..] - ETA: 0:39<0:02 - loss: 6.3647 
532/567 [===========================>..] - ETA: 0:40<0:02 - loss: 6.3655 
533/567 [===========================>..] - ETA: 0:40<0:02 - loss: 6.3649 
534/567 [===========================>..] - ETA: 0:40<0:02 - loss: 6.3632 
535/567 [===========================>..] - ETA: 0:40<0:02 - loss: 6.3619 
536/567 [===========================>..] - ETA: 0:40<0:02 - loss: 6.3593 
537/567 [===========================>..] - ETA: 0:40<0:02 - loss: 6.3576 
538/567 [===========================>..] - ETA: 0:40<0:02 - loss: 6.3574 
539/567 [===========================>..] - ETA: 0:40<0:02 - loss: 6.3596 
540/567 [===========================>..] - ETA: 0:40<0:02 - loss: 6.3593 
541/567 [===========================>..] - ETA: 0:40<0:01 - loss: 6.3583 
542/567 [===========================>..] - ETA: 0:40<0:01 - loss: 6.3597 
543/567 [===========================>..] - ETA: 0:40<0:01 - loss: 6.3600 
544/567 [===========================>..] - ETA: 0:40<0:01 - loss: 6.3608 
545/567 [===========================>..] - ETA: 0:41<0:01 - loss: 6.3581 
546/567 [===========================>..] - ETA: 0:41<0:01 - loss: 6.3569 
547/567 [===========================>..] - ETA: 0:41<0:01 - loss: 6.3555 
548/567 [===========================>..] - ETA: 0:41<0:01 - loss: 6.3552 
549/567 [============================>.] - ETA: 0:41<0:01 - loss: 6.3544 
550/567 [============================>.] - ETA: 0:41<0:01 - loss: 6.3503 
551/567 [============================>.] - ETA: 0:41<0:01 - loss: 6.3498 
552/567 [============================>.] - ETA: 0:41<0:01 - loss: 6.3504 
553/567 [============================>.] - ETA: 0:41<0:01 - loss: 6.3504 
554/567 [============================>.] - ETA: 0:41<0:00 - loss: 6.3506 
555/567 [============================>.] - ETA: 0:41<0:00 - loss: 6.3468 
556/567 [============================>.] - ETA: 0:41<0:00 - loss: 6.3464 
557/567 [============================>.] - ETA: 0:41<0:00 - loss: 6.3456 
558/567 [============================>.] - ETA: 0:42<0:00 - loss: 6.3455 
559/567 [============================>.] - ETA: 0:42<0:00 - loss: 6.3409 
560/567 [============================>.] - ETA: 0:42<0:00 - loss: 6.3381 
561/567 [============================>.] - ETA: 0:42<0:00 - loss: 6.3374 
562/567 [============================>.] - ETA: 0:42<0:00 - loss: 6.3326 
563/567 [============================>.] - ETA: 0:42<0:00 - loss: 6.3337 
564/567 [============================>.] - ETA: 0:42<0:00 - loss: 6.3321 
565/567 [============================>.] - ETA: 0:42<0:00 - loss: 6.3295 
566/567 [============================>.] - ETA: 0:42<0:00 - loss: 6.3312 
567/567 [==============================] - 0:42 75ms/step - loss: 6.3326 
2024-07-06 23:21:47 - Finish Epoch: 6/20 - loss: 6.4625
日晃百花色    风急急风还
  0%|                                                                                                                                                    | 0/4 [00:00<?, ?it/s] 50%|██████████████████████████████████████████████████████████████████████                                                                      | 2/4 [00:00<00:00, 17.82it/s]100%|████████████████████████████████████████████████████████████████████████████████████████████████████████████████████████████████████████████| 4/4 [00:00<00:00, 17.78it/s]100%|████████████████████████████████████████████████████████████████████████████████████████████████████████████████████████████████████████████| 4/4 [00:00<00:00, 17.77it/s]
  0%|                                                                                                                                                    | 0/4 [00:00<?, ?it/s] 50%|██████████████████████████████████████████████████████████████████████                                                                      | 2/4 [00:00<00:00, 17.81it/s]100%|████████████████████████████████████████████████████████████████████████████████████████████████████████████████████████████████████████████| 4/4 [00:00<00:00, 17.83it/s]100%|████████████████████████████████████████████████████████████████████████████████████████████████████████████████████████████████████████████| 4/4 [00:00<00:00, 17.81it/s]
valid_data: {'rouge-1': 0.0, 'rouge-2': 0.0, 'rouge-l': 0.0, 'bleu': 0.0, 'best_bleu': 0.026864248295588544}
test_data: {'rouge-1': 0.0, 'rouge-2': 0.0, 'rouge-l': 0.0, 'bleu': 0.0}

2024-07-06 23:21:47 - Start  Epoch: 7/20

  1/567 [..............................] - ETA: 0:00<0:45 - loss: 6.3330 
  2/567 [..............................] - ETA: 0:00<0:45 - loss: 6.3369 
  3/567 [..............................] - ETA: 0:00<0:44 - loss: 6.3370 
  4/567 [..............................] - ETA: 0:00<0:43 - loss: 6.3347 
  5/567 [..............................] - ETA: 0:00<0:43 - loss: 6.3355 
  6/567 [..............................] - ETA: 0:00<0:43 - loss: 6.3374 
  7/567 [..............................] - ETA: 0:00<0:43 - loss: 6.3371 
  8/567 [..............................] - ETA: 0:00<0:42 - loss: 6.3374 
  9/567 [..............................] - ETA: 0:00<0:42 - loss: 6.3335 
 10/567 [..............................] - ETA: 0:00<0:42 - loss: 6.3334 
 11/567 [..............................] - ETA: 0:00<0:42 - loss: 6.3312 
 12/567 [..............................] - ETA: 0:00<0:42 - loss: 6.3340 
 13/567 [..............................] - ETA: 0:00<0:42 - loss: 6.3285 
 14/567 [..............................] - ETA: 0:01<0:41 - loss: 6.3246 
 15/567 [..............................] - ETA: 0:01<0:41 - loss: 6.3231 
 16/567 [..............................] - ETA: 0:01<0:41 - loss: 6.3208 
 17/567 [..............................] - ETA: 0:01<0:41 - loss: 6.3203 
 18/567 [..............................] - ETA: 0:01<0:41 - loss: 6.3216 
 19/567 [>.............................] - ETA: 0:01<0:41 - loss: 6.3173 
 20/567 [>.............................] - ETA: 0:01<0:41 - loss: 6.3185 
 21/567 [>.............................] - ETA: 0:01<0:41 - loss: 6.3177 
 22/567 [>.............................] - ETA: 0:01<0:41 - loss: 6.3190 
 23/567 [>.............................] - ETA: 0:01<0:41 - loss: 6.3173 
 24/567 [>.............................] - ETA: 0:01<0:41 - loss: 6.3144 
 25/567 [>.............................] - ETA: 0:01<0:41 - loss: 6.3168 
 26/567 [>.............................] - ETA: 0:01<0:40 - loss: 6.3180 
 27/567 [>.............................] - ETA: 0:02<0:40 - loss: 6.3163 
 28/567 [>.............................] - ETA: 0:02<0:40 - loss: 6.3161 
 29/567 [>.............................] - ETA: 0:02<0:40 - loss: 6.3146 
 30/567 [>.............................] - ETA: 0:02<0:40 - loss: 6.3124 
 31/567 [>.............................] - ETA: 0:02<0:40 - loss: 6.3106 
 32/567 [>.............................] - ETA: 0:02<0:40 - loss: 6.3099 
 33/567 [>.............................] - ETA: 0:02<0:40 - loss: 6.3135 
 34/567 [>.............................] - ETA: 0:02<0:40 - loss: 6.3121 
 35/567 [>.............................] - ETA: 0:02<0:40 - loss: 6.3106 
 36/567 [>.............................] - ETA: 0:02<0:40 - loss: 6.3108 
 37/567 [>.............................] - ETA: 0:02<0:39 - loss: 6.3061 
 38/567 [=>............................] - ETA: 0:02<0:39 - loss: 6.3053 
 39/567 [=>............................] - ETA: 0:02<0:39 - loss: 6.3046 
 40/567 [=>............................] - ETA: 0:03<0:39 - loss: 6.3032 
 41/567 [=>............................] - ETA: 0:03<0:39 - loss: 6.2987 
 42/567 [=>............................] - ETA: 0:03<0:39 - loss: 6.2971 
 43/567 [=>............................] - ETA: 0:03<0:39 - loss: 6.2907 
 44/567 [=>............................] - ETA: 0:03<0:39 - loss: 6.2890 
 45/567 [=>............................] - ETA: 0:03<0:39 - loss: 6.2861 
 46/567 [=>............................] - ETA: 0:03<0:39 - loss: 6.2848 
 47/567 [=>............................] - ETA: 0:03<0:39 - loss: 6.2848 
 48/567 [=>............................] - ETA: 0:03<0:39 - loss: 6.2861 
 49/567 [=>............................] - ETA: 0:03<0:39 - loss: 6.2875 
 50/567 [=>............................] - ETA: 0:03<0:38 - loss: 6.2880 
 51/567 [=>............................] - ETA: 0:03<0:38 - loss: 6.2909 
 52/567 [=>............................] - ETA: 0:03<0:38 - loss: 6.2906 
 53/567 [=>............................] - ETA: 0:03<0:38 - loss: 6.2922 
 54/567 [=>............................] - ETA: 0:04<0:38 - loss: 6.2910 
 55/567 [=>............................] - ETA: 0:04<0:38 - loss: 6.2878 
 56/567 [=>............................] - ETA: 0:04<0:38 - loss: 6.2826 
 57/567 [==>...........................] - ETA: 0:04<0:38 - loss: 6.2831 
 58/567 [==>...........................] - ETA: 0:04<0:38 - loss: 6.2819 
 59/567 [==>...........................] - ETA: 0:04<0:38 - loss: 6.2804 
 60/567 [==>...........................] - ETA: 0:04<0:38 - loss: 6.2823 
 61/567 [==>...........................] - ETA: 0:04<0:38 - loss: 6.2803 
 62/567 [==>...........................] - ETA: 0:04<0:38 - loss: 6.2803 
 63/567 [==>...........................] - ETA: 0:04<0:37 - loss: 6.2786 
 64/567 [==>...........................] - ETA: 0:04<0:37 - loss: 6.2778 
 65/567 [==>...........................] - ETA: 0:04<0:37 - loss: 6.2755 
 66/567 [==>...........................] - ETA: 0:04<0:37 - loss: 6.2752 
 67/567 [==>...........................] - ETA: 0:05<0:37 - loss: 6.2771 
 68/567 [==>...........................] - ETA: 0:05<0:37 - loss: 6.2786 
 69/567 [==>...........................] - ETA: 0:05<0:37 - loss: 6.2773 
 70/567 [==>...........................] - ETA: 0:05<0:37 - loss: 6.2732 
 71/567 [==>...........................] - ETA: 0:05<0:37 - loss: 6.2713 
 72/567 [==>...........................] - ETA: 0:05<0:37 - loss: 6.2699 
 73/567 [==>...........................] - ETA: 0:05<0:37 - loss: 6.2701 
 74/567 [==>...........................] - ETA: 0:05<0:37 - loss: 6.2710 
 75/567 [==>...........................] - ETA: 0:05<0:37 - loss: 6.2682 
 76/567 [===>..........................] - ETA: 0:05<0:37 - loss: 6.2639 
 77/567 [===>..........................] - ETA: 0:05<0:36 - loss: 6.2600 
 78/567 [===>..........................] - ETA: 0:05<0:36 - loss: 6.2588 
 79/567 [===>..........................] - ETA: 0:05<0:36 - loss: 6.2578 
 80/567 [===>..........................] - ETA: 0:06<0:36 - loss: 6.2616 
 81/567 [===>..........................] - ETA: 0:06<0:36 - loss: 6.2585 
 82/567 [===>..........................] - ETA: 0:06<0:36 - loss: 6.2556 
 83/567 [===>..........................] - ETA: 0:06<0:36 - loss: 6.2540 
 84/567 [===>..........................] - ETA: 0:06<0:36 - loss: 6.2500 
 85/567 [===>..........................] - ETA: 0:06<0:36 - loss: 6.2490 
 86/567 [===>..........................] - ETA: 0:06<0:36 - loss: 6.2484 
 87/567 [===>..........................] - ETA: 0:06<0:36 - loss: 6.2427 
 88/567 [===>..........................] - ETA: 0:06<0:36 - loss: 6.2435 
 89/567 [===>..........................] - ETA: 0:06<0:35 - loss: 6.2410 
 90/567 [===>..........................] - ETA: 0:06<0:35 - loss: 6.2411 
 91/567 [===>..........................] - ETA: 0:06<0:35 - loss: 6.2400 
 92/567 [===>..........................] - ETA: 0:06<0:35 - loss: 6.2416 
 93/567 [===>..........................] - ETA: 0:06<0:35 - loss: 6.2436 
 94/567 [===>..........................] - ETA: 0:07<0:35 - loss: 6.2428 
 95/567 [====>.........................] - ETA: 0:07<0:35 - loss: 6.2450 
 96/567 [====>.........................] - ETA: 0:07<0:35 - loss: 6.2451 
 97/567 [====>.........................] - ETA: 0:07<0:35 - loss: 6.2440 
 98/567 [====>.........................] - ETA: 0:07<0:35 - loss: 6.2451 
 99/567 [====>.........................] - ETA: 0:07<0:35 - loss: 6.2444 
100/567 [====>.........................] - ETA: 0:07<0:35 - loss: 6.2410 
101/567 [====>.........................] - ETA: 0:07<0:35 - loss: 6.2408 
102/567 [====>.........................] - ETA: 0:07<0:34 - loss: 6.2379 
103/567 [====>.........................] - ETA: 0:07<0:34 - loss: 6.2356 
104/567 [====>.........................] - ETA: 0:07<0:34 - loss: 6.2348 
105/567 [====>.........................] - ETA: 0:07<0:34 - loss: 6.2343 
106/567 [====>.........................] - ETA: 0:07<0:34 - loss: 6.2315 
107/567 [====>.........................] - ETA: 0:08<0:34 - loss: 6.2315 
108/567 [====>.........................] - ETA: 0:08<0:34 - loss: 6.2298 
109/567 [====>.........................] - ETA: 0:08<0:34 - loss: 6.2315 
110/567 [====>.........................] - ETA: 0:08<0:34 - loss: 6.2294 
111/567 [====>.........................] - ETA: 0:08<0:34 - loss: 6.2310 
112/567 [====>.........................] - ETA: 0:08<0:34 - loss: 6.2295 
113/567 [====>.........................] - ETA: 0:08<0:34 - loss: 6.2317 
114/567 [=====>........................] - ETA: 0:08<0:34 - loss: 6.2364 
115/567 [=====>........................] - ETA: 0:08<0:34 - loss: 6.2388 
116/567 [=====>........................] - ETA: 0:08<0:33 - loss: 6.2401 
117/567 [=====>........................] - ETA: 0:08<0:33 - loss: 6.2430 
118/567 [=====>........................] - ETA: 0:08<0:33 - loss: 6.2417 
119/567 [=====>........................] - ETA: 0:08<0:33 - loss: 6.2414 
120/567 [=====>........................] - ETA: 0:09<0:33 - loss: 6.2399 
121/567 [=====>........................] - ETA: 0:09<0:33 - loss: 6.2373 
122/567 [=====>........................] - ETA: 0:09<0:33 - loss: 6.2373 
123/567 [=====>........................] - ETA: 0:09<0:33 - loss: 6.2370 
124/567 [=====>........................] - ETA: 0:09<0:33 - loss: 6.2398 
125/567 [=====>........................] - ETA: 0:09<0:33 - loss: 6.2386 
126/567 [=====>........................] - ETA: 0:09<0:33 - loss: 6.2370 
127/567 [=====>........................] - ETA: 0:09<0:33 - loss: 6.2342 
128/567 [=====>........................] - ETA: 0:09<0:33 - loss: 6.2352 
129/567 [=====>........................] - ETA: 0:09<0:33 - loss: 6.2367 
130/567 [=====>........................] - ETA: 0:09<0:32 - loss: 6.2389 
131/567 [=====>........................] - ETA: 0:09<0:32 - loss: 6.2382 
132/567 [=====>........................] - ETA: 0:09<0:32 - loss: 6.2385 
133/567 [======>.......................] - ETA: 0:10<0:32 - loss: 6.2335 
134/567 [======>.......................] - ETA: 0:10<0:32 - loss: 6.2308 
135/567 [======>.......................] - ETA: 0:10<0:32 - loss: 6.2296 
136/567 [======>.......................] - ETA: 0:10<0:32 - loss: 6.2302 
137/567 [======>.......................] - ETA: 0:10<0:32 - loss: 6.2274 
138/567 [======>.......................] - ETA: 0:10<0:32 - loss: 6.2281 
139/567 [======>.......................] - ETA: 0:10<0:32 - loss: 6.2265 
140/567 [======>.......................] - ETA: 0:10<0:32 - loss: 6.2262 
141/567 [======>.......................] - ETA: 0:10<0:32 - loss: 6.2299 
142/567 [======>.......................] - ETA: 0:10<0:32 - loss: 6.2285 
143/567 [======>.......................] - ETA: 0:10<0:31 - loss: 6.2327 
144/567 [======>.......................] - ETA: 0:10<0:31 - loss: 6.2321 
145/567 [======>.......................] - ETA: 0:10<0:31 - loss: 6.2337 
146/567 [======>.......................] - ETA: 0:11<0:31 - loss: 6.2307 
147/567 [======>.......................] - ETA: 0:11<0:31 - loss: 6.2278 
148/567 [======>.......................] - ETA: 0:11<0:31 - loss: 6.2282 
149/567 [======>.......................] - ETA: 0:11<0:31 - loss: 6.2251 
150/567 [======>.......................] - ETA: 0:11<0:31 - loss: 6.2247 
151/567 [======>.......................] - ETA: 0:11<0:31 - loss: 6.2202 
152/567 [=======>......................] - ETA: 0:11<0:31 - loss: 6.2166 
153/567 [=======>......................] - ETA: 0:11<0:31 - loss: 6.2129 
154/567 [=======>......................] - ETA: 0:11<0:31 - loss: 6.2155 
155/567 [=======>......................] - ETA: 0:11<0:31 - loss: 6.2179 
156/567 [=======>......................] - ETA: 0:11<0:30 - loss: 6.2207 
157/567 [=======>......................] - ETA: 0:11<0:30 - loss: 6.2183 
158/567 [=======>......................] - ETA: 0:11<0:30 - loss: 6.2186 
159/567 [=======>......................] - ETA: 0:11<0:30 - loss: 6.2199 
160/567 [=======>......................] - ETA: 0:12<0:30 - loss: 6.2187 
161/567 [=======>......................] - ETA: 0:12<0:30 - loss: 6.2190 
162/567 [=======>......................] - ETA: 0:12<0:30 - loss: 6.2194 
163/567 [=======>......................] - ETA: 0:12<0:30 - loss: 6.2196 
164/567 [=======>......................] - ETA: 0:12<0:30 - loss: 6.2222 
165/567 [=======>......................] - ETA: 0:12<0:30 - loss: 6.2213 
166/567 [=======>......................] - ETA: 0:12<0:30 - loss: 6.2210 
167/567 [=======>......................] - ETA: 0:12<0:30 - loss: 6.2211 
168/567 [=======>......................] - ETA: 0:12<0:30 - loss: 6.2188 
169/567 [=======>......................] - ETA: 0:12<0:29 - loss: 6.2236 
170/567 [=======>......................] - ETA: 0:12<0:29 - loss: 6.2267 
171/567 [========>.....................] - ETA: 0:12<0:29 - loss: 6.2269 
172/567 [========>.....................] - ETA: 0:12<0:29 - loss: 6.2262 
173/567 [========>.....................] - ETA: 0:13<0:29 - loss: 6.2225 
174/567 [========>.....................] - ETA: 0:13<0:29 - loss: 6.2243 
175/567 [========>.....................] - ETA: 0:13<0:29 - loss: 6.2227 
176/567 [========>.....................] - ETA: 0:13<0:29 - loss: 6.2225 
177/567 [========>.....................] - ETA: 0:13<0:29 - loss: 6.2209 
178/567 [========>.....................] - ETA: 0:13<0:29 - loss: 6.2198 
179/567 [========>.....................] - ETA: 0:13<0:29 - loss: 6.2196 
180/567 [========>.....................] - ETA: 0:13<0:29 - loss: 6.2175 
181/567 [========>.....................] - ETA: 0:13<0:29 - loss: 6.2188 
182/567 [========>.....................] - ETA: 0:13<0:29 - loss: 6.2181 
183/567 [========>.....................] - ETA: 0:13<0:28 - loss: 6.2213 
184/567 [========>.....................] - ETA: 0:13<0:28 - loss: 6.2233 
185/567 [========>.....................] - ETA: 0:13<0:28 - loss: 6.2220 
186/567 [========>.....................] - ETA: 0:14<0:28 - loss: 6.2210 
187/567 [========>.....................] - ETA: 0:14<0:28 - loss: 6.2242 
188/567 [========>.....................] - ETA: 0:14<0:28 - loss: 6.2250 
189/567 [=========>....................] - ETA: 0:14<0:28 - loss: 6.2267 
190/567 [=========>....................] - ETA: 0:14<0:28 - loss: 6.2252 
191/567 [=========>....................] - ETA: 0:14<0:28 - loss: 6.2260 
192/567 [=========>....................] - ETA: 0:14<0:28 - loss: 6.2261 
193/567 [=========>....................] - ETA: 0:14<0:28 - loss: 6.2238 
194/567 [=========>....................] - ETA: 0:14<0:28 - loss: 6.2229 
195/567 [=========>....................] - ETA: 0:14<0:28 - loss: 6.2218 
196/567 [=========>....................] - ETA: 0:14<0:27 - loss: 6.2199 
197/567 [=========>....................] - ETA: 0:14<0:27 - loss: 6.2212 
198/567 [=========>....................] - ETA: 0:14<0:27 - loss: 6.2191 
199/567 [=========>....................] - ETA: 0:14<0:27 - loss: 6.2203 
200/567 [=========>....................] - ETA: 0:15<0:27 - loss: 6.2214 
201/567 [=========>....................] - ETA: 0:15<0:27 - loss: 6.2223 
202/567 [=========>....................] - ETA: 0:15<0:27 - loss: 6.2221 
203/567 [=========>....................] - ETA: 0:15<0:27 - loss: 6.2205 
204/567 [=========>....................] - ETA: 0:15<0:27 - loss: 6.2227 
205/567 [=========>....................] - ETA: 0:15<0:27 - loss: 6.2194 
206/567 [=========>....................] - ETA: 0:15<0:27 - loss: 6.2206 
207/567 [=========>....................] - ETA: 0:15<0:27 - loss: 6.2163 
208/567 [==========>...................] - ETA: 0:15<0:27 - loss: 6.2159 
209/567 [==========>...................] - ETA: 0:15<0:26 - loss: 6.2167 
210/567 [==========>...................] - ETA: 0:15<0:26 - loss: 6.2172 
211/567 [==========>...................] - ETA: 0:15<0:26 - loss: 6.2144 
212/567 [==========>...................] - ETA: 0:15<0:26 - loss: 6.2152 
213/567 [==========>...................] - ETA: 0:16<0:26 - loss: 6.2137 
214/567 [==========>...................] - ETA: 0:16<0:26 - loss: 6.2099 
215/567 [==========>...................] - ETA: 0:16<0:26 - loss: 6.2078 
216/567 [==========>...................] - ETA: 0:16<0:26 - loss: 6.2065 
217/567 [==========>...................] - ETA: 0:16<0:26 - loss: 6.2055 
218/567 [==========>...................] - ETA: 0:16<0:26 - loss: 6.2060 
219/567 [==========>...................] - ETA: 0:16<0:26 - loss: 6.2065 
220/567 [==========>...................] - ETA: 0:16<0:26 - loss: 6.2098 
221/567 [==========>...................] - ETA: 0:16<0:26 - loss: 6.2103 
222/567 [==========>...................] - ETA: 0:16<0:25 - loss: 6.2061 
223/567 [==========>...................] - ETA: 0:16<0:25 - loss: 6.2052 
224/567 [==========>...................] - ETA: 0:16<0:25 - loss: 6.2029 
225/567 [==========>...................] - ETA: 0:16<0:25 - loss: 6.2046 
226/567 [==========>...................] - ETA: 0:17<0:25 - loss: 6.2031 
227/567 [===========>..................] - ETA: 0:17<0:25 - loss: 6.2033 
228/567 [===========>..................] - ETA: 0:17<0:25 - loss: 6.2027 
229/567 [===========>..................] - ETA: 0:17<0:25 - loss: 6.2036 
230/567 [===========>..................] - ETA: 0:17<0:25 - loss: 6.2002 
231/567 [===========>..................] - ETA: 0:17<0:25 - loss: 6.2009 
232/567 [===========>..................] - ETA: 0:17<0:25 - loss: 6.1981 
233/567 [===========>..................] - ETA: 0:17<0:25 - loss: 6.2021 
234/567 [===========>..................] - ETA: 0:17<0:25 - loss: 6.2028 
235/567 [===========>..................] - ETA: 0:17<0:25 - loss: 6.2020 
236/567 [===========>..................] - ETA: 0:17<0:24 - loss: 6.1997 
237/567 [===========>..................] - ETA: 0:17<0:24 - loss: 6.2027 
238/567 [===========>..................] - ETA: 0:17<0:24 - loss: 6.2012 
239/567 [===========>..................] - ETA: 0:18<0:24 - loss: 6.2023 
240/567 [===========>..................] - ETA: 0:18<0:24 - loss: 6.2021 
241/567 [===========>..................] - ETA: 0:18<0:24 - loss: 6.1997 
242/567 [===========>..................] - ETA: 0:18<0:24 - loss: 6.1971 
243/567 [===========>..................] - ETA: 0:18<0:24 - loss: 6.1953 
244/567 [===========>..................] - ETA: 0:18<0:24 - loss: 6.1960 
245/567 [===========>..................] - ETA: 0:18<0:24 - loss: 6.1960 
246/567 [============>.................] - ETA: 0:18<0:24 - loss: 6.2002 
247/567 [============>.................] - ETA: 0:18<0:24 - loss: 6.2015 
248/567 [============>.................] - ETA: 0:18<0:24 - loss: 6.1978 
249/567 [============>.................] - ETA: 0:18<0:23 - loss: 6.1966 
250/567 [============>.................] - ETA: 0:18<0:23 - loss: 6.1961 
251/567 [============>.................] - ETA: 0:18<0:23 - loss: 6.1953 
252/567 [============>.................] - ETA: 0:18<0:23 - loss: 6.1977 
253/567 [============>.................] - ETA: 0:19<0:23 - loss: 6.1983 
254/567 [============>.................] - ETA: 0:19<0:23 - loss: 6.1951 
255/567 [============>.................] - ETA: 0:19<0:23 - loss: 6.1939 
256/567 [============>.................] - ETA: 0:19<0:23 - loss: 6.1898 
257/567 [============>.................] - ETA: 0:19<0:23 - loss: 6.1910 
258/567 [============>.................] - ETA: 0:19<0:23 - loss: 6.1924 
259/567 [============>.................] - ETA: 0:19<0:23 - loss: 6.1890 
260/567 [============>.................] - ETA: 0:19<0:23 - loss: 6.1897 
261/567 [============>.................] - ETA: 0:19<0:23 - loss: 6.1892 
262/567 [============>.................] - ETA: 0:19<0:22 - loss: 6.1883 
263/567 [============>.................] - ETA: 0:19<0:22 - loss: 6.1896 
264/567 [============>.................] - ETA: 0:19<0:22 - loss: 6.1870 
265/567 [=============>................] - ETA: 0:19<0:22 - loss: 6.1916 
266/567 [=============>................] - ETA: 0:20<0:22 - loss: 6.1926 
267/567 [=============>................] - ETA: 0:20<0:22 - loss: 6.1897 
268/567 [=============>................] - ETA: 0:20<0:22 - loss: 6.1893 
269/567 [=============>................] - ETA: 0:20<0:22 - loss: 6.1847 
270/567 [=============>................] - ETA: 0:20<0:22 - loss: 6.1823 
271/567 [=============>................] - ETA: 0:20<0:22 - loss: 6.1812 
272/567 [=============>................] - ETA: 0:20<0:22 - loss: 6.1801 
273/567 [=============>................] - ETA: 0:20<0:22 - loss: 6.1804 
274/567 [=============>................] - ETA: 0:20<0:22 - loss: 6.1763 
275/567 [=============>................] - ETA: 0:20<0:21 - loss: 6.1762 
276/567 [=============>................] - ETA: 0:20<0:21 - loss: 6.1776 
277/567 [=============>................] - ETA: 0:20<0:21 - loss: 6.1795 
278/567 [=============>................] - ETA: 0:20<0:21 - loss: 6.1776 
279/567 [=============>................] - ETA: 0:21<0:21 - loss: 6.1779 
280/567 [=============>................] - ETA: 0:21<0:21 - loss: 6.1746 
281/567 [=============>................] - ETA: 0:21<0:21 - loss: 6.1759 
282/567 [=============>................] - ETA: 0:21<0:21 - loss: 6.1759 
283/567 [=============>................] - ETA: 0:21<0:21 - loss: 6.1722 
284/567 [==============>...............] - ETA: 0:21<0:21 - loss: 6.1711 
285/567 [==============>...............] - ETA: 0:21<0:21 - loss: 6.1708 
286/567 [==============>...............] - ETA: 0:21<0:21 - loss: 6.1714 
287/567 [==============>...............] - ETA: 0:21<0:21 - loss: 6.1690 
288/567 [==============>...............] - ETA: 0:21<0:20 - loss: 6.1672 
289/567 [==============>...............] - ETA: 0:21<0:20 - loss: 6.1652 
290/567 [==============>...............] - ETA: 0:21<0:20 - loss: 6.1640 
291/567 [==============>...............] - ETA: 0:21<0:20 - loss: 6.1638 
292/567 [==============>...............] - ETA: 0:21<0:20 - loss: 6.1647 
293/567 [==============>...............] - ETA: 0:22<0:20 - loss: 6.1645 
294/567 [==============>...............] - ETA: 0:22<0:20 - loss: 6.1628 
295/567 [==============>...............] - ETA: 0:22<0:20 - loss: 6.1624 
296/567 [==============>...............] - ETA: 0:22<0:20 - loss: 6.1633 
297/567 [==============>...............] - ETA: 0:22<0:20 - loss: 6.1587 
298/567 [==============>...............] - ETA: 0:22<0:20 - loss: 6.1605 
299/567 [==============>...............] - ETA: 0:22<0:20 - loss: 6.1605 
300/567 [==============>...............] - ETA: 0:22<0:20 - loss: 6.1599 
301/567 [==============>...............] - ETA: 0:22<0:20 - loss: 6.1615 
302/567 [==============>...............] - ETA: 0:22<0:19 - loss: 6.1588 
303/567 [===============>..............] - ETA: 0:22<0:19 - loss: 6.1597 
304/567 [===============>..............] - ETA: 0:22<0:19 - loss: 6.1568 
305/567 [===============>..............] - ETA: 0:22<0:19 - loss: 6.1574 
306/567 [===============>..............] - ETA: 0:23<0:19 - loss: 6.1559 
307/567 [===============>..............] - ETA: 0:23<0:19 - loss: 6.1594 
308/567 [===============>..............] - ETA: 0:23<0:19 - loss: 6.1598 
309/567 [===============>..............] - ETA: 0:23<0:19 - loss: 6.1571 
310/567 [===============>..............] - ETA: 0:23<0:19 - loss: 6.1554 
311/567 [===============>..............] - ETA: 0:23<0:19 - loss: 6.1573 
312/567 [===============>..............] - ETA: 0:23<0:19 - loss: 6.1580 
313/567 [===============>..............] - ETA: 0:23<0:19 - loss: 6.1575 
314/567 [===============>..............] - ETA: 0:23<0:19 - loss: 6.1574 
315/567 [===============>..............] - ETA: 0:23<0:18 - loss: 6.1559 
316/567 [===============>..............] - ETA: 0:23<0:18 - loss: 6.1565 
317/567 [===============>..............] - ETA: 0:23<0:18 - loss: 6.1569 
318/567 [===============>..............] - ETA: 0:23<0:18 - loss: 6.1549 
319/567 [===============>..............] - ETA: 0:24<0:18 - loss: 6.1559 
320/567 [===============>..............] - ETA: 0:24<0:18 - loss: 6.1522 
321/567 [===============>..............] - ETA: 0:24<0:18 - loss: 6.1507 
322/567 [================>.............] - ETA: 0:24<0:18 - loss: 6.1496 
323/567 [================>.............] - ETA: 0:24<0:18 - loss: 6.1487 
324/567 [================>.............] - ETA: 0:24<0:18 - loss: 6.1490 
325/567 [================>.............] - ETA: 0:24<0:18 - loss: 6.1460 
326/567 [================>.............] - ETA: 0:24<0:18 - loss: 6.1441 
327/567 [================>.............] - ETA: 0:24<0:18 - loss: 6.1441 
328/567 [================>.............] - ETA: 0:24<0:17 - loss: 6.1402 
329/567 [================>.............] - ETA: 0:24<0:17 - loss: 6.1380 
330/567 [================>.............] - ETA: 0:24<0:17 - loss: 6.1394 
331/567 [================>.............] - ETA: 0:24<0:17 - loss: 6.1386 
332/567 [================>.............] - ETA: 0:24<0:17 - loss: 6.1400 
333/567 [================>.............] - ETA: 0:25<0:17 - loss: 6.1399 
334/567 [================>.............] - ETA: 0:25<0:17 - loss: 6.1394 
335/567 [================>.............] - ETA: 0:25<0:17 - loss: 6.1422 
336/567 [================>.............] - ETA: 0:25<0:17 - loss: 6.1423 
337/567 [================>.............] - ETA: 0:25<0:17 - loss: 6.1406 
338/567 [================>.............] - ETA: 0:25<0:17 - loss: 6.1395 
339/567 [================>.............] - ETA: 0:25<0:17 - loss: 6.1398 
340/567 [================>.............] - ETA: 0:25<0:17 - loss: 6.1387 
341/567 [=================>............] - ETA: 0:25<0:17 - loss: 6.1381 
342/567 [=================>............] - ETA: 0:25<0:16 - loss: 6.1385 
343/567 [=================>............] - ETA: 0:25<0:16 - loss: 6.1382 
344/567 [=================>............] - ETA: 0:25<0:16 - loss: 6.1369 
345/567 [=================>............] - ETA: 0:25<0:16 - loss: 6.1344 
346/567 [=================>............] - ETA: 0:26<0:16 - loss: 6.1335 
347/567 [=================>............] - ETA: 0:26<0:16 - loss: 6.1353 
348/567 [=================>............] - ETA: 0:26<0:16 - loss: 6.1362 
349/567 [=================>............] - ETA: 0:26<0:16 - loss: 6.1357 
350/567 [=================>............] - ETA: 0:26<0:16 - loss: 6.1343 
351/567 [=================>............] - ETA: 0:26<0:16 - loss: 6.1368 
352/567 [=================>............] - ETA: 0:26<0:16 - loss: 6.1342 
353/567 [=================>............] - ETA: 0:26<0:16 - loss: 6.1328 
354/567 [=================>............] - ETA: 0:26<0:16 - loss: 6.1348 
355/567 [=================>............] - ETA: 0:26<0:15 - loss: 6.1362 
356/567 [=================>............] - ETA: 0:26<0:15 - loss: 6.1364 
357/567 [=================>............] - ETA: 0:26<0:15 - loss: 6.1359 
358/567 [=================>............] - ETA: 0:26<0:15 - loss: 6.1364 
359/567 [=================>............] - ETA: 0:27<0:15 - loss: 6.1383 
360/567 [==================>...........] - ETA: 0:27<0:15 - loss: 6.1494 
361/567 [==================>...........] - ETA: 0:27<0:15 - loss: 6.1496 
362/567 [==================>...........] - ETA: 0:27<0:15 - loss: 6.1498 
363/567 [==================>...........] - ETA: 0:27<0:15 - loss: 6.1522 
364/567 [==================>...........] - ETA: 0:27<0:15 - loss: 6.1529 
365/567 [==================>...........] - ETA: 0:27<0:15 - loss: 6.1505 
366/567 [==================>...........] - ETA: 0:27<0:15 - loss: 6.1529 
367/567 [==================>...........] - ETA: 0:27<0:15 - loss: 6.1538 
368/567 [==================>...........] - ETA: 0:27<0:14 - loss: 6.1568 
369/567 [==================>...........] - ETA: 0:27<0:14 - loss: 6.1600 
370/567 [==================>...........] - ETA: 0:27<0:14 - loss: 6.1596 
371/567 [==================>...........] - ETA: 0:27<0:14 - loss: 6.1630 
372/567 [==================>...........] - ETA: 0:27<0:14 - loss: 6.1633 
373/567 [==================>...........] - ETA: 0:28<0:14 - loss: 6.1665 
374/567 [==================>...........] - ETA: 0:28<0:14 - loss: 6.1683 
375/567 [==================>...........] - ETA: 0:28<0:14 - loss: 6.1691 
376/567 [==================>...........] - ETA: 0:28<0:14 - loss: 6.1712 
377/567 [==================>...........] - ETA: 0:28<0:14 - loss: 6.1709 
378/567 [===================>..........] - ETA: 0:28<0:14 - loss: 6.1725 
379/567 [===================>..........] - ETA: 0:28<0:14 - loss: 6.1754 
380/567 [===================>..........] - ETA: 0:28<0:14 - loss: 6.1808 
381/567 [===================>..........] - ETA: 0:28<0:13 - loss: 6.1796 
382/567 [===================>..........] - ETA: 0:28<0:13 - loss: 6.1785 
383/567 [===================>..........] - ETA: 0:28<0:13 - loss: 6.1823 
384/567 [===================>..........] - ETA: 0:28<0:13 - loss: 6.1839 
385/567 [===================>..........] - ETA: 0:28<0:13 - loss: 6.1858 
386/567 [===================>..........] - ETA: 0:29<0:13 - loss: 6.1870 
387/567 [===================>..........] - ETA: 0:29<0:13 - loss: 6.1872 
388/567 [===================>..........] - ETA: 0:29<0:13 - loss: 6.1870 
389/567 [===================>..........] - ETA: 0:29<0:13 - loss: 6.1857 
390/567 [===================>..........] - ETA: 0:29<0:13 - loss: 6.1840 
391/567 [===================>..........] - ETA: 0:29<0:13 - loss: 6.1836 
392/567 [===================>..........] - ETA: 0:29<0:13 - loss: 6.1844 
393/567 [===================>..........] - ETA: 0:29<0:13 - loss: 6.1815 
394/567 [===================>..........] - ETA: 0:29<0:13 - loss: 6.1798 
395/567 [===================>..........] - ETA: 0:29<0:12 - loss: 6.1806 
396/567 [===================>..........] - ETA: 0:29<0:12 - loss: 6.1804 
397/567 [====================>.........] - ETA: 0:29<0:12 - loss: 6.1825 
398/567 [====================>.........] - ETA: 0:29<0:12 - loss: 6.1809 
399/567 [====================>.........] - ETA: 0:30<0:12 - loss: 6.1793 
400/567 [====================>.........] - ETA: 0:30<0:12 - loss: 6.1815 
401/567 [====================>.........] - ETA: 0:30<0:12 - loss: 6.1788 
402/567 [====================>.........] - ETA: 0:30<0:12 - loss: 6.1784 
403/567 [====================>.........] - ETA: 0:30<0:12 - loss: 6.1797 
404/567 [====================>.........] - ETA: 0:30<0:12 - loss: 6.1781 
405/567 [====================>.........] - ETA: 0:30<0:12 - loss: 6.1789 
406/567 [====================>.........] - ETA: 0:30<0:12 - loss: 6.1794 
407/567 [====================>.........] - ETA: 0:30<0:12 - loss: 6.1786 
408/567 [====================>.........] - ETA: 0:30<0:11 - loss: 6.1792 
409/567 [====================>.........] - ETA: 0:30<0:11 - loss: 6.1783 
410/567 [====================>.........] - ETA: 0:30<0:11 - loss: 6.1803 
411/567 [====================>.........] - ETA: 0:30<0:11 - loss: 6.1775 
412/567 [====================>.........] - ETA: 0:30<0:11 - loss: 6.1757 
413/567 [====================>.........] - ETA: 0:31<0:11 - loss: 6.1783 
414/567 [====================>.........] - ETA: 0:31<0:11 - loss: 6.1787 
415/567 [====================>.........] - ETA: 0:31<0:11 - loss: 6.1797 
416/567 [=====================>........] - ETA: 0:31<0:11 - loss: 6.1766 
417/567 [=====================>........] - ETA: 0:31<0:11 - loss: 6.1752 
418/567 [=====================>........] - ETA: 0:31<0:11 - loss: 6.1756 
419/567 [=====================>........] - ETA: 0:31<0:11 - loss: 6.1753 
420/567 [=====================>........] - ETA: 0:31<0:11 - loss: 6.1745 
421/567 [=====================>........] - ETA: 0:31<0:10 - loss: 6.1745 
422/567 [=====================>........] - ETA: 0:31<0:10 - loss: 6.1766 
423/567 [=====================>........] - ETA: 0:31<0:10 - loss: 6.1752 
424/567 [=====================>........] - ETA: 0:31<0:10 - loss: 6.1754 
425/567 [=====================>........] - ETA: 0:31<0:10 - loss: 6.1740 
426/567 [=====================>........] - ETA: 0:32<0:10 - loss: 6.1769 
427/567 [=====================>........] - ETA: 0:32<0:10 - loss: 6.1772 
428/567 [=====================>........] - ETA: 0:32<0:10 - loss: 6.1773 
429/567 [=====================>........] - ETA: 0:32<0:10 - loss: 6.1752 
430/567 [=====================>........] - ETA: 0:32<0:10 - loss: 6.1739 
431/567 [=====================>........] - ETA: 0:32<0:10 - loss: 6.1752 
432/567 [=====================>........] - ETA: 0:32<0:10 - loss: 6.1792 
433/567 [=====================>........] - ETA: 0:32<0:10 - loss: 6.1758 
434/567 [=====================>........] - ETA: 0:32<0:10 - loss: 6.1762 
435/567 [======================>.......] - ETA: 0:32<0:09 - loss: 6.1718 
436/567 [======================>.......] - ETA: 0:32<0:09 - loss: 6.1697 
437/567 [======================>.......] - ETA: 0:32<0:09 - loss: 6.1686 
438/567 [======================>.......] - ETA: 0:32<0:09 - loss: 6.1685 
439/567 [======================>.......] - ETA: 0:33<0:09 - loss: 6.1673 
440/567 [======================>.......] - ETA: 0:33<0:09 - loss: 6.1688 
441/567 [======================>.......] - ETA: 0:33<0:09 - loss: 6.1704 
442/567 [======================>.......] - ETA: 0:33<0:09 - loss: 6.1738 
443/567 [======================>.......] - ETA: 0:33<0:09 - loss: 6.1752 
444/567 [======================>.......] - ETA: 0:33<0:09 - loss: 6.1740 
445/567 [======================>.......] - ETA: 0:33<0:09 - loss: 6.1762 
446/567 [======================>.......] - ETA: 0:33<0:09 - loss: 6.1749 
447/567 [======================>.......] - ETA: 0:33<0:09 - loss: 6.1708 
448/567 [======================>.......] - ETA: 0:33<0:08 - loss: 6.1707 
449/567 [======================>.......] - ETA: 0:33<0:08 - loss: 6.1721 
450/567 [======================>.......] - ETA: 0:33<0:08 - loss: 6.1748 
451/567 [======================>.......] - ETA: 0:33<0:08 - loss: 6.1754 
452/567 [======================>.......] - ETA: 0:33<0:08 - loss: 6.1725 
453/567 [======================>.......] - ETA: 0:34<0:08 - loss: 6.1720 
454/567 [=======================>......] - ETA: 0:34<0:08 - loss: 6.1693 
455/567 [=======================>......] - ETA: 0:34<0:08 - loss: 6.1661 
456/567 [=======================>......] - ETA: 0:34<0:08 - loss: 6.1657 
457/567 [=======================>......] - ETA: 0:34<0:08 - loss: 6.1636 
458/567 [=======================>......] - ETA: 0:34<0:08 - loss: 6.1614 
459/567 [=======================>......] - ETA: 0:34<0:08 - loss: 6.1604 
460/567 [=======================>......] - ETA: 0:34<0:08 - loss: 6.1479 
461/567 [=======================>......] - ETA: 0:34<0:07 - loss: 6.1474 
462/567 [=======================>......] - ETA: 0:34<0:07 - loss: 6.1475 
463/567 [=======================>......] - ETA: 0:34<0:07 - loss: 6.1487 
464/567 [=======================>......] - ETA: 0:34<0:07 - loss: 6.1479 
465/567 [=======================>......] - ETA: 0:34<0:07 - loss: 6.1445 
466/567 [=======================>......] - ETA: 0:35<0:07 - loss: 6.1418 
467/567 [=======================>......] - ETA: 0:35<0:07 - loss: 6.1420 
468/567 [=======================>......] - ETA: 0:35<0:07 - loss: 6.1410 
469/567 [=======================>......] - ETA: 0:35<0:07 - loss: 6.1386 
470/567 [=======================>......] - ETA: 0:35<0:07 - loss: 6.1392 
471/567 [=======================>......] - ETA: 0:35<0:07 - loss: 6.1345 
472/567 [=======================>......] - ETA: 0:35<0:07 - loss: 6.1311 
473/567 [========================>.....] - ETA: 0:35<0:07 - loss: 6.1296 
474/567 [========================>.....] - ETA: 0:35<0:06 - loss: 6.1279 
475/567 [========================>.....] - ETA: 0:35<0:06 - loss: 6.1261 
476/567 [========================>.....] - ETA: 0:35<0:06 - loss: 6.1221 
477/567 [========================>.....] - ETA: 0:35<0:06 - loss: 6.1225 
478/567 [========================>.....] - ETA: 0:35<0:06 - loss: 6.1252 
479/567 [========================>.....] - ETA: 0:36<0:06 - loss: 6.1212 
480/567 [========================>.....] - ETA: 0:36<0:06 - loss: 6.1182 
481/567 [========================>.....] - ETA: 0:36<0:06 - loss: 6.1188 
482/567 [========================>.....] - ETA: 0:36<0:06 - loss: 6.1189 
483/567 [========================>.....] - ETA: 0:36<0:06 - loss: 6.1147 
484/567 [========================>.....] - ETA: 0:36<0:06 - loss: 6.1150 
485/567 [========================>.....] - ETA: 0:36<0:06 - loss: 6.1142 
486/567 [========================>.....] - ETA: 0:36<0:06 - loss: 6.1097 
487/567 [========================>.....] - ETA: 0:36<0:06 - loss: 6.1085 
488/567 [========================>.....] - ETA: 0:36<0:05 - loss: 6.1102 
489/567 [========================>.....] - ETA: 0:36<0:05 - loss: 6.1107 
490/567 [========================>.....] - ETA: 0:36<0:05 - loss: 6.1115 
491/567 [========================>.....] - ETA: 0:36<0:05 - loss: 6.1079 
492/567 [=========================>....] - ETA: 0:36<0:05 - loss: 6.1024 
493/567 [=========================>....] - ETA: 0:37<0:05 - loss: 6.1048 
494/567 [=========================>....] - ETA: 0:37<0:05 - loss: 6.1055 
495/567 [=========================>....] - ETA: 0:37<0:05 - loss: 6.1056 
496/567 [=========================>....] - ETA: 0:37<0:05 - loss: 6.1031 
497/567 [=========================>....] - ETA: 0:37<0:05 - loss: 6.1022 
498/567 [=========================>....] - ETA: 0:37<0:05 - loss: 6.1013 
499/567 [=========================>....] - ETA: 0:37<0:05 - loss: 6.1005 
500/567 [=========================>....] - ETA: 0:37<0:05 - loss: 6.0983 
501/567 [=========================>....] - ETA: 0:37<0:04 - loss: 6.0941 
502/567 [=========================>....] - ETA: 0:37<0:04 - loss: 6.0944 
503/567 [=========================>....] - ETA: 0:37<0:04 - loss: 6.0930 
504/567 [=========================>....] - ETA: 0:37<0:04 - loss: 6.0939 
505/567 [=========================>....] - ETA: 0:37<0:04 - loss: 6.0931 
506/567 [=========================>....] - ETA: 0:38<0:04 - loss: 6.0927 
507/567 [=========================>....] - ETA: 0:38<0:04 - loss: 6.0923 
508/567 [=========================>....] - ETA: 0:38<0:04 - loss: 6.0910 
509/567 [=========================>....] - ETA: 0:38<0:04 - loss: 6.0923 
510/567 [=========================>....] - ETA: 0:38<0:04 - loss: 6.0868 
511/567 [==========================>...] - ETA: 0:38<0:04 - loss: 6.0878 
512/567 [==========================>...] - ETA: 0:38<0:04 - loss: 6.0855 
513/567 [==========================>...] - ETA: 0:38<0:04 - loss: 6.0835 
514/567 [==========================>...] - ETA: 0:38<0:03 - loss: 6.0837 
515/567 [==========================>...] - ETA: 0:38<0:03 - loss: 6.0829 
516/567 [==========================>...] - ETA: 0:38<0:03 - loss: 6.0851 
517/567 [==========================>...] - ETA: 0:38<0:03 - loss: 6.0843 
518/567 [==========================>...] - ETA: 0:38<0:03 - loss: 6.0823 
519/567 [==========================>...] - ETA: 0:39<0:03 - loss: 6.0835 
520/567 [==========================>...] - ETA: 0:39<0:03 - loss: 6.0846 
521/567 [==========================>...] - ETA: 0:39<0:03 - loss: 6.0852 
522/567 [==========================>...] - ETA: 0:39<0:03 - loss: 6.0848 
523/567 [==========================>...] - ETA: 0:39<0:03 - loss: 6.0862 
524/567 [==========================>...] - ETA: 0:39<0:03 - loss: 6.0854 
525/567 [==========================>...] - ETA: 0:39<0:03 - loss: 6.0874 
526/567 [==========================>...] - ETA: 0:39<0:03 - loss: 6.0855 
527/567 [==========================>...] - ETA: 0:39<0:03 - loss: 6.0851 
528/567 [==========================>...] - ETA: 0:39<0:02 - loss: 6.0890 
529/567 [==========================>...] - ETA: 0:39<0:02 - loss: 6.0906 
530/567 [===========================>..] - ETA: 0:39<0:02 - loss: 6.0888 
531/567 [===========================>..] - ETA: 0:39<0:02 - loss: 6.0878 
532/567 [===========================>..] - ETA: 0:40<0:02 - loss: 6.0822 
533/567 [===========================>..] - ETA: 0:40<0:02 - loss: 6.0807 
534/567 [===========================>..] - ETA: 0:40<0:02 - loss: 6.0781 
535/567 [===========================>..] - ETA: 0:40<0:02 - loss: 6.0787 
536/567 [===========================>..] - ETA: 0:40<0:02 - loss: 6.0806 
537/567 [===========================>..] - ETA: 0:40<0:02 - loss: 6.0789 
538/567 [===========================>..] - ETA: 0:40<0:02 - loss: 6.0788 
539/567 [===========================>..] - ETA: 0:40<0:02 - loss: 6.0769 
540/567 [===========================>..] - ETA: 0:40<0:02 - loss: 6.0762 
541/567 [===========================>..] - ETA: 0:40<0:01 - loss: 6.0730 
542/567 [===========================>..] - ETA: 0:40<0:01 - loss: 6.0702 
543/567 [===========================>..] - ETA: 0:40<0:01 - loss: 6.0659 
544/567 [===========================>..] - ETA: 0:40<0:01 - loss: 6.0674 
545/567 [===========================>..] - ETA: 0:40<0:01 - loss: 6.0671 
546/567 [===========================>..] - ETA: 0:41<0:01 - loss: 6.0658 
547/567 [===========================>..] - ETA: 0:41<0:01 - loss: 6.0670 
548/567 [===========================>..] - ETA: 0:41<0:01 - loss: 6.0655 
549/567 [============================>.] - ETA: 0:41<0:01 - loss: 6.0638 
550/567 [============================>.] - ETA: 0:41<0:01 - loss: 6.0624 
551/567 [============================>.] - ETA: 0:41<0:01 - loss: 6.0597 
552/567 [============================>.] - ETA: 0:41<0:01 - loss: 6.0616 
553/567 [============================>.] - ETA: 0:41<0:01 - loss: 6.0627 
554/567 [============================>.] - ETA: 0:41<0:00 - loss: 6.0643 
555/567 [============================>.] - ETA: 0:41<0:00 - loss: 6.0615 
556/567 [============================>.] - ETA: 0:41<0:00 - loss: 6.0613 
557/567 [============================>.] - ETA: 0:41<0:00 - loss: 6.0642 
558/567 [============================>.] - ETA: 0:41<0:00 - loss: 6.0657 
559/567 [============================>.] - ETA: 0:42<0:00 - loss: 6.0641 
560/567 [============================>.] - ETA: 0:42<0:00 - loss: 6.0633 
561/567 [============================>.] - ETA: 0:42<0:00 - loss: 6.0629 
562/567 [============================>.] - ETA: 0:42<0:00 - loss: 6.0594 
563/567 [============================>.] - ETA: 0:42<0:00 - loss: 6.0552 
564/567 [============================>.] - ETA: 0:42<0:00 - loss: 6.0555 
565/567 [============================>.] - ETA: 0:42<0:00 - loss: 6.0548 
566/567 [============================>.] - ETA: 0:42<0:00 - loss: 6.0514 
567/567 [==============================] - 0:42 75ms/step - loss: 6.0538 
2024-07-06 23:22:30 - Finish Epoch: 7/20 - loss: 6.1640
日晃百花色    风急寒天秋
  0%|                                                                                                                                                    | 0/4 [00:00<?, ?it/s] 50%|██████████████████████████████████████████████████████████████████████                                                                      | 2/4 [00:00<00:00, 17.83it/s]100%|████████████████████████████████████████████████████████████████████████████████████████████████████████████████████████████████████████████| 4/4 [00:00<00:00, 17.88it/s]100%|████████████████████████████████████████████████████████████████████████████████████████████████████████████████████████████████████████████| 4/4 [00:00<00:00, 17.86it/s]
  0%|                                                                                                                                                    | 0/4 [00:00<?, ?it/s] 50%|██████████████████████████████████████████████████████████████████████                                                                      | 2/4 [00:00<00:00, 17.89it/s]100%|████████████████████████████████████████████████████████████████████████████████████████████████████████████████████████████████████████████| 4/4 [00:00<00:00, 17.86it/s]100%|████████████████████████████████████████████████████████████████████████████████████████████████████████████████████████████████████████████| 4/4 [00:00<00:00, 17.85it/s]
valid_data: {'rouge-1': 0.09999999750000008, 'rouge-2': 0.0, 'rouge-l': 0.09999999750000008, 'bleu': 0.026864248295588544, 'best_bleu': 0.026864248295588544}
test_data: {'rouge-1': 0.09999999750000008, 'rouge-2': 0.0, 'rouge-l': 0.09999999750000008, 'bleu': 0.026864248295588544}

2024-07-06 23:22:30 - Start  Epoch: 8/20

  1/567 [..............................] - ETA: 0:00<0:43 - loss: 6.0474 
  2/567 [..............................] - ETA: 0:00<0:42 - loss: 6.0448 
  3/567 [..............................] - ETA: 0:00<0:42 - loss: 6.0420 
  4/567 [..............................] - ETA: 0:00<0:42 - loss: 6.0429 
  5/567 [..............................] - ETA: 0:00<0:42 - loss: 6.0434 
  6/567 [..............................] - ETA: 0:00<0:42 - loss: 6.0415 
  7/567 [..............................] - ETA: 0:00<0:41 - loss: 6.0420 
  8/567 [..............................] - ETA: 0:00<0:41 - loss: 6.0404 
  9/567 [..............................] - ETA: 0:00<0:41 - loss: 6.0427 
 10/567 [..............................] - ETA: 0:00<0:41 - loss: 6.0397 
 11/567 [..............................] - ETA: 0:00<0:41 - loss: 6.0395 
 12/567 [..............................] - ETA: 0:00<0:41 - loss: 6.0381 
 13/567 [..............................] - ETA: 0:00<0:41 - loss: 6.0357 
 14/567 [..............................] - ETA: 0:01<0:41 - loss: 6.0359 
 15/567 [..............................] - ETA: 0:01<0:41 - loss: 6.0351 
 16/567 [..............................] - ETA: 0:01<0:41 - loss: 6.0340 
 17/567 [..............................] - ETA: 0:01<0:41 - loss: 6.0325 
 18/567 [..............................] - ETA: 0:01<0:41 - loss: 6.0295 
 19/567 [>.............................] - ETA: 0:01<0:41 - loss: 6.0301 
 20/567 [>.............................] - ETA: 0:01<0:41 - loss: 6.0281 
 21/567 [>.............................] - ETA: 0:01<0:41 - loss: 6.0251 
 22/567 [>.............................] - ETA: 0:01<0:40 - loss: 6.0267 
 23/567 [>.............................] - ETA: 0:01<0:40 - loss: 6.0257 
 24/567 [>.............................] - ETA: 0:01<0:40 - loss: 6.0277 
 25/567 [>.............................] - ETA: 0:01<0:40 - loss: 6.0276 
 26/567 [>.............................] - ETA: 0:01<0:40 - loss: 6.0227 
 27/567 [>.............................] - ETA: 0:02<0:40 - loss: 6.0241 
 28/567 [>.............................] - ETA: 0:02<0:40 - loss: 6.0227 
 29/567 [>.............................] - ETA: 0:02<0:40 - loss: 6.0243 
 30/567 [>.............................] - ETA: 0:02<0:40 - loss: 6.0206 
 31/567 [>.............................] - ETA: 0:02<0:40 - loss: 6.0176 
 32/567 [>.............................] - ETA: 0:02<0:40 - loss: 6.0166 
 33/567 [>.............................] - ETA: 0:02<0:40 - loss: 6.0126 
 34/567 [>.............................] - ETA: 0:02<0:39 - loss: 6.0144 
 35/567 [>.............................] - ETA: 0:02<0:39 - loss: 6.0152 
 36/567 [>.............................] - ETA: 0:02<0:39 - loss: 6.0130 
 37/567 [>.............................] - ETA: 0:02<0:39 - loss: 6.0128 
 38/567 [=>............................] - ETA: 0:02<0:39 - loss: 6.0117 
 39/567 [=>............................] - ETA: 0:02<0:39 - loss: 6.0074 
 40/567 [=>............................] - ETA: 0:02<0:39 - loss: 6.0074 
 41/567 [=>............................] - ETA: 0:03<0:39 - loss: 6.0070 
 42/567 [=>............................] - ETA: 0:03<0:39 - loss: 6.0041 
 43/567 [=>............................] - ETA: 0:03<0:39 - loss: 6.0055 
 44/567 [=>............................] - ETA: 0:03<0:39 - loss: 6.0041 
 45/567 [=>............................] - ETA: 0:03<0:39 - loss: 6.0037 
 46/567 [=>............................] - ETA: 0:03<0:39 - loss: 6.0011 
 47/567 [=>............................] - ETA: 0:03<0:39 - loss: 5.9966 
 48/567 [=>............................] - ETA: 0:03<0:38 - loss: 5.9941 
 49/567 [=>............................] - ETA: 0:03<0:38 - loss: 5.9929 
 50/567 [=>............................] - ETA: 0:03<0:38 - loss: 5.9926 
 51/567 [=>............................] - ETA: 0:03<0:38 - loss: 5.9913 
 52/567 [=>............................] - ETA: 0:03<0:38 - loss: 5.9861 
 53/567 [=>............................] - ETA: 0:03<0:38 - loss: 5.9847 
 54/567 [=>............................] - ETA: 0:04<0:38 - loss: 5.9817 
 55/567 [=>............................] - ETA: 0:04<0:38 - loss: 5.9808 
 56/567 [=>............................] - ETA: 0:04<0:38 - loss: 5.9776 
 57/567 [==>...........................] - ETA: 0:04<0:38 - loss: 5.9775 
 58/567 [==>...........................] - ETA: 0:04<0:38 - loss: 5.9748 
 59/567 [==>...........................] - ETA: 0:04<0:38 - loss: 5.9734 
 60/567 [==>...........................] - ETA: 0:04<0:38 - loss: 5.9722 
 61/567 [==>...........................] - ETA: 0:04<0:38 - loss: 5.9665 
 62/567 [==>...........................] - ETA: 0:04<0:37 - loss: 5.9666 
 63/567 [==>...........................] - ETA: 0:04<0:37 - loss: 5.9680 
 64/567 [==>...........................] - ETA: 0:04<0:37 - loss: 5.9638 
 65/567 [==>...........................] - ETA: 0:04<0:37 - loss: 5.9637 
 66/567 [==>...........................] - ETA: 0:04<0:37 - loss: 5.9636 
 67/567 [==>...........................] - ETA: 0:05<0:37 - loss: 5.9657 
 68/567 [==>...........................] - ETA: 0:05<0:37 - loss: 5.9632 
 69/567 [==>...........................] - ETA: 0:05<0:37 - loss: 5.9583 
 70/567 [==>...........................] - ETA: 0:05<0:37 - loss: 5.9584 
 71/567 [==>...........................] - ETA: 0:05<0:37 - loss: 5.9564 
 72/567 [==>...........................] - ETA: 0:05<0:37 - loss: 5.9578 
 73/567 [==>...........................] - ETA: 0:05<0:37 - loss: 5.9543 
 74/567 [==>...........................] - ETA: 0:05<0:37 - loss: 5.9548 
 75/567 [==>...........................] - ETA: 0:05<0:36 - loss: 5.9522 
 76/567 [===>..........................] - ETA: 0:05<0:36 - loss: 5.9524 
 77/567 [===>..........................] - ETA: 0:05<0:36 - loss: 5.9497 
 78/567 [===>..........................] - ETA: 0:05<0:36 - loss: 5.9464 
 79/567 [===>..........................] - ETA: 0:05<0:36 - loss: 5.9459 
 80/567 [===>..........................] - ETA: 0:06<0:36 - loss: 5.9443 
 81/567 [===>..........................] - ETA: 0:06<0:36 - loss: 5.9431 
 82/567 [===>..........................] - ETA: 0:06<0:36 - loss: 5.9420 
 83/567 [===>..........................] - ETA: 0:06<0:36 - loss: 5.9418 
 84/567 [===>..........................] - ETA: 0:06<0:36 - loss: 5.9399 
 85/567 [===>..........................] - ETA: 0:06<0:36 - loss: 5.9390 
 86/567 [===>..........................] - ETA: 0:06<0:36 - loss: 5.9388 
 87/567 [===>..........................] - ETA: 0:06<0:36 - loss: 5.9375 
 88/567 [===>..........................] - ETA: 0:06<0:35 - loss: 5.9407 
 89/567 [===>..........................] - ETA: 0:06<0:35 - loss: 5.9399 
 90/567 [===>..........................] - ETA: 0:06<0:35 - loss: 5.9376 
 91/567 [===>..........................] - ETA: 0:06<0:35 - loss: 5.9314 
 92/567 [===>..........................] - ETA: 0:06<0:35 - loss: 5.9299 
 93/567 [===>..........................] - ETA: 0:06<0:35 - loss: 5.9291 
 94/567 [===>..........................] - ETA: 0:07<0:35 - loss: 5.9264 
 95/567 [====>.........................] - ETA: 0:07<0:35 - loss: 5.9258 
 96/567 [====>.........................] - ETA: 0:07<0:35 - loss: 5.9248 
 97/567 [====>.........................] - ETA: 0:07<0:35 - loss: 5.9238 
 98/567 [====>.........................] - ETA: 0:07<0:35 - loss: 5.9224 
 99/567 [====>.........................] - ETA: 0:07<0:35 - loss: 5.9216 
100/567 [====>.........................] - ETA: 0:07<0:35 - loss: 5.9123 
101/567 [====>.........................] - ETA: 0:07<0:34 - loss: 5.9137 
102/567 [====>.........................] - ETA: 0:07<0:34 - loss: 5.9141 
103/567 [====>.........................] - ETA: 0:07<0:34 - loss: 5.9131 
104/567 [====>.........................] - ETA: 0:07<0:34 - loss: 5.9112 
105/567 [====>.........................] - ETA: 0:07<0:34 - loss: 5.9115 
106/567 [====>.........................] - ETA: 0:07<0:34 - loss: 5.9113 
107/567 [====>.........................] - ETA: 0:08<0:34 - loss: 5.9096 
108/567 [====>.........................] - ETA: 0:08<0:34 - loss: 5.9105 
109/567 [====>.........................] - ETA: 0:08<0:34 - loss: 5.9095 
110/567 [====>.........................] - ETA: 0:08<0:34 - loss: 5.9112 
111/567 [====>.........................] - ETA: 0:08<0:34 - loss: 5.9067 
112/567 [====>.........................] - ETA: 0:08<0:34 - loss: 5.9077 
113/567 [====>.........................] - ETA: 0:08<0:34 - loss: 5.9109 
114/567 [=====>........................] - ETA: 0:08<0:33 - loss: 5.9076 
115/567 [=====>........................] - ETA: 0:08<0:33 - loss: 5.9066 
116/567 [=====>........................] - ETA: 0:08<0:33 - loss: 5.9065 
117/567 [=====>........................] - ETA: 0:08<0:33 - loss: 5.9046 
118/567 [=====>........................] - ETA: 0:08<0:33 - loss: 5.9063 
119/567 [=====>........................] - ETA: 0:08<0:33 - loss: 5.9052 
120/567 [=====>........................] - ETA: 0:09<0:33 - loss: 5.9068 
121/567 [=====>........................] - ETA: 0:09<0:33 - loss: 5.9076 
122/567 [=====>........................] - ETA: 0:09<0:33 - loss: 5.9040 
123/567 [=====>........................] - ETA: 0:09<0:33 - loss: 5.9052 
124/567 [=====>........................] - ETA: 0:09<0:33 - loss: 5.9040 
125/567 [=====>........................] - ETA: 0:09<0:33 - loss: 5.9045 
126/567 [=====>........................] - ETA: 0:09<0:33 - loss: 5.9069 
127/567 [=====>........................] - ETA: 0:09<0:33 - loss: 5.9061 
128/567 [=====>........................] - ETA: 0:09<0:32 - loss: 5.9045 
129/567 [=====>........................] - ETA: 0:09<0:32 - loss: 5.9018 
130/567 [=====>........................] - ETA: 0:09<0:32 - loss: 5.9048 
131/567 [=====>........................] - ETA: 0:09<0:32 - loss: 5.9068 
132/567 [=====>........................] - ETA: 0:09<0:32 - loss: 5.9059 
133/567 [======>.......................] - ETA: 0:09<0:32 - loss: 5.9062 
134/567 [======>.......................] - ETA: 0:10<0:32 - loss: 5.9056 
135/567 [======>.......................] - ETA: 0:10<0:32 - loss: 5.9043 
136/567 [======>.......................] - ETA: 0:10<0:32 - loss: 5.9065 
137/567 [======>.......................] - ETA: 0:10<0:32 - loss: 5.9056 
138/567 [======>.......................] - ETA: 0:10<0:32 - loss: 5.9075 
139/567 [======>.......................] - ETA: 0:10<0:32 - loss: 5.9091 
140/567 [======>.......................] - ETA: 0:10<0:32 - loss: 5.9094 
141/567 [======>.......................] - ETA: 0:10<0:32 - loss: 5.9076 
142/567 [======>.......................] - ETA: 0:10<0:31 - loss: 5.9068 
143/567 [======>.......................] - ETA: 0:10<0:31 - loss: 5.9098 
144/567 [======>.......................] - ETA: 0:10<0:31 - loss: 5.9110 
145/567 [======>.......................] - ETA: 0:10<0:31 - loss: 5.9115 
146/567 [======>.......................] - ETA: 0:10<0:31 - loss: 5.9092 
147/567 [======>.......................] - ETA: 0:11<0:31 - loss: 5.9112 
148/567 [======>.......................] - ETA: 0:11<0:31 - loss: 5.9130 
149/567 [======>.......................] - ETA: 0:11<0:31 - loss: 5.9114 
150/567 [======>.......................] - ETA: 0:11<0:31 - loss: 5.9095 
151/567 [======>.......................] - ETA: 0:11<0:31 - loss: 5.9101 
152/567 [=======>......................] - ETA: 0:11<0:31 - loss: 5.9122 
153/567 [=======>......................] - ETA: 0:11<0:31 - loss: 5.9125 
154/567 [=======>......................] - ETA: 0:11<0:31 - loss: 5.9118 
155/567 [=======>......................] - ETA: 0:11<0:31 - loss: 5.9105 
156/567 [=======>......................] - ETA: 0:11<0:30 - loss: 5.9126 
157/567 [=======>......................] - ETA: 0:11<0:30 - loss: 5.9123 
158/567 [=======>......................] - ETA: 0:11<0:30 - loss: 5.9127 
159/567 [=======>......................] - ETA: 0:11<0:30 - loss: 5.9131 
160/567 [=======>......................] - ETA: 0:12<0:30 - loss: 5.9130 
161/567 [=======>......................] - ETA: 0:12<0:30 - loss: 5.9148 
162/567 [=======>......................] - ETA: 0:12<0:30 - loss: 5.9138 
163/567 [=======>......................] - ETA: 0:12<0:30 - loss: 5.9139 
164/567 [=======>......................] - ETA: 0:12<0:30 - loss: 5.9161 
165/567 [=======>......................] - ETA: 0:12<0:30 - loss: 5.9160 
166/567 [=======>......................] - ETA: 0:12<0:30 - loss: 5.9155 
167/567 [=======>......................] - ETA: 0:12<0:30 - loss: 5.9134 
168/567 [=======>......................] - ETA: 0:12<0:30 - loss: 5.9160 
169/567 [=======>......................] - ETA: 0:12<0:29 - loss: 5.9177 
170/567 [=======>......................] - ETA: 0:12<0:29 - loss: 5.9172 
171/567 [========>.....................] - ETA: 0:12<0:29 - loss: 5.9182 
172/567 [========>.....................] - ETA: 0:12<0:29 - loss: 5.9175 
173/567 [========>.....................] - ETA: 0:13<0:29 - loss: 5.9190 
174/567 [========>.....................] - ETA: 0:13<0:29 - loss: 5.9204 
175/567 [========>.....................] - ETA: 0:13<0:29 - loss: 5.9204 
176/567 [========>.....................] - ETA: 0:13<0:29 - loss: 5.9211 
177/567 [========>.....................] - ETA: 0:13<0:29 - loss: 5.9223 
178/567 [========>.....................] - ETA: 0:13<0:29 - loss: 5.9219 
179/567 [========>.....................] - ETA: 0:13<0:29 - loss: 5.9219 
180/567 [========>.....................] - ETA: 0:13<0:29 - loss: 5.9192 
181/567 [========>.....................] - ETA: 0:13<0:29 - loss: 5.9184 
182/567 [========>.....................] - ETA: 0:13<0:29 - loss: 5.9181 
183/567 [========>.....................] - ETA: 0:13<0:28 - loss: 5.9163 
184/567 [========>.....................] - ETA: 0:13<0:28 - loss: 5.9173 
185/567 [========>.....................] - ETA: 0:13<0:28 - loss: 5.9163 
186/567 [========>.....................] - ETA: 0:14<0:28 - loss: 5.9156 
187/567 [========>.....................] - ETA: 0:14<0:28 - loss: 5.9145 
188/567 [========>.....................] - ETA: 0:14<0:28 - loss: 5.9117 
189/567 [=========>....................] - ETA: 0:14<0:28 - loss: 5.9114 
190/567 [=========>....................] - ETA: 0:14<0:28 - loss: 5.9087 
191/567 [=========>....................] - ETA: 0:14<0:28 - loss: 5.9117 
192/567 [=========>....................] - ETA: 0:14<0:28 - loss: 5.9132 
193/567 [=========>....................] - ETA: 0:14<0:28 - loss: 5.9144 
194/567 [=========>....................] - ETA: 0:14<0:28 - loss: 5.9128 
195/567 [=========>....................] - ETA: 0:14<0:28 - loss: 5.9131 
196/567 [=========>....................] - ETA: 0:14<0:27 - loss: 5.9125 
197/567 [=========>....................] - ETA: 0:14<0:27 - loss: 5.9152 
198/567 [=========>....................] - ETA: 0:14<0:27 - loss: 5.9146 
199/567 [=========>....................] - ETA: 0:15<0:27 - loss: 5.9139 
200/567 [=========>....................] - ETA: 0:15<0:27 - loss: 5.9171 
201/567 [=========>....................] - ETA: 0:15<0:27 - loss: 5.9193 
202/567 [=========>....................] - ETA: 0:15<0:27 - loss: 5.9183 
203/567 [=========>....................] - ETA: 0:15<0:27 - loss: 5.9199 
204/567 [=========>....................] - ETA: 0:15<0:27 - loss: 5.9210 
205/567 [=========>....................] - ETA: 0:15<0:27 - loss: 5.9200 
206/567 [=========>....................] - ETA: 0:15<0:27 - loss: 5.9209 
207/567 [=========>....................] - ETA: 0:15<0:27 - loss: 5.9208 
208/567 [==========>...................] - ETA: 0:15<0:27 - loss: 5.9222 
209/567 [==========>...................] - ETA: 0:15<0:27 - loss: 5.9227 
210/567 [==========>...................] - ETA: 0:15<0:26 - loss: 5.9199 
211/567 [==========>...................] - ETA: 0:15<0:26 - loss: 5.9216 
212/567 [==========>...................] - ETA: 0:15<0:26 - loss: 5.9208 
213/567 [==========>...................] - ETA: 0:16<0:26 - loss: 5.9170 
214/567 [==========>...................] - ETA: 0:16<0:26 - loss: 5.9172 
215/567 [==========>...................] - ETA: 0:16<0:26 - loss: 5.9156 
216/567 [==========>...................] - ETA: 0:16<0:26 - loss: 5.9157 
217/567 [==========>...................] - ETA: 0:16<0:26 - loss: 5.9165 
218/567 [==========>...................] - ETA: 0:16<0:26 - loss: 5.9157 
219/567 [==========>...................] - ETA: 0:16<0:26 - loss: 5.9147 
220/567 [==========>...................] - ETA: 0:16<0:26 - loss: 5.9171 
221/567 [==========>...................] - ETA: 0:16<0:26 - loss: 5.9172 
222/567 [==========>...................] - ETA: 0:16<0:26 - loss: 5.9155 
223/567 [==========>...................] - ETA: 0:16<0:25 - loss: 5.9140 
224/567 [==========>...................] - ETA: 0:16<0:25 - loss: 5.9120 
225/567 [==========>...................] - ETA: 0:16<0:25 - loss: 5.9129 
226/567 [==========>...................] - ETA: 0:17<0:25 - loss: 5.9126 
227/567 [===========>..................] - ETA: 0:17<0:25 - loss: 5.9115 
228/567 [===========>..................] - ETA: 0:17<0:25 - loss: 5.9116 
229/567 [===========>..................] - ETA: 0:17<0:25 - loss: 5.9122 
230/567 [===========>..................] - ETA: 0:17<0:25 - loss: 5.9107 
231/567 [===========>..................] - ETA: 0:17<0:25 - loss: 5.9096 
232/567 [===========>..................] - ETA: 0:17<0:25 - loss: 5.9089 
233/567 [===========>..................] - ETA: 0:17<0:25 - loss: 5.9112 
234/567 [===========>..................] - ETA: 0:17<0:25 - loss: 5.9145 
235/567 [===========>..................] - ETA: 0:17<0:25 - loss: 5.9121 
236/567 [===========>..................] - ETA: 0:17<0:24 - loss: 5.9113 
237/567 [===========>..................] - ETA: 0:17<0:24 - loss: 5.9113 
238/567 [===========>..................] - ETA: 0:17<0:24 - loss: 5.9069 
239/567 [===========>..................] - ETA: 0:18<0:24 - loss: 5.9070 
240/567 [===========>..................] - ETA: 0:18<0:24 - loss: 5.9062 
241/567 [===========>..................] - ETA: 0:18<0:24 - loss: 5.9047 
242/567 [===========>..................] - ETA: 0:18<0:24 - loss: 5.9051 
243/567 [===========>..................] - ETA: 0:18<0:24 - loss: 5.9028 
244/567 [===========>..................] - ETA: 0:18<0:24 - loss: 5.8995 
245/567 [===========>..................] - ETA: 0:18<0:24 - loss: 5.8986 
246/567 [============>.................] - ETA: 0:18<0:24 - loss: 5.8997 
247/567 [============>.................] - ETA: 0:18<0:24 - loss: 5.9003 
248/567 [============>.................] - ETA: 0:18<0:24 - loss: 5.8999 
249/567 [============>.................] - ETA: 0:18<0:23 - loss: 5.9004 
250/567 [============>.................] - ETA: 0:18<0:23 - loss: 5.9018 
251/567 [============>.................] - ETA: 0:18<0:23 - loss: 5.9016 
252/567 [============>.................] - ETA: 0:19<0:23 - loss: 5.9009 
253/567 [============>.................] - ETA: 0:19<0:23 - loss: 5.9011 
254/567 [============>.................] - ETA: 0:19<0:23 - loss: 5.9042 
255/567 [============>.................] - ETA: 0:19<0:23 - loss: 5.9066 
256/567 [============>.................] - ETA: 0:19<0:23 - loss: 5.9055 
257/567 [============>.................] - ETA: 0:19<0:23 - loss: 5.9031 
258/567 [============>.................] - ETA: 0:19<0:23 - loss: 5.9041 
259/567 [============>.................] - ETA: 0:19<0:23 - loss: 5.9059 
260/567 [============>.................] - ETA: 0:19<0:23 - loss: 5.9055 
261/567 [============>.................] - ETA: 0:19<0:23 - loss: 5.9054 
262/567 [============>.................] - ETA: 0:19<0:23 - loss: 5.9003 
263/567 [============>.................] - ETA: 0:19<0:22 - loss: 5.9016 
264/567 [============>.................] - ETA: 0:19<0:22 - loss: 5.9019 
265/567 [=============>................] - ETA: 0:19<0:22 - loss: 5.8990 
266/567 [=============>................] - ETA: 0:20<0:22 - loss: 5.9000 
267/567 [=============>................] - ETA: 0:20<0:22 - loss: 5.9014 
268/567 [=============>................] - ETA: 0:20<0:22 - loss: 5.8996 
269/567 [=============>................] - ETA: 0:20<0:22 - loss: 5.9013 
270/567 [=============>................] - ETA: 0:20<0:22 - loss: 5.9036 
271/567 [=============>................] - ETA: 0:20<0:22 - loss: 5.9029 
272/567 [=============>................] - ETA: 0:20<0:22 - loss: 5.9021 
273/567 [=============>................] - ETA: 0:20<0:22 - loss: 5.9020 
274/567 [=============>................] - ETA: 0:20<0:22 - loss: 5.9027 
275/567 [=============>................] - ETA: 0:20<0:22 - loss: 5.9016 
276/567 [=============>................] - ETA: 0:20<0:21 - loss: 5.9005 
277/567 [=============>................] - ETA: 0:20<0:21 - loss: 5.8997 
278/567 [=============>................] - ETA: 0:20<0:21 - loss: 5.9013 
279/567 [=============>................] - ETA: 0:21<0:21 - loss: 5.9011 
280/567 [=============>................] - ETA: 0:21<0:21 - loss: 5.9011 
281/567 [=============>................] - ETA: 0:21<0:21 - loss: 5.9006 
282/567 [=============>................] - ETA: 0:21<0:21 - loss: 5.9018 
283/567 [=============>................] - ETA: 0:21<0:21 - loss: 5.8992 
284/567 [==============>...............] - ETA: 0:21<0:21 - loss: 5.9003 
285/567 [==============>...............] - ETA: 0:21<0:21 - loss: 5.8981 
286/567 [==============>...............] - ETA: 0:21<0:21 - loss: 5.8982 
287/567 [==============>...............] - ETA: 0:21<0:21 - loss: 5.8985 
288/567 [==============>...............] - ETA: 0:21<0:21 - loss: 5.8989 
289/567 [==============>...............] - ETA: 0:21<0:20 - loss: 5.8970 
290/567 [==============>...............] - ETA: 0:21<0:20 - loss: 5.9002 
291/567 [==============>...............] - ETA: 0:21<0:20 - loss: 5.8973 
292/567 [==============>...............] - ETA: 0:22<0:20 - loss: 5.8966 
293/567 [==============>...............] - ETA: 0:22<0:20 - loss: 5.8981 
294/567 [==============>...............] - ETA: 0:22<0:20 - loss: 5.8998 
295/567 [==============>...............] - ETA: 0:22<0:20 - loss: 5.9014 
296/567 [==============>...............] - ETA: 0:22<0:20 - loss: 5.9021 
297/567 [==============>...............] - ETA: 0:22<0:20 - loss: 5.9005 
298/567 [==============>...............] - ETA: 0:22<0:20 - loss: 5.9020 
299/567 [==============>...............] - ETA: 0:22<0:20 - loss: 5.9018 
300/567 [==============>...............] - ETA: 0:22<0:20 - loss: 5.9026 
301/567 [==============>...............] - ETA: 0:22<0:20 - loss: 5.9006 
302/567 [==============>...............] - ETA: 0:22<0:19 - loss: 5.9003 
303/567 [===============>..............] - ETA: 0:22<0:19 - loss: 5.9008 
304/567 [===============>..............] - ETA: 0:22<0:19 - loss: 5.9003 
305/567 [===============>..............] - ETA: 0:23<0:19 - loss: 5.8999 
306/567 [===============>..............] - ETA: 0:23<0:19 - loss: 5.8959 
307/567 [===============>..............] - ETA: 0:23<0:19 - loss: 5.8951 
308/567 [===============>..............] - ETA: 0:23<0:19 - loss: 5.8944 
309/567 [===============>..............] - ETA: 0:23<0:19 - loss: 5.8925 
310/567 [===============>..............] - ETA: 0:23<0:19 - loss: 5.8955 
311/567 [===============>..............] - ETA: 0:23<0:19 - loss: 5.8947 
312/567 [===============>..............] - ETA: 0:23<0:19 - loss: 5.8918 
313/567 [===============>..............] - ETA: 0:23<0:19 - loss: 5.8930 
314/567 [===============>..............] - ETA: 0:23<0:19 - loss: 5.8949 
315/567 [===============>..............] - ETA: 0:23<0:19 - loss: 5.8958 
316/567 [===============>..............] - ETA: 0:23<0:18 - loss: 5.8957 
317/567 [===============>..............] - ETA: 0:23<0:18 - loss: 5.8946 
318/567 [===============>..............] - ETA: 0:23<0:18 - loss: 5.8933 
319/567 [===============>..............] - ETA: 0:24<0:18 - loss: 5.8948 
320/567 [===============>..............] - ETA: 0:24<0:18 - loss: 5.8902 
321/567 [===============>..............] - ETA: 0:24<0:18 - loss: 5.8887 
322/567 [================>.............] - ETA: 0:24<0:18 - loss: 5.8892 
323/567 [================>.............] - ETA: 0:24<0:18 - loss: 5.8922 
324/567 [================>.............] - ETA: 0:24<0:18 - loss: 5.8930 
325/567 [================>.............] - ETA: 0:24<0:18 - loss: 5.8918 
326/567 [================>.............] - ETA: 0:24<0:18 - loss: 5.8923 
327/567 [================>.............] - ETA: 0:24<0:18 - loss: 5.8925 
328/567 [================>.............] - ETA: 0:24<0:18 - loss: 5.8918 
329/567 [================>.............] - ETA: 0:24<0:17 - loss: 5.8931 
330/567 [================>.............] - ETA: 0:24<0:17 - loss: 5.8920 
331/567 [================>.............] - ETA: 0:24<0:17 - loss: 5.8939 
332/567 [================>.............] - ETA: 0:25<0:17 - loss: 5.8937 
333/567 [================>.............] - ETA: 0:25<0:17 - loss: 5.8912 
334/567 [================>.............] - ETA: 0:25<0:17 - loss: 5.8897 
335/567 [================>.............] - ETA: 0:25<0:17 - loss: 5.8919 
336/567 [================>.............] - ETA: 0:25<0:17 - loss: 5.8911 
337/567 [================>.............] - ETA: 0:25<0:17 - loss: 5.8890 
338/567 [================>.............] - ETA: 0:25<0:17 - loss: 5.8903 
339/567 [================>.............] - ETA: 0:25<0:17 - loss: 5.8901 
340/567 [================>.............] - ETA: 0:25<0:17 - loss: 5.8887 
341/567 [=================>............] - ETA: 0:25<0:17 - loss: 5.8927 
342/567 [=================>............] - ETA: 0:25<0:16 - loss: 5.8942 
343/567 [=================>............] - ETA: 0:25<0:16 - loss: 5.8924 
344/567 [=================>............] - ETA: 0:25<0:16 - loss: 5.8911 
345/567 [=================>............] - ETA: 0:26<0:16 - loss: 5.8916 
346/567 [=================>............] - ETA: 0:26<0:16 - loss: 5.8928 
347/567 [=================>............] - ETA: 0:26<0:16 - loss: 5.8923 
348/567 [=================>............] - ETA: 0:26<0:16 - loss: 5.8934 
349/567 [=================>............] - ETA: 0:26<0:16 - loss: 5.8925 
350/567 [=================>............] - ETA: 0:26<0:16 - loss: 5.8909 
351/567 [=================>............] - ETA: 0:26<0:16 - loss: 5.8917 
352/567 [=================>............] - ETA: 0:26<0:16 - loss: 5.8897 
353/567 [=================>............] - ETA: 0:26<0:16 - loss: 5.8886 
354/567 [=================>............] - ETA: 0:26<0:16 - loss: 5.8870 
355/567 [=================>............] - ETA: 0:26<0:15 - loss: 5.8848 
356/567 [=================>............] - ETA: 0:26<0:15 - loss: 5.8837 
357/567 [=================>............] - ETA: 0:26<0:15 - loss: 5.8823 
358/567 [=================>............] - ETA: 0:27<0:15 - loss: 5.8819 
359/567 [=================>............] - ETA: 0:27<0:15 - loss: 5.8831 
360/567 [==================>...........] - ETA: 0:27<0:15 - loss: 5.8825 
361/567 [==================>...........] - ETA: 0:27<0:15 - loss: 5.8836 
362/567 [==================>...........] - ETA: 0:27<0:15 - loss: 5.8869 
363/567 [==================>...........] - ETA: 0:27<0:15 - loss: 5.8863 
364/567 [==================>...........] - ETA: 0:27<0:15 - loss: 5.8889 
365/567 [==================>...........] - ETA: 0:27<0:15 - loss: 5.8898 
366/567 [==================>...........] - ETA: 0:27<0:15 - loss: 5.8887 
367/567 [==================>...........] - ETA: 0:27<0:15 - loss: 5.8841 
368/567 [==================>...........] - ETA: 0:27<0:15 - loss: 5.8843 
369/567 [==================>...........] - ETA: 0:27<0:14 - loss: 5.8816 
370/567 [==================>...........] - ETA: 0:27<0:14 - loss: 5.8776 
371/567 [==================>...........] - ETA: 0:27<0:14 - loss: 5.8782 
372/567 [==================>...........] - ETA: 0:28<0:14 - loss: 5.8798 
373/567 [==================>...........] - ETA: 0:28<0:14 - loss: 5.8770 
374/567 [==================>...........] - ETA: 0:28<0:14 - loss: 5.8744 
375/567 [==================>...........] - ETA: 0:28<0:14 - loss: 5.8766 
376/567 [==================>...........] - ETA: 0:28<0:14 - loss: 5.8778 
377/567 [==================>...........] - ETA: 0:28<0:14 - loss: 5.8770 
378/567 [===================>..........] - ETA: 0:28<0:14 - loss: 5.8731 
379/567 [===================>..........] - ETA: 0:28<0:14 - loss: 5.8718 
380/567 [===================>..........] - ETA: 0:28<0:14 - loss: 5.8709 
381/567 [===================>..........] - ETA: 0:28<0:14 - loss: 5.8719 
382/567 [===================>..........] - ETA: 0:28<0:13 - loss: 5.8712 
383/567 [===================>..........] - ETA: 0:28<0:13 - loss: 5.8712 
384/567 [===================>..........] - ETA: 0:28<0:13 - loss: 5.8686 
385/567 [===================>..........] - ETA: 0:29<0:13 - loss: 5.8698 
386/567 [===================>..........] - ETA: 0:29<0:13 - loss: 5.8667 
387/567 [===================>..........] - ETA: 0:29<0:13 - loss: 5.8634 
388/567 [===================>..........] - ETA: 0:29<0:13 - loss: 5.8625 
389/567 [===================>..........] - ETA: 0:29<0:13 - loss: 5.8621 
390/567 [===================>..........] - ETA: 0:29<0:13 - loss: 5.8638 
391/567 [===================>..........] - ETA: 0:29<0:13 - loss: 5.8661 
392/567 [===================>..........] - ETA: 0:29<0:13 - loss: 5.8665 
393/567 [===================>..........] - ETA: 0:29<0:13 - loss: 5.8625 
394/567 [===================>..........] - ETA: 0:29<0:13 - loss: 5.8632 
395/567 [===================>..........] - ETA: 0:29<0:12 - loss: 5.8612 
396/567 [===================>..........] - ETA: 0:29<0:12 - loss: 5.8620 
397/567 [====================>.........] - ETA: 0:29<0:12 - loss: 5.8609 
398/567 [====================>.........] - ETA: 0:30<0:12 - loss: 5.8602 
399/567 [====================>.........] - ETA: 0:30<0:12 - loss: 5.8604 
400/567 [====================>.........] - ETA: 0:30<0:12 - loss: 5.8605 
401/567 [====================>.........] - ETA: 0:30<0:12 - loss: 5.8628 
402/567 [====================>.........] - ETA: 0:30<0:12 - loss: 5.8644 
403/567 [====================>.........] - ETA: 0:30<0:12 - loss: 5.8626 
404/567 [====================>.........] - ETA: 0:30<0:12 - loss: 5.8625 
405/567 [====================>.........] - ETA: 0:30<0:12 - loss: 5.8647 
406/567 [====================>.........] - ETA: 0:30<0:12 - loss: 5.8669 
407/567 [====================>.........] - ETA: 0:30<0:12 - loss: 5.8656 
408/567 [====================>.........] - ETA: 0:30<0:11 - loss: 5.8647 
409/567 [====================>.........] - ETA: 0:30<0:11 - loss: 5.8642 
410/567 [====================>.........] - ETA: 0:30<0:11 - loss: 5.8617 
411/567 [====================>.........] - ETA: 0:30<0:11 - loss: 5.8605 
412/567 [====================>.........] - ETA: 0:31<0:11 - loss: 5.8624 
413/567 [====================>.........] - ETA: 0:31<0:11 - loss: 5.8623 
414/567 [====================>.........] - ETA: 0:31<0:11 - loss: 5.8591 
415/567 [====================>.........] - ETA: 0:31<0:11 - loss: 5.8581 
416/567 [=====================>........] - ETA: 0:31<0:11 - loss: 5.8595 
417/567 [=====================>........] - ETA: 0:31<0:11 - loss: 5.8568 
418/567 [=====================>........] - ETA: 0:31<0:11 - loss: 5.8567 
419/567 [=====================>........] - ETA: 0:31<0:11 - loss: 5.8571 
420/567 [=====================>........] - ETA: 0:31<0:11 - loss: 5.8564 
421/567 [=====================>........] - ETA: 0:31<0:11 - loss: 5.8566 
422/567 [=====================>........] - ETA: 0:31<0:10 - loss: 5.8557 
423/567 [=====================>........] - ETA: 0:31<0:10 - loss: 5.8518 
424/567 [=====================>........] - ETA: 0:31<0:10 - loss: 5.8526 
425/567 [=====================>........] - ETA: 0:32<0:10 - loss: 5.8495 
426/567 [=====================>........] - ETA: 0:32<0:10 - loss: 5.8495 
427/567 [=====================>........] - ETA: 0:32<0:10 - loss: 5.8471 
428/567 [=====================>........] - ETA: 0:32<0:10 - loss: 5.8464 
429/567 [=====================>........] - ETA: 0:32<0:10 - loss: 5.8455 
430/567 [=====================>........] - ETA: 0:32<0:10 - loss: 5.8449 
431/567 [=====================>........] - ETA: 0:32<0:10 - loss: 5.8433 
432/567 [=====================>........] - ETA: 0:32<0:10 - loss: 5.8416 
433/567 [=====================>........] - ETA: 0:32<0:10 - loss: 5.8440 
434/567 [=====================>........] - ETA: 0:32<0:10 - loss: 5.8423 
435/567 [======================>.......] - ETA: 0:32<0:09 - loss: 5.8438 
436/567 [======================>.......] - ETA: 0:32<0:09 - loss: 5.8432 
437/567 [======================>.......] - ETA: 0:32<0:09 - loss: 5.8432 
438/567 [======================>.......] - ETA: 0:33<0:09 - loss: 5.8445 
439/567 [======================>.......] - ETA: 0:33<0:09 - loss: 5.8445 
440/567 [======================>.......] - ETA: 0:33<0:09 - loss: 5.8466 
441/567 [======================>.......] - ETA: 0:33<0:09 - loss: 5.8443 
442/567 [======================>.......] - ETA: 0:33<0:09 - loss: 5.8388 
443/567 [======================>.......] - ETA: 0:33<0:09 - loss: 5.8390 
444/567 [======================>.......] - ETA: 0:33<0:09 - loss: 5.8419 
445/567 [======================>.......] - ETA: 0:33<0:09 - loss: 5.8415 
446/567 [======================>.......] - ETA: 0:33<0:09 - loss: 5.8421 
447/567 [======================>.......] - ETA: 0:33<0:09 - loss: 5.8437 
448/567 [======================>.......] - ETA: 0:33<0:08 - loss: 5.8401 
449/567 [======================>.......] - ETA: 0:33<0:08 - loss: 5.8432 
450/567 [======================>.......] - ETA: 0:33<0:08 - loss: 5.8429 
451/567 [======================>.......] - ETA: 0:34<0:08 - loss: 5.8417 
452/567 [======================>.......] - ETA: 0:34<0:08 - loss: 5.8449 
453/567 [======================>.......] - ETA: 0:34<0:08 - loss: 5.8468 
454/567 [=======================>......] - ETA: 0:34<0:08 - loss: 5.8451 
455/567 [=======================>......] - ETA: 0:34<0:08 - loss: 5.8450 
456/567 [=======================>......] - ETA: 0:34<0:08 - loss: 5.8430 
457/567 [=======================>......] - ETA: 0:34<0:08 - loss: 5.8436 
458/567 [=======================>......] - ETA: 0:34<0:08 - loss: 5.8410 
459/567 [=======================>......] - ETA: 0:34<0:08 - loss: 5.8342 
460/567 [=======================>......] - ETA: 0:34<0:08 - loss: 5.8328 
461/567 [=======================>......] - ETA: 0:34<0:07 - loss: 5.8326 
462/567 [=======================>......] - ETA: 0:34<0:07 - loss: 5.8322 
463/567 [=======================>......] - ETA: 0:34<0:07 - loss: 5.8302 
464/567 [=======================>......] - ETA: 0:35<0:07 - loss: 5.8248 
465/567 [=======================>......] - ETA: 0:35<0:07 - loss: 5.8265 
466/567 [=======================>......] - ETA: 0:35<0:07 - loss: 5.8260 
467/567 [=======================>......] - ETA: 0:35<0:07 - loss: 5.8299 
468/567 [=======================>......] - ETA: 0:35<0:07 - loss: 5.8294 
469/567 [=======================>......] - ETA: 0:35<0:07 - loss: 5.8320 
470/567 [=======================>......] - ETA: 0:35<0:07 - loss: 5.8350 
471/567 [=======================>......] - ETA: 0:35<0:07 - loss: 5.8356 
472/567 [=======================>......] - ETA: 0:35<0:07 - loss: 5.8337 
473/567 [========================>.....] - ETA: 0:35<0:07 - loss: 5.8344 
474/567 [========================>.....] - ETA: 0:35<0:07 - loss: 5.8337 
475/567 [========================>.....] - ETA: 0:35<0:06 - loss: 5.8338 
476/567 [========================>.....] - ETA: 0:35<0:06 - loss: 5.8324 
477/567 [========================>.....] - ETA: 0:35<0:06 - loss: 5.8315 
478/567 [========================>.....] - ETA: 0:36<0:06 - loss: 5.8347 
479/567 [========================>.....] - ETA: 0:36<0:06 - loss: 5.8408 
480/567 [========================>.....] - ETA: 0:36<0:06 - loss: 5.8442 
481/567 [========================>.....] - ETA: 0:36<0:06 - loss: 5.8433 
482/567 [========================>.....] - ETA: 0:36<0:06 - loss: 5.8426 
483/567 [========================>.....] - ETA: 0:36<0:06 - loss: 5.8436 
484/567 [========================>.....] - ETA: 0:36<0:06 - loss: 5.8470 
485/567 [========================>.....] - ETA: 0:36<0:06 - loss: 5.8500 
486/567 [========================>.....] - ETA: 0:36<0:06 - loss: 5.8513 
487/567 [========================>.....] - ETA: 0:36<0:06 - loss: 5.8541 
488/567 [========================>.....] - ETA: 0:36<0:05 - loss: 5.8550 
489/567 [========================>.....] - ETA: 0:36<0:05 - loss: 5.8568 
490/567 [========================>.....] - ETA: 0:36<0:05 - loss: 5.8547 
491/567 [========================>.....] - ETA: 0:37<0:05 - loss: 5.8544 
492/567 [=========================>....] - ETA: 0:37<0:05 - loss: 5.8528 
493/567 [=========================>....] - ETA: 0:37<0:05 - loss: 5.8554 
494/567 [=========================>....] - ETA: 0:37<0:05 - loss: 5.8553 
495/567 [=========================>....] - ETA: 0:37<0:05 - loss: 5.8531 
496/567 [=========================>....] - ETA: 0:37<0:05 - loss: 5.8506 
497/567 [=========================>....] - ETA: 0:37<0:05 - loss: 5.8488 
498/567 [=========================>....] - ETA: 0:37<0:05 - loss: 5.8500 
499/567 [=========================>....] - ETA: 0:37<0:05 - loss: 5.8516 
500/567 [=========================>....] - ETA: 0:37<0:05 - loss: 5.8534 
501/567 [=========================>....] - ETA: 0:37<0:04 - loss: 5.8510 
502/567 [=========================>....] - ETA: 0:37<0:04 - loss: 5.8501 
503/567 [=========================>....] - ETA: 0:37<0:04 - loss: 5.8496 
504/567 [=========================>....] - ETA: 0:38<0:04 - loss: 5.8504 
505/567 [=========================>....] - ETA: 0:38<0:04 - loss: 5.8463 
506/567 [=========================>....] - ETA: 0:38<0:04 - loss: 5.8449 
507/567 [=========================>....] - ETA: 0:38<0:04 - loss: 5.8431 
508/567 [=========================>....] - ETA: 0:38<0:04 - loss: 5.8428 
509/567 [=========================>....] - ETA: 0:38<0:04 - loss: 5.8391 
510/567 [=========================>....] - ETA: 0:38<0:04 - loss: 5.8384 
511/567 [==========================>...] - ETA: 0:38<0:04 - loss: 5.8392 
512/567 [==========================>...] - ETA: 0:38<0:04 - loss: 5.8358 
513/567 [==========================>...] - ETA: 0:38<0:04 - loss: 5.8357 
514/567 [==========================>...] - ETA: 0:38<0:04 - loss: 5.8383 
515/567 [==========================>...] - ETA: 0:38<0:03 - loss: 5.8409 
516/567 [==========================>...] - ETA: 0:38<0:03 - loss: 5.8390 
517/567 [==========================>...] - ETA: 0:39<0:03 - loss: 5.8407 
518/567 [==========================>...] - ETA: 0:39<0:03 - loss: 5.8413 
519/567 [==========================>...] - ETA: 0:39<0:03 - loss: 5.8379 
520/567 [==========================>...] - ETA: 0:39<0:03 - loss: 5.8408 
521/567 [==========================>...] - ETA: 0:39<0:03 - loss: 5.8420 
522/567 [==========================>...] - ETA: 0:39<0:03 - loss: 5.8437 
523/567 [==========================>...] - ETA: 0:39<0:03 - loss: 5.8430 
524/567 [==========================>...] - ETA: 0:39<0:03 - loss: 5.8419 
525/567 [==========================>...] - ETA: 0:39<0:03 - loss: 5.8466 
526/567 [==========================>...] - ETA: 0:39<0:03 - loss: 5.8467 
527/567 [==========================>...] - ETA: 0:39<0:03 - loss: 5.8473 
528/567 [==========================>...] - ETA: 0:39<0:02 - loss: 5.8477 
529/567 [==========================>...] - ETA: 0:39<0:02 - loss: 5.8461 
530/567 [===========================>..] - ETA: 0:40<0:02 - loss: 5.8465 
531/567 [===========================>..] - ETA: 0:40<0:02 - loss: 5.8475 
532/567 [===========================>..] - ETA: 0:40<0:02 - loss: 5.8466 
533/567 [===========================>..] - ETA: 0:40<0:02 - loss: 5.8466 
534/567 [===========================>..] - ETA: 0:40<0:02 - loss: 5.8478 
535/567 [===========================>..] - ETA: 0:40<0:02 - loss: 5.8460 
536/567 [===========================>..] - ETA: 0:40<0:02 - loss: 5.8471 
537/567 [===========================>..] - ETA: 0:40<0:02 - loss: 5.8487 
538/567 [===========================>..] - ETA: 0:40<0:02 - loss: 5.8485 
539/567 [===========================>..] - ETA: 0:40<0:02 - loss: 5.8468 
540/567 [===========================>..] - ETA: 0:40<0:02 - loss: 5.8473 
541/567 [===========================>..] - ETA: 0:40<0:01 - loss: 5.8482 
542/567 [===========================>..] - ETA: 0:40<0:01 - loss: 5.8527 
543/567 [===========================>..] - ETA: 0:41<0:01 - loss: 5.8539 
544/567 [===========================>..] - ETA: 0:41<0:01 - loss: 5.8535 
545/567 [===========================>..] - ETA: 0:41<0:01 - loss: 5.8538 
546/567 [===========================>..] - ETA: 0:41<0:01 - loss: 5.8546 
547/567 [===========================>..] - ETA: 0:41<0:01 - loss: 5.8533 
548/567 [===========================>..] - ETA: 0:41<0:01 - loss: 5.8544 
549/567 [============================>.] - ETA: 0:41<0:01 - loss: 5.8529 
550/567 [============================>.] - ETA: 0:41<0:01 - loss: 5.8516 
551/567 [============================>.] - ETA: 0:41<0:01 - loss: 5.8524 
552/567 [============================>.] - ETA: 0:41<0:01 - loss: 5.8525 
553/567 [============================>.] - ETA: 0:41<0:01 - loss: 5.8475 
554/567 [============================>.] - ETA: 0:41<0:00 - loss: 5.8471 
555/567 [============================>.] - ETA: 0:41<0:00 - loss: 5.8436 
556/567 [============================>.] - ETA: 0:41<0:00 - loss: 5.8440 
557/567 [============================>.] - ETA: 0:42<0:00 - loss: 5.8464 
558/567 [============================>.] - ETA: 0:42<0:00 - loss: 5.8486 
559/567 [============================>.] - ETA: 0:42<0:00 - loss: 5.8499 
560/567 [============================>.] - ETA: 0:42<0:00 - loss: 5.8517 
561/567 [============================>.] - ETA: 0:42<0:00 - loss: 5.8493 
562/567 [============================>.] - ETA: 0:42<0:00 - loss: 5.8504 
563/567 [============================>.] - ETA: 0:42<0:00 - loss: 5.8505 
564/567 [============================>.] - ETA: 0:42<0:00 - loss: 5.8512 
565/567 [============================>.] - ETA: 0:42<0:00 - loss: 5.8515 
566/567 [============================>.] - ETA: 0:42<0:00 - loss: 5.8488 
567/567 [==============================] - 0:42 75ms/step - loss: 5.8455 
2024-07-06 23:23:13 - Finish Epoch: 8/20 - loss: 5.8816
日晃百花色    花映玉旋声
  0%|                                                                                                                                                    | 0/4 [00:00<?, ?it/s] 50%|██████████████████████████████████████████████████████████████████████                                                                      | 2/4 [00:00<00:00, 17.39it/s]100%|████████████████████████████████████████████████████████████████████████████████████████████████████████████████████████████████████████████| 4/4 [00:00<00:00, 17.44it/s]100%|████████████████████████████████████████████████████████████████████████████████████████████████████████████████████████████████████████████| 4/4 [00:00<00:00, 17.42it/s]
  0%|                                                                                                                                                    | 0/4 [00:00<?, ?it/s] 50%|██████████████████████████████████████████████████████████████████████                                                                      | 2/4 [00:00<00:00, 17.42it/s]100%|████████████████████████████████████████████████████████████████████████████████████████████████████████████████████████████████████████████| 4/4 [00:00<00:00, 17.44it/s]100%|████████████████████████████████████████████████████████████████████████████████████████████████████████████████████████████████████████████| 4/4 [00:00<00:00, 17.42it/s]
valid_data: {'rouge-1': 0.11249999757812505, 'rouge-2': 0.0, 'rouge-l': 0.11249999757812505, 'bleu': 0.026864248295588544, 'best_bleu': 0.026864248295588544}
test_data: {'rouge-1': 0.11249999757812505, 'rouge-2': 0.0, 'rouge-l': 0.11249999757812505, 'bleu': 0.026864248295588544}

2024-07-06 23:23:14 - Start  Epoch: 9/20

  1/567 [..............................] - ETA: 0:00<0:45 - loss: 5.8441 
  2/567 [..............................] - ETA: 0:00<0:44 - loss: 5.8395 
  3/567 [..............................] - ETA: 0:00<0:43 - loss: 5.8397 
  4/567 [..............................] - ETA: 0:00<0:43 - loss: 5.8354 
  5/567 [..............................] - ETA: 0:00<0:43 - loss: 5.8344 
  6/567 [..............................] - ETA: 0:00<0:42 - loss: 5.8358 
  7/567 [..............................] - ETA: 0:00<0:42 - loss: 5.8334 
  8/567 [..............................] - ETA: 0:00<0:42 - loss: 5.8309 
  9/567 [..............................] - ETA: 0:00<0:42 - loss: 5.8314 
 10/567 [..............................] - ETA: 0:00<0:42 - loss: 5.8296 
 11/567 [..............................] - ETA: 0:00<0:42 - loss: 5.8306 
 12/567 [..............................] - ETA: 0:00<0:42 - loss: 5.8233 
 13/567 [..............................] - ETA: 0:00<0:42 - loss: 5.8214 
 14/567 [..............................] - ETA: 0:01<0:42 - loss: 5.8221 
 15/567 [..............................] - ETA: 0:01<0:42 - loss: 5.8204 
 16/567 [..............................] - ETA: 0:01<0:41 - loss: 5.8227 
 17/567 [..............................] - ETA: 0:01<0:41 - loss: 5.8176 
 18/567 [..............................] - ETA: 0:01<0:41 - loss: 5.8143 
 19/567 [>.............................] - ETA: 0:01<0:41 - loss: 5.8133 
 20/567 [>.............................] - ETA: 0:01<0:41 - loss: 5.8108 
 21/567 [>.............................] - ETA: 0:01<0:41 - loss: 5.8080 
 22/567 [>.............................] - ETA: 0:01<0:41 - loss: 5.8049 
 23/567 [>.............................] - ETA: 0:01<0:41 - loss: 5.8021 
 24/567 [>.............................] - ETA: 0:01<0:41 - loss: 5.8018 
 25/567 [>.............................] - ETA: 0:01<0:41 - loss: 5.8042 
 26/567 [>.............................] - ETA: 0:01<0:41 - loss: 5.8002 
 27/567 [>.............................] - ETA: 0:02<0:40 - loss: 5.7988 
 28/567 [>.............................] - ETA: 0:02<0:40 - loss: 5.7991 
 29/567 [>.............................] - ETA: 0:02<0:40 - loss: 5.7986 
 30/567 [>.............................] - ETA: 0:02<0:40 - loss: 5.7988 
 31/567 [>.............................] - ETA: 0:02<0:40 - loss: 5.7982 
 32/567 [>.............................] - ETA: 0:02<0:40 - loss: 5.7950 
 33/567 [>.............................] - ETA: 0:02<0:40 - loss: 5.7907 
 34/567 [>.............................] - ETA: 0:02<0:40 - loss: 5.7919 
 35/567 [>.............................] - ETA: 0:02<0:40 - loss: 5.7892 
 36/567 [>.............................] - ETA: 0:02<0:40 - loss: 5.7878 
 37/567 [>.............................] - ETA: 0:02<0:40 - loss: 5.7865 
 38/567 [=>............................] - ETA: 0:02<0:40 - loss: 5.7883 
 39/567 [=>............................] - ETA: 0:02<0:39 - loss: 5.7862 
 40/567 [=>............................] - ETA: 0:03<0:39 - loss: 5.7887 
 41/567 [=>............................] - ETA: 0:03<0:39 - loss: 5.7869 
 42/567 [=>............................] - ETA: 0:03<0:39 - loss: 5.7915 
 43/567 [=>............................] - ETA: 0:03<0:39 - loss: 5.7877 
 44/567 [=>............................] - ETA: 0:03<0:39 - loss: 5.7832 
 45/567 [=>............................] - ETA: 0:03<0:39 - loss: 5.7837 
 46/567 [=>............................] - ETA: 0:03<0:39 - loss: 5.7830 
 47/567 [=>............................] - ETA: 0:03<0:39 - loss: 5.7807 
 48/567 [=>............................] - ETA: 0:03<0:39 - loss: 5.7750 
 49/567 [=>............................] - ETA: 0:03<0:39 - loss: 5.7741 
 50/567 [=>............................] - ETA: 0:03<0:39 - loss: 5.7730 
 51/567 [=>............................] - ETA: 0:03<0:38 - loss: 5.7714 
 52/567 [=>............................] - ETA: 0:03<0:38 - loss: 5.7747 
 53/567 [=>............................] - ETA: 0:03<0:38 - loss: 5.7687 
 54/567 [=>............................] - ETA: 0:04<0:38 - loss: 5.7664 
 55/567 [=>............................] - ETA: 0:04<0:38 - loss: 5.7628 
 56/567 [=>............................] - ETA: 0:04<0:38 - loss: 5.7615 
 57/567 [==>...........................] - ETA: 0:04<0:38 - loss: 5.7622 
 58/567 [==>...........................] - ETA: 0:04<0:38 - loss: 5.7615 
 59/567 [==>...........................] - ETA: 0:04<0:38 - loss: 5.7587 
 60/567 [==>...........................] - ETA: 0:04<0:38 - loss: 5.7598 
 61/567 [==>...........................] - ETA: 0:04<0:38 - loss: 5.7576 
 62/567 [==>...........................] - ETA: 0:04<0:38 - loss: 5.7582 
 63/567 [==>...........................] - ETA: 0:04<0:38 - loss: 5.7602 
 64/567 [==>...........................] - ETA: 0:04<0:37 - loss: 5.7566 
 65/567 [==>...........................] - ETA: 0:04<0:37 - loss: 5.7560 
 66/567 [==>...........................] - ETA: 0:04<0:37 - loss: 5.7504 
 67/567 [==>...........................] - ETA: 0:05<0:37 - loss: 5.7493 
 68/567 [==>...........................] - ETA: 0:05<0:37 - loss: 5.7466 
 69/567 [==>...........................] - ETA: 0:05<0:37 - loss: 5.7439 
 70/567 [==>...........................] - ETA: 0:05<0:37 - loss: 5.7430 
 71/567 [==>...........................] - ETA: 0:05<0:37 - loss: 5.7399 
 72/567 [==>...........................] - ETA: 0:05<0:37 - loss: 5.7404 
 73/567 [==>...........................] - ETA: 0:05<0:37 - loss: 5.7358 
 74/567 [==>...........................] - ETA: 0:05<0:37 - loss: 5.7324 
 75/567 [==>...........................] - ETA: 0:05<0:37 - loss: 5.7315 
 76/567 [===>..........................] - ETA: 0:05<0:37 - loss: 5.7312 
 77/567 [===>..........................] - ETA: 0:05<0:37 - loss: 5.7310 
 78/567 [===>..........................] - ETA: 0:05<0:36 - loss: 5.7309 
 79/567 [===>..........................] - ETA: 0:05<0:36 - loss: 5.7262 
 80/567 [===>..........................] - ETA: 0:06<0:36 - loss: 5.7235 
 81/567 [===>..........................] - ETA: 0:06<0:36 - loss: 5.7204 
 82/567 [===>..........................] - ETA: 0:06<0:36 - loss: 5.7163 
 83/567 [===>..........................] - ETA: 0:06<0:36 - loss: 5.7176 
 84/567 [===>..........................] - ETA: 0:06<0:36 - loss: 5.7163 
 85/567 [===>..........................] - ETA: 0:06<0:36 - loss: 5.7132 
 86/567 [===>..........................] - ETA: 0:06<0:36 - loss: 5.7141 
 87/567 [===>..........................] - ETA: 0:06<0:36 - loss: 5.7146 
 88/567 [===>..........................] - ETA: 0:06<0:36 - loss: 5.7139 
 89/567 [===>..........................] - ETA: 0:06<0:36 - loss: 5.7128 
 90/567 [===>..........................] - ETA: 0:06<0:36 - loss: 5.7116 
 91/567 [===>..........................] - ETA: 0:06<0:35 - loss: 5.7091 
 92/567 [===>..........................] - ETA: 0:06<0:35 - loss: 5.7082 
 93/567 [===>..........................] - ETA: 0:07<0:35 - loss: 5.7077 
 94/567 [===>..........................] - ETA: 0:07<0:35 - loss: 5.7066 
 95/567 [====>.........................] - ETA: 0:07<0:35 - loss: 5.7044 
 96/567 [====>.........................] - ETA: 0:07<0:35 - loss: 5.7033 
 97/567 [====>.........................] - ETA: 0:07<0:35 - loss: 5.7003 
 98/567 [====>.........................] - ETA: 0:07<0:35 - loss: 5.6948 
 99/567 [====>.........................] - ETA: 0:07<0:35 - loss: 5.6946 
100/567 [====>.........................] - ETA: 0:07<0:35 - loss: 5.6939 
101/567 [====>.........................] - ETA: 0:07<0:35 - loss: 5.6973 
102/567 [====>.........................] - ETA: 0:07<0:35 - loss: 5.6971 
103/567 [====>.........................] - ETA: 0:07<0:35 - loss: 5.6963 
104/567 [====>.........................] - ETA: 0:07<0:35 - loss: 5.6958 
105/567 [====>.........................] - ETA: 0:07<0:34 - loss: 5.6960 
106/567 [====>.........................] - ETA: 0:08<0:34 - loss: 5.6937 
107/567 [====>.........................] - ETA: 0:08<0:34 - loss: 5.6946 
108/567 [====>.........................] - ETA: 0:08<0:34 - loss: 5.6956 
109/567 [====>.........................] - ETA: 0:08<0:34 - loss: 5.6954 
110/567 [====>.........................] - ETA: 0:08<0:34 - loss: 5.6943 
111/567 [====>.........................] - ETA: 0:08<0:34 - loss: 5.6918 
112/567 [====>.........................] - ETA: 0:08<0:34 - loss: 5.6909 
113/567 [====>.........................] - ETA: 0:08<0:34 - loss: 5.6890 
114/567 [=====>........................] - ETA: 0:08<0:34 - loss: 5.6873 
115/567 [=====>........................] - ETA: 0:08<0:34 - loss: 5.6884 
116/567 [=====>........................] - ETA: 0:08<0:34 - loss: 5.6842 
117/567 [=====>........................] - ETA: 0:08<0:34 - loss: 5.6860 
118/567 [=====>........................] - ETA: 0:08<0:33 - loss: 5.6861 
119/567 [=====>........................] - ETA: 0:09<0:33 - loss: 5.6867 
120/567 [=====>........................] - ETA: 0:09<0:33 - loss: 5.6870 
121/567 [=====>........................] - ETA: 0:09<0:33 - loss: 5.6889 
122/567 [=====>........................] - ETA: 0:09<0:33 - loss: 5.6931 
123/567 [=====>........................] - ETA: 0:09<0:33 - loss: 5.6944 
124/567 [=====>........................] - ETA: 0:09<0:33 - loss: 5.6927 
125/567 [=====>........................] - ETA: 0:09<0:33 - loss: 5.6903 
126/567 [=====>........................] - ETA: 0:09<0:33 - loss: 5.6895 
127/567 [=====>........................] - ETA: 0:09<0:33 - loss: 5.6881 
128/567 [=====>........................] - ETA: 0:09<0:33 - loss: 5.6889 
129/567 [=====>........................] - ETA: 0:09<0:33 - loss: 5.6870 
130/567 [=====>........................] - ETA: 0:09<0:33 - loss: 5.6887 
131/567 [=====>........................] - ETA: 0:09<0:32 - loss: 5.6858 
132/567 [=====>........................] - ETA: 0:09<0:32 - loss: 5.6876 
133/567 [======>.......................] - ETA: 0:10<0:32 - loss: 5.6877 
134/567 [======>.......................] - ETA: 0:10<0:32 - loss: 5.6863 
135/567 [======>.......................] - ETA: 0:10<0:32 - loss: 5.6870 
136/567 [======>.......................] - ETA: 0:10<0:32 - loss: 5.6893 
137/567 [======>.......................] - ETA: 0:10<0:32 - loss: 5.6865 
138/567 [======>.......................] - ETA: 0:10<0:32 - loss: 5.6848 
139/567 [======>.......................] - ETA: 0:10<0:32 - loss: 5.6863 
140/567 [======>.......................] - ETA: 0:10<0:32 - loss: 5.6851 
141/567 [======>.......................] - ETA: 0:10<0:32 - loss: 5.6839 
142/567 [======>.......................] - ETA: 0:10<0:32 - loss: 5.6823 
143/567 [======>.......................] - ETA: 0:10<0:32 - loss: 5.6844 
144/567 [======>.......................] - ETA: 0:10<0:32 - loss: 5.6859 
145/567 [======>.......................] - ETA: 0:10<0:31 - loss: 5.6862 
146/567 [======>.......................] - ETA: 0:11<0:31 - loss: 5.6846 
147/567 [======>.......................] - ETA: 0:11<0:31 - loss: 5.6840 
148/567 [======>.......................] - ETA: 0:11<0:31 - loss: 5.6836 
149/567 [======>.......................] - ETA: 0:11<0:31 - loss: 5.6838 
150/567 [======>.......................] - ETA: 0:11<0:31 - loss: 5.6825 
151/567 [======>.......................] - ETA: 0:11<0:31 - loss: 5.6803 
152/567 [=======>......................] - ETA: 0:11<0:31 - loss: 5.6795 
153/567 [=======>......................] - ETA: 0:11<0:31 - loss: 5.6819 
154/567 [=======>......................] - ETA: 0:11<0:31 - loss: 5.6817 
155/567 [=======>......................] - ETA: 0:11<0:31 - loss: 5.6834 
156/567 [=======>......................] - ETA: 0:11<0:31 - loss: 5.6833 
157/567 [=======>......................] - ETA: 0:11<0:31 - loss: 5.6842 
158/567 [=======>......................] - ETA: 0:11<0:30 - loss: 5.6826 
159/567 [=======>......................] - ETA: 0:12<0:30 - loss: 5.6812 
160/567 [=======>......................] - ETA: 0:12<0:30 - loss: 5.6779 
161/567 [=======>......................] - ETA: 0:12<0:30 - loss: 5.6803 
162/567 [=======>......................] - ETA: 0:12<0:30 - loss: 5.6796 
163/567 [=======>......................] - ETA: 0:12<0:30 - loss: 5.6764 
164/567 [=======>......................] - ETA: 0:12<0:30 - loss: 5.6749 
165/567 [=======>......................] - ETA: 0:12<0:30 - loss: 5.6748 
166/567 [=======>......................] - ETA: 0:12<0:30 - loss: 5.6762 
167/567 [=======>......................] - ETA: 0:12<0:30 - loss: 5.6756 
168/567 [=======>......................] - ETA: 0:12<0:30 - loss: 5.6765 
169/567 [=======>......................] - ETA: 0:12<0:30 - loss: 5.6754 
170/567 [=======>......................] - ETA: 0:12<0:30 - loss: 5.6744 
171/567 [========>.....................] - ETA: 0:12<0:29 - loss: 5.6765 
172/567 [========>.....................] - ETA: 0:12<0:29 - loss: 5.6773 
173/567 [========>.....................] - ETA: 0:13<0:29 - loss: 5.6773 
174/567 [========>.....................] - ETA: 0:13<0:29 - loss: 5.6764 
175/567 [========>.....................] - ETA: 0:13<0:29 - loss: 5.6743 
176/567 [========>.....................] - ETA: 0:13<0:29 - loss: 5.6729 
177/567 [========>.....................] - ETA: 0:13<0:29 - loss: 5.6727 
178/567 [========>.....................] - ETA: 0:13<0:29 - loss: 5.6679 
179/567 [========>.....................] - ETA: 0:13<0:29 - loss: 5.6709 
180/567 [========>.....................] - ETA: 0:13<0:29 - loss: 5.6694 
181/567 [========>.....................] - ETA: 0:13<0:29 - loss: 5.6698 
182/567 [========>.....................] - ETA: 0:13<0:29 - loss: 5.6699 
183/567 [========>.....................] - ETA: 0:13<0:29 - loss: 5.6681 
184/567 [========>.....................] - ETA: 0:13<0:28 - loss: 5.6649 
185/567 [========>.....................] - ETA: 0:13<0:28 - loss: 5.6635 
186/567 [========>.....................] - ETA: 0:14<0:28 - loss: 5.6630 
187/567 [========>.....................] - ETA: 0:14<0:28 - loss: 5.6612 
188/567 [========>.....................] - ETA: 0:14<0:28 - loss: 5.6636 
189/567 [=========>....................] - ETA: 0:14<0:28 - loss: 5.6645 
190/567 [=========>....................] - ETA: 0:14<0:28 - loss: 5.6621 
191/567 [=========>....................] - ETA: 0:14<0:28 - loss: 5.6627 
192/567 [=========>....................] - ETA: 0:14<0:28 - loss: 5.6649 
193/567 [=========>....................] - ETA: 0:14<0:28 - loss: 5.6639 
194/567 [=========>....................] - ETA: 0:14<0:28 - loss: 5.6652 
195/567 [=========>....................] - ETA: 0:14<0:28 - loss: 5.6664 
196/567 [=========>....................] - ETA: 0:14<0:28 - loss: 5.6669 
197/567 [=========>....................] - ETA: 0:14<0:27 - loss: 5.6687 
198/567 [=========>....................] - ETA: 0:14<0:27 - loss: 5.6695 
199/567 [=========>....................] - ETA: 0:15<0:27 - loss: 5.6725 
200/567 [=========>....................] - ETA: 0:15<0:27 - loss: 5.6733 
201/567 [=========>....................] - ETA: 0:15<0:27 - loss: 5.6688 
202/567 [=========>....................] - ETA: 0:15<0:27 - loss: 5.6703 
203/567 [=========>....................] - ETA: 0:15<0:27 - loss: 5.6683 
204/567 [=========>....................] - ETA: 0:15<0:27 - loss: 5.6701 
205/567 [=========>....................] - ETA: 0:15<0:27 - loss: 5.6687 
206/567 [=========>....................] - ETA: 0:15<0:27 - loss: 5.6697 
207/567 [=========>....................] - ETA: 0:15<0:27 - loss: 5.6712 
208/567 [==========>...................] - ETA: 0:15<0:27 - loss: 5.6676 
209/567 [==========>...................] - ETA: 0:15<0:27 - loss: 5.6652 
210/567 [==========>...................] - ETA: 0:15<0:26 - loss: 5.6681 
211/567 [==========>...................] - ETA: 0:15<0:26 - loss: 5.6662 
212/567 [==========>...................] - ETA: 0:16<0:26 - loss: 5.6685 
213/567 [==========>...................] - ETA: 0:16<0:26 - loss: 5.6676 
214/567 [==========>...................] - ETA: 0:16<0:26 - loss: 5.6664 
215/567 [==========>...................] - ETA: 0:16<0:26 - loss: 5.6647 
216/567 [==========>...................] - ETA: 0:16<0:26 - loss: 5.6663 
217/567 [==========>...................] - ETA: 0:16<0:26 - loss: 5.6647 
218/567 [==========>...................] - ETA: 0:16<0:26 - loss: 5.6627 
219/567 [==========>...................] - ETA: 0:16<0:26 - loss: 5.6592 
220/567 [==========>...................] - ETA: 0:16<0:26 - loss: 5.6578 
221/567 [==========>...................] - ETA: 0:16<0:26 - loss: 5.6591 
222/567 [==========>...................] - ETA: 0:16<0:26 - loss: 5.6566 
223/567 [==========>...................] - ETA: 0:16<0:25 - loss: 5.6530 
224/567 [==========>...................] - ETA: 0:16<0:25 - loss: 5.6514 
225/567 [==========>...................] - ETA: 0:16<0:25 - loss: 5.6521 
226/567 [==========>...................] - ETA: 0:17<0:25 - loss: 5.6553 
227/567 [===========>..................] - ETA: 0:17<0:25 - loss: 5.6540 
228/567 [===========>..................] - ETA: 0:17<0:25 - loss: 5.6515 
229/567 [===========>..................] - ETA: 0:17<0:25 - loss: 5.6538 
230/567 [===========>..................] - ETA: 0:17<0:25 - loss: 5.6517 
231/567 [===========>..................] - ETA: 0:17<0:25 - loss: 5.6525 
232/567 [===========>..................] - ETA: 0:17<0:25 - loss: 5.6507 
233/567 [===========>..................] - ETA: 0:17<0:25 - loss: 5.6543 
234/567 [===========>..................] - ETA: 0:17<0:25 - loss: 5.6539 
235/567 [===========>..................] - ETA: 0:17<0:25 - loss: 5.6558 
236/567 [===========>..................] - ETA: 0:17<0:25 - loss: 5.6562 
237/567 [===========>..................] - ETA: 0:17<0:24 - loss: 5.6578 
238/567 [===========>..................] - ETA: 0:17<0:24 - loss: 5.6589 
239/567 [===========>..................] - ETA: 0:18<0:24 - loss: 5.6584 
240/567 [===========>..................] - ETA: 0:18<0:24 - loss: 5.6589 
241/567 [===========>..................] - ETA: 0:18<0:24 - loss: 5.6602 
242/567 [===========>..................] - ETA: 0:18<0:24 - loss: 5.6604 
243/567 [===========>..................] - ETA: 0:18<0:24 - loss: 5.6600 
244/567 [===========>..................] - ETA: 0:18<0:24 - loss: 5.6602 
245/567 [===========>..................] - ETA: 0:18<0:24 - loss: 5.6634 
246/567 [============>.................] - ETA: 0:18<0:24 - loss: 5.6658 
247/567 [============>.................] - ETA: 0:18<0:24 - loss: 5.6676 
248/567 [============>.................] - ETA: 0:18<0:24 - loss: 5.6704 
249/567 [============>.................] - ETA: 0:18<0:24 - loss: 5.6699 
250/567 [============>.................] - ETA: 0:18<0:23 - loss: 5.6713 
251/567 [============>.................] - ETA: 0:18<0:23 - loss: 5.6715 
252/567 [============>.................] - ETA: 0:19<0:23 - loss: 5.6668 
253/567 [============>.................] - ETA: 0:19<0:23 - loss: 5.6665 
254/567 [============>.................] - ETA: 0:19<0:23 - loss: 5.6643 
255/567 [============>.................] - ETA: 0:19<0:23 - loss: 5.6655 
256/567 [============>.................] - ETA: 0:19<0:23 - loss: 5.6652 
257/567 [============>.................] - ETA: 0:19<0:23 - loss: 5.6629 
258/567 [============>.................] - ETA: 0:19<0:23 - loss: 5.6612 
259/567 [============>.................] - ETA: 0:19<0:23 - loss: 5.6612 
260/567 [============>.................] - ETA: 0:19<0:23 - loss: 5.6614 
261/567 [============>.................] - ETA: 0:19<0:23 - loss: 5.6599 
262/567 [============>.................] - ETA: 0:19<0:23 - loss: 5.6571 
263/567 [============>.................] - ETA: 0:19<0:22 - loss: 5.6595 
264/567 [============>.................] - ETA: 0:19<0:22 - loss: 5.6605 
265/567 [=============>................] - ETA: 0:20<0:22 - loss: 5.6615 
266/567 [=============>................] - ETA: 0:20<0:22 - loss: 5.6607 
267/567 [=============>................] - ETA: 0:20<0:22 - loss: 5.6579 
268/567 [=============>................] - ETA: 0:20<0:22 - loss: 5.6578 
269/567 [=============>................] - ETA: 0:20<0:22 - loss: 5.6604 
270/567 [=============>................] - ETA: 0:20<0:22 - loss: 5.6598 
271/567 [=============>................] - ETA: 0:20<0:22 - loss: 5.6561 
272/567 [=============>................] - ETA: 0:20<0:22 - loss: 5.6548 
273/567 [=============>................] - ETA: 0:20<0:22 - loss: 5.6545 
274/567 [=============>................] - ETA: 0:20<0:22 - loss: 5.6575 
275/567 [=============>................] - ETA: 0:20<0:22 - loss: 5.6581 
276/567 [=============>................] - ETA: 0:20<0:22 - loss: 5.6569 
277/567 [=============>................] - ETA: 0:20<0:21 - loss: 5.6578 
278/567 [=============>................] - ETA: 0:21<0:21 - loss: 5.6618 
279/567 [=============>................] - ETA: 0:21<0:21 - loss: 5.6613 
280/567 [=============>................] - ETA: 0:21<0:21 - loss: 5.6611 
281/567 [=============>................] - ETA: 0:21<0:21 - loss: 5.6614 
282/567 [=============>................] - ETA: 0:21<0:21 - loss: 5.6611 
283/567 [=============>................] - ETA: 0:21<0:21 - loss: 5.6615 
284/567 [==============>...............] - ETA: 0:21<0:21 - loss: 5.6636 
285/567 [==============>...............] - ETA: 0:21<0:21 - loss: 5.6639 
286/567 [==============>...............] - ETA: 0:21<0:21 - loss: 5.6611 
287/567 [==============>...............] - ETA: 0:21<0:21 - loss: 5.6622 
288/567 [==============>...............] - ETA: 0:21<0:21 - loss: 5.6618 
289/567 [==============>...............] - ETA: 0:21<0:21 - loss: 5.6632 
290/567 [==============>...............] - ETA: 0:21<0:20 - loss: 5.6621 
291/567 [==============>...............] - ETA: 0:22<0:20 - loss: 5.6593 
292/567 [==============>...............] - ETA: 0:22<0:20 - loss: 5.6576 
293/567 [==============>...............] - ETA: 0:22<0:20 - loss: 5.6572 
294/567 [==============>...............] - ETA: 0:22<0:20 - loss: 5.6553 
295/567 [==============>...............] - ETA: 0:22<0:20 - loss: 5.6538 
296/567 [==============>...............] - ETA: 0:22<0:20 - loss: 5.6514 
297/567 [==============>...............] - ETA: 0:22<0:20 - loss: 5.6511 
298/567 [==============>...............] - ETA: 0:22<0:20 - loss: 5.6523 
299/567 [==============>...............] - ETA: 0:22<0:20 - loss: 5.6513 
300/567 [==============>...............] - ETA: 0:22<0:20 - loss: 5.6518 
301/567 [==============>...............] - ETA: 0:22<0:20 - loss: 5.6507 
302/567 [==============>...............] - ETA: 0:22<0:20 - loss: 5.6517 
303/567 [===============>..............] - ETA: 0:22<0:19 - loss: 5.6514 
304/567 [===============>..............] - ETA: 0:22<0:19 - loss: 5.6507 
305/567 [===============>..............] - ETA: 0:23<0:19 - loss: 5.6512 
306/567 [===============>..............] - ETA: 0:23<0:19 - loss: 5.6499 
307/567 [===============>..............] - ETA: 0:23<0:19 - loss: 5.6469 
308/567 [===============>..............] - ETA: 0:23<0:19 - loss: 5.6480 
309/567 [===============>..............] - ETA: 0:23<0:19 - loss: 5.6476 
310/567 [===============>..............] - ETA: 0:23<0:19 - loss: 5.6458 
311/567 [===============>..............] - ETA: 0:23<0:19 - loss: 5.6450 
312/567 [===============>..............] - ETA: 0:23<0:19 - loss: 5.6434 
313/567 [===============>..............] - ETA: 0:23<0:19 - loss: 5.6467 
314/567 [===============>..............] - ETA: 0:23<0:19 - loss: 5.6471 
315/567 [===============>..............] - ETA: 0:23<0:19 - loss: 5.6493 
316/567 [===============>..............] - ETA: 0:23<0:18 - loss: 5.6507 
317/567 [===============>..............] - ETA: 0:23<0:18 - loss: 5.6496 
318/567 [===============>..............] - ETA: 0:24<0:18 - loss: 5.6489 
319/567 [===============>..............] - ETA: 0:24<0:18 - loss: 5.6509 
320/567 [===============>..............] - ETA: 0:24<0:18 - loss: 5.6515 
321/567 [===============>..............] - ETA: 0:24<0:18 - loss: 5.6508 
322/567 [================>.............] - ETA: 0:24<0:18 - loss: 5.6497 
323/567 [================>.............] - ETA: 0:24<0:18 - loss: 5.6510 
324/567 [================>.............] - ETA: 0:24<0:18 - loss: 5.6520 
325/567 [================>.............] - ETA: 0:24<0:18 - loss: 5.6524 
326/567 [================>.............] - ETA: 0:24<0:18 - loss: 5.6517 
327/567 [================>.............] - ETA: 0:24<0:18 - loss: 5.6517 
328/567 [================>.............] - ETA: 0:24<0:18 - loss: 5.6523 
329/567 [================>.............] - ETA: 0:24<0:18 - loss: 5.6511 
330/567 [================>.............] - ETA: 0:24<0:17 - loss: 5.6532 
331/567 [================>.............] - ETA: 0:25<0:17 - loss: 5.6525 
332/567 [================>.............] - ETA: 0:25<0:17 - loss: 5.6515 
333/567 [================>.............] - ETA: 0:25<0:17 - loss: 5.6476 
334/567 [================>.............] - ETA: 0:25<0:17 - loss: 5.6462 
335/567 [================>.............] - ETA: 0:25<0:17 - loss: 5.6438 
336/567 [================>.............] - ETA: 0:25<0:17 - loss: 5.6417 
337/567 [================>.............] - ETA: 0:25<0:17 - loss: 5.6396 
338/567 [================>.............] - ETA: 0:25<0:17 - loss: 5.6389 
339/567 [================>.............] - ETA: 0:25<0:17 - loss: 5.6391 
340/567 [================>.............] - ETA: 0:25<0:17 - loss: 5.6391 
341/567 [=================>............] - ETA: 0:25<0:17 - loss: 5.6390 
342/567 [=================>............] - ETA: 0:25<0:17 - loss: 5.6354 
343/567 [=================>............] - ETA: 0:25<0:16 - loss: 5.6357 
344/567 [=================>............] - ETA: 0:26<0:16 - loss: 5.6354 
345/567 [=================>............] - ETA: 0:26<0:16 - loss: 5.6344 
346/567 [=================>............] - ETA: 0:26<0:16 - loss: 5.6320 
347/567 [=================>............] - ETA: 0:26<0:16 - loss: 5.6298 
348/567 [=================>............] - ETA: 0:26<0:16 - loss: 5.6295 
349/567 [=================>............] - ETA: 0:26<0:16 - loss: 5.6286 
350/567 [=================>............] - ETA: 0:26<0:16 - loss: 5.6294 
351/567 [=================>............] - ETA: 0:26<0:16 - loss: 5.6323 
352/567 [=================>............] - ETA: 0:26<0:16 - loss: 5.6360 
353/567 [=================>............] - ETA: 0:26<0:16 - loss: 5.6383 
354/567 [=================>............] - ETA: 0:26<0:16 - loss: 5.6413 
355/567 [=================>............] - ETA: 0:26<0:16 - loss: 5.6399 
356/567 [=================>............] - ETA: 0:26<0:15 - loss: 5.6400 
357/567 [=================>............] - ETA: 0:27<0:15 - loss: 5.6409 
358/567 [=================>............] - ETA: 0:27<0:15 - loss: 5.6414 
359/567 [=================>............] - ETA: 0:27<0:15 - loss: 5.6419 
360/567 [==================>...........] - ETA: 0:27<0:15 - loss: 5.6410 
361/567 [==================>...........] - ETA: 0:27<0:15 - loss: 5.6401 
362/567 [==================>...........] - ETA: 0:27<0:15 - loss: 5.6415 
363/567 [==================>...........] - ETA: 0:27<0:15 - loss: 5.6382 
364/567 [==================>...........] - ETA: 0:27<0:15 - loss: 5.6409 
365/567 [==================>...........] - ETA: 0:27<0:15 - loss: 5.6389 
366/567 [==================>...........] - ETA: 0:27<0:15 - loss: 5.6398 
367/567 [==================>...........] - ETA: 0:27<0:15 - loss: 5.6416 
368/567 [==================>...........] - ETA: 0:27<0:15 - loss: 5.6410 
369/567 [==================>...........] - ETA: 0:27<0:14 - loss: 5.6422 
370/567 [==================>...........] - ETA: 0:27<0:14 - loss: 5.6431 
371/567 [==================>...........] - ETA: 0:28<0:14 - loss: 5.6425 
372/567 [==================>...........] - ETA: 0:28<0:14 - loss: 5.6417 
373/567 [==================>...........] - ETA: 0:28<0:14 - loss: 5.6414 
374/567 [==================>...........] - ETA: 0:28<0:14 - loss: 5.6393 
375/567 [==================>...........] - ETA: 0:28<0:14 - loss: 5.6388 
376/567 [==================>...........] - ETA: 0:28<0:14 - loss: 5.6392 
377/567 [==================>...........] - ETA: 0:28<0:14 - loss: 5.6356 
378/567 [===================>..........] - ETA: 0:28<0:14 - loss: 5.6346 
379/567 [===================>..........] - ETA: 0:28<0:14 - loss: 5.6315 
380/567 [===================>..........] - ETA: 0:28<0:14 - loss: 5.6324 
381/567 [===================>..........] - ETA: 0:28<0:14 - loss: 5.6328 
382/567 [===================>..........] - ETA: 0:28<0:14 - loss: 5.6359 
383/567 [===================>..........] - ETA: 0:28<0:13 - loss: 5.6371 
384/567 [===================>..........] - ETA: 0:29<0:13 - loss: 5.6360 
385/567 [===================>..........] - ETA: 0:29<0:13 - loss: 5.6332 
386/567 [===================>..........] - ETA: 0:29<0:13 - loss: 5.6347 
387/567 [===================>..........] - ETA: 0:29<0:13 - loss: 5.6334 
388/567 [===================>..........] - ETA: 0:29<0:13 - loss: 5.6345 
389/567 [===================>..........] - ETA: 0:29<0:13 - loss: 5.6325 
390/567 [===================>..........] - ETA: 0:29<0:13 - loss: 5.6343 
391/567 [===================>..........] - ETA: 0:29<0:13 - loss: 5.6370 
392/567 [===================>..........] - ETA: 0:29<0:13 - loss: 5.6362 
393/567 [===================>..........] - ETA: 0:29<0:13 - loss: 5.6342 
394/567 [===================>..........] - ETA: 0:29<0:13 - loss: 5.6351 
395/567 [===================>..........] - ETA: 0:29<0:13 - loss: 5.6359 
396/567 [===================>..........] - ETA: 0:29<0:12 - loss: 5.6359 
397/567 [====================>.........] - ETA: 0:30<0:12 - loss: 5.6358 
398/567 [====================>.........] - ETA: 0:30<0:12 - loss: 5.6347 
399/567 [====================>.........] - ETA: 0:30<0:12 - loss: 5.6366 
400/567 [====================>.........] - ETA: 0:30<0:12 - loss: 5.6346 
401/567 [====================>.........] - ETA: 0:30<0:12 - loss: 5.6373 
402/567 [====================>.........] - ETA: 0:30<0:12 - loss: 5.6334 
403/567 [====================>.........] - ETA: 0:30<0:12 - loss: 5.6341 
404/567 [====================>.........] - ETA: 0:30<0:12 - loss: 5.6368 
405/567 [====================>.........] - ETA: 0:30<0:12 - loss: 5.6342 
406/567 [====================>.........] - ETA: 0:30<0:12 - loss: 5.6329 
407/567 [====================>.........] - ETA: 0:30<0:12 - loss: 5.6332 
408/567 [====================>.........] - ETA: 0:30<0:12 - loss: 5.6333 
409/567 [====================>.........] - ETA: 0:30<0:11 - loss: 5.6340 
410/567 [====================>.........] - ETA: 0:31<0:11 - loss: 5.6348 
411/567 [====================>.........] - ETA: 0:31<0:11 - loss: 5.6356 
412/567 [====================>.........] - ETA: 0:31<0:11 - loss: 5.6357 
413/567 [====================>.........] - ETA: 0:31<0:11 - loss: 5.6344 
414/567 [====================>.........] - ETA: 0:31<0:11 - loss: 5.6354 
415/567 [====================>.........] - ETA: 0:31<0:11 - loss: 5.6334 
416/567 [=====================>........] - ETA: 0:31<0:11 - loss: 5.6306 
417/567 [=====================>........] - ETA: 0:31<0:11 - loss: 5.6323 
418/567 [=====================>........] - ETA: 0:31<0:11 - loss: 5.6343 
419/567 [=====================>........] - ETA: 0:31<0:11 - loss: 5.6336 
420/567 [=====================>........] - ETA: 0:31<0:11 - loss: 5.6315 
421/567 [=====================>........] - ETA: 0:31<0:11 - loss: 5.6300 
422/567 [=====================>........] - ETA: 0:31<0:10 - loss: 5.6279 
423/567 [=====================>........] - ETA: 0:32<0:10 - loss: 5.6270 
424/567 [=====================>........] - ETA: 0:32<0:10 - loss: 5.6279 
425/567 [=====================>........] - ETA: 0:32<0:10 - loss: 5.6279 
426/567 [=====================>........] - ETA: 0:32<0:10 - loss: 5.6269 
427/567 [=====================>........] - ETA: 0:32<0:10 - loss: 5.6287 
428/567 [=====================>........] - ETA: 0:32<0:10 - loss: 5.6295 
429/567 [=====================>........] - ETA: 0:32<0:10 - loss: 5.6287 
430/567 [=====================>........] - ETA: 0:32<0:10 - loss: 5.6261 
431/567 [=====================>........] - ETA: 0:32<0:10 - loss: 5.6272 
432/567 [=====================>........] - ETA: 0:32<0:10 - loss: 5.6269 
433/567 [=====================>........] - ETA: 0:32<0:10 - loss: 5.6267 
434/567 [=====================>........] - ETA: 0:32<0:10 - loss: 5.6259 
435/567 [======================>.......] - ETA: 0:32<0:09 - loss: 5.6245 
436/567 [======================>.......] - ETA: 0:33<0:09 - loss: 5.6242 
437/567 [======================>.......] - ETA: 0:33<0:09 - loss: 5.6251 
438/567 [======================>.......] - ETA: 0:33<0:09 - loss: 5.6257 
439/567 [======================>.......] - ETA: 0:33<0:09 - loss: 5.6254 
440/567 [======================>.......] - ETA: 0:33<0:09 - loss: 5.6233 
441/567 [======================>.......] - ETA: 0:33<0:09 - loss: 5.6236 
442/567 [======================>.......] - ETA: 0:33<0:09 - loss: 5.6254 
443/567 [======================>.......] - ETA: 0:33<0:09 - loss: 5.6253 
444/567 [======================>.......] - ETA: 0:33<0:09 - loss: 5.6240 
445/567 [======================>.......] - ETA: 0:33<0:09 - loss: 5.6216 
446/567 [======================>.......] - ETA: 0:33<0:09 - loss: 5.6207 
447/567 [======================>.......] - ETA: 0:33<0:09 - loss: 5.6220 
448/567 [======================>.......] - ETA: 0:33<0:09 - loss: 5.6201 
449/567 [======================>.......] - ETA: 0:33<0:08 - loss: 5.6193 
450/567 [======================>.......] - ETA: 0:34<0:08 - loss: 5.6165 
451/567 [======================>.......] - ETA: 0:34<0:08 - loss: 5.6117 
452/567 [======================>.......] - ETA: 0:34<0:08 - loss: 5.6065 
453/567 [======================>.......] - ETA: 0:34<0:08 - loss: 5.6028 
454/567 [=======================>......] - ETA: 0:34<0:08 - loss: 5.5990 
455/567 [=======================>......] - ETA: 0:34<0:08 - loss: 5.5979 
456/567 [=======================>......] - ETA: 0:34<0:08 - loss: 5.5988 
457/567 [=======================>......] - ETA: 0:34<0:08 - loss: 5.5958 
458/567 [=======================>......] - ETA: 0:34<0:08 - loss: 5.5955 
459/567 [=======================>......] - ETA: 0:34<0:08 - loss: 5.5942 
460/567 [=======================>......] - ETA: 0:34<0:08 - loss: 5.5944 
461/567 [=======================>......] - ETA: 0:34<0:08 - loss: 5.5942 
462/567 [=======================>......] - ETA: 0:34<0:07 - loss: 5.5929 
463/567 [=======================>......] - ETA: 0:35<0:07 - loss: 5.5944 
464/567 [=======================>......] - ETA: 0:35<0:07 - loss: 5.5903 
465/567 [=======================>......] - ETA: 0:35<0:07 - loss: 5.5926 
466/567 [=======================>......] - ETA: 0:35<0:07 - loss: 5.5942 
467/567 [=======================>......] - ETA: 0:35<0:07 - loss: 5.5922 
468/567 [=======================>......] - ETA: 0:35<0:07 - loss: 5.5919 
469/567 [=======================>......] - ETA: 0:35<0:07 - loss: 5.5891 
470/567 [=======================>......] - ETA: 0:35<0:07 - loss: 5.5904 
471/567 [=======================>......] - ETA: 0:35<0:07 - loss: 5.5913 
472/567 [=======================>......] - ETA: 0:35<0:07 - loss: 5.5932 
473/567 [========================>.....] - ETA: 0:35<0:07 - loss: 5.5927 
474/567 [========================>.....] - ETA: 0:35<0:07 - loss: 5.5912 
475/567 [========================>.....] - ETA: 0:35<0:06 - loss: 5.5898 
476/567 [========================>.....] - ETA: 0:36<0:06 - loss: 5.5904 
477/567 [========================>.....] - ETA: 0:36<0:06 - loss: 5.5918 
478/567 [========================>.....] - ETA: 0:36<0:06 - loss: 5.5929 
479/567 [========================>.....] - ETA: 0:36<0:06 - loss: 5.5946 
480/567 [========================>.....] - ETA: 0:36<0:06 - loss: 5.5947 
481/567 [========================>.....] - ETA: 0:36<0:06 - loss: 5.5937 
482/567 [========================>.....] - ETA: 0:36<0:06 - loss: 5.5911 
483/567 [========================>.....] - ETA: 0:36<0:06 - loss: 5.5882 
484/567 [========================>.....] - ETA: 0:36<0:06 - loss: 5.5882 
485/567 [========================>.....] - ETA: 0:36<0:06 - loss: 5.5921 
486/567 [========================>.....] - ETA: 0:36<0:06 - loss: 5.5911 
487/567 [========================>.....] - ETA: 0:36<0:06 - loss: 5.5927 
488/567 [========================>.....] - ETA: 0:36<0:05 - loss: 5.5914 
489/567 [========================>.....] - ETA: 0:36<0:05 - loss: 5.5907 
490/567 [========================>.....] - ETA: 0:37<0:05 - loss: 5.5892 
491/567 [========================>.....] - ETA: 0:37<0:05 - loss: 5.5879 
492/567 [=========================>....] - ETA: 0:37<0:05 - loss: 5.5871 
493/567 [=========================>....] - ETA: 0:37<0:05 - loss: 5.5876 
494/567 [=========================>....] - ETA: 0:37<0:05 - loss: 5.5866 
495/567 [=========================>....] - ETA: 0:37<0:05 - loss: 5.5864 
496/567 [=========================>....] - ETA: 0:37<0:05 - loss: 5.5866 
497/567 [=========================>....] - ETA: 0:37<0:05 - loss: 5.5857 
498/567 [=========================>....] - ETA: 0:37<0:05 - loss: 5.5877 
499/567 [=========================>....] - ETA: 0:37<0:05 - loss: 5.5844 
500/567 [=========================>....] - ETA: 0:37<0:05 - loss: 5.5860 
501/567 [=========================>....] - ETA: 0:37<0:04 - loss: 5.5854 
502/567 [=========================>....] - ETA: 0:37<0:04 - loss: 5.5879 
503/567 [=========================>....] - ETA: 0:38<0:04 - loss: 5.5871 
504/567 [=========================>....] - ETA: 0:38<0:04 - loss: 5.5823 
505/567 [=========================>....] - ETA: 0:38<0:04 - loss: 5.5831 
506/567 [=========================>....] - ETA: 0:38<0:04 - loss: 5.5838 
507/567 [=========================>....] - ETA: 0:38<0:04 - loss: 5.5819 
508/567 [=========================>....] - ETA: 0:38<0:04 - loss: 5.5841 
509/567 [=========================>....] - ETA: 0:38<0:04 - loss: 5.5856 
510/567 [=========================>....] - ETA: 0:38<0:04 - loss: 5.5873 
511/567 [==========================>...] - ETA: 0:38<0:04 - loss: 5.5906 
512/567 [==========================>...] - ETA: 0:38<0:04 - loss: 5.5896 
513/567 [==========================>...] - ETA: 0:38<0:04 - loss: 5.5892 
514/567 [==========================>...] - ETA: 0:38<0:04 - loss: 5.5902 
515/567 [==========================>...] - ETA: 0:38<0:03 - loss: 5.5880 
516/567 [==========================>...] - ETA: 0:39<0:03 - loss: 5.5884 
517/567 [==========================>...] - ETA: 0:39<0:03 - loss: 5.5852 
518/567 [==========================>...] - ETA: 0:39<0:03 - loss: 5.5852 
519/567 [==========================>...] - ETA: 0:39<0:03 - loss: 5.5867 
520/567 [==========================>...] - ETA: 0:39<0:03 - loss: 5.5899 
521/567 [==========================>...] - ETA: 0:39<0:03 - loss: 5.5895 
522/567 [==========================>...] - ETA: 0:39<0:03 - loss: 5.5927 
523/567 [==========================>...] - ETA: 0:39<0:03 - loss: 5.5952 
524/567 [==========================>...] - ETA: 0:39<0:03 - loss: 5.5936 
525/567 [==========================>...] - ETA: 0:39<0:03 - loss: 5.5900 
526/567 [==========================>...] - ETA: 0:39<0:03 - loss: 5.5893 
527/567 [==========================>...] - ETA: 0:39<0:03 - loss: 5.5893 
528/567 [==========================>...] - ETA: 0:39<0:02 - loss: 5.5892 
529/567 [==========================>...] - ETA: 0:39<0:02 - loss: 5.5892 
530/567 [===========================>..] - ETA: 0:40<0:02 - loss: 5.5878 
531/567 [===========================>..] - ETA: 0:40<0:02 - loss: 5.5850 
532/567 [===========================>..] - ETA: 0:40<0:02 - loss: 5.5875 
533/567 [===========================>..] - ETA: 0:40<0:02 - loss: 5.5879 
534/567 [===========================>..] - ETA: 0:40<0:02 - loss: 5.5884 
535/567 [===========================>..] - ETA: 0:40<0:02 - loss: 5.5914 
536/567 [===========================>..] - ETA: 0:40<0:02 - loss: 5.5901 
537/567 [===========================>..] - ETA: 0:40<0:02 - loss: 5.5888 
538/567 [===========================>..] - ETA: 0:40<0:02 - loss: 5.5868 
539/567 [===========================>..] - ETA: 0:40<0:02 - loss: 5.5865 
540/567 [===========================>..] - ETA: 0:40<0:02 - loss: 5.5887 
541/567 [===========================>..] - ETA: 0:40<0:01 - loss: 5.5881 
542/567 [===========================>..] - ETA: 0:40<0:01 - loss: 5.5876 
543/567 [===========================>..] - ETA: 0:41<0:01 - loss: 5.5903 
544/567 [===========================>..] - ETA: 0:41<0:01 - loss: 5.5932 
545/567 [===========================>..] - ETA: 0:41<0:01 - loss: 5.5946 
546/567 [===========================>..] - ETA: 0:41<0:01 - loss: 5.5930 
547/567 [===========================>..] - ETA: 0:41<0:01 - loss: 5.5913 
548/567 [===========================>..] - ETA: 0:41<0:01 - loss: 5.5921 
549/567 [============================>.] - ETA: 0:41<0:01 - loss: 5.5924 
550/567 [============================>.] - ETA: 0:41<0:01 - loss: 5.5955 
551/567 [============================>.] - ETA: 0:41<0:01 - loss: 5.5988 
552/567 [============================>.] - ETA: 0:41<0:01 - loss: 5.6014 
553/567 [============================>.] - ETA: 0:41<0:01 - loss: 5.6026 
554/567 [============================>.] - ETA: 0:41<0:00 - loss: 5.6063 
555/567 [============================>.] - ETA: 0:41<0:00 - loss: 5.6085 
556/567 [============================>.] - ETA: 0:42<0:00 - loss: 5.6070 
557/567 [============================>.] - ETA: 0:42<0:00 - loss: 5.6107 
558/567 [============================>.] - ETA: 0:42<0:00 - loss: 5.6121 
559/567 [============================>.] - ETA: 0:42<0:00 - loss: 5.6154 
560/567 [============================>.] - ETA: 0:42<0:00 - loss: 5.6163 
561/567 [============================>.] - ETA: 0:42<0:00 - loss: 5.6157 
562/567 [============================>.] - ETA: 0:42<0:00 - loss: 5.6169 
563/567 [============================>.] - ETA: 0:42<0:00 - loss: 5.6185 
564/567 [============================>.] - ETA: 0:42<0:00 - loss: 5.6192 
565/567 [============================>.] - ETA: 0:42<0:00 - loss: 5.6187 
566/567 [============================>.] - ETA: 0:42<0:00 - loss: 5.6161 
567/567 [==============================] - 0:42 76ms/step - loss: 5.6178 
2024-07-06 23:23:56 - Finish Epoch: 9/20 - loss: 5.6454
日晃百花色    风吹五弦声
  0%|                                                                                                                                                    | 0/4 [00:00<?, ?it/s] 50%|██████████████████████████████████████████████████████████████████████                                                                      | 2/4 [00:00<00:00, 17.61it/s]100%|████████████████████████████████████████████████████████████████████████████████████████████████████████████████████████████████████████████| 4/4 [00:00<00:00, 17.72it/s]100%|████████████████████████████████████████████████████████████████████████████████████████████████████████████████████████████████████████████| 4/4 [00:00<00:00, 17.69it/s]
  0%|                                                                                                                                                    | 0/4 [00:00<?, ?it/s] 50%|██████████████████████████████████████████████████████████████████████                                                                      | 2/4 [00:00<00:00, 17.87it/s]100%|████████████████████████████████████████████████████████████████████████████████████████████████████████████████████████████████████████████| 4/4 [00:00<00:00, 17.87it/s]100%|████████████████████████████████████████████████████████████████████████████████████████████████████████████████████████████████████████████| 4/4 [00:00<00:00, 17.86it/s]
valid_data: {'rouge-1': 0.062499998828125014, 'rouge-2': 0.0, 'rouge-l': 0.062499998828125014, 'bleu': 0.013432124147794272, 'best_bleu': 0.026864248295588544}
test_data: {'rouge-1': 0.062499998828125014, 'rouge-2': 0.0, 'rouge-l': 0.062499998828125014, 'bleu': 0.013432124147794272}

2024-07-06 23:23:57 - Start  Epoch: 10/20

  1/567 [..............................] - ETA: 0:00<0:44 - loss: 5.6148 
  2/567 [..............................] - ETA: 0:00<0:43 - loss: 5.6109 
  3/567 [..............................] - ETA: 0:00<0:42 - loss: 5.6064 
  4/567 [..............................] - ETA: 0:00<0:42 - loss: 5.6076 
  5/567 [..............................] - ETA: 0:00<0:42 - loss: 5.6044 
  6/567 [..............................] - ETA: 0:00<0:42 - loss: 5.6036 
  7/567 [..............................] - ETA: 0:00<0:42 - loss: 5.6057 
  8/567 [..............................] - ETA: 0:00<0:42 - loss: 5.6056 
  9/567 [..............................] - ETA: 0:00<0:42 - loss: 5.6043 
 10/567 [..............................] - ETA: 0:00<0:42 - loss: 5.6039 
 11/567 [..............................] - ETA: 0:00<0:42 - loss: 5.6011 
 12/567 [..............................] - ETA: 0:00<0:42 - loss: 5.5985 
 13/567 [..............................] - ETA: 0:00<0:42 - loss: 5.5989 
 14/567 [..............................] - ETA: 0:01<0:41 - loss: 5.5990 
 15/567 [..............................] - ETA: 0:01<0:41 - loss: 5.5972 
 16/567 [..............................] - ETA: 0:01<0:41 - loss: 5.5980 
 17/567 [..............................] - ETA: 0:01<0:41 - loss: 5.5979 
 18/567 [..............................] - ETA: 0:01<0:41 - loss: 5.5951 
 19/567 [>.............................] - ETA: 0:01<0:41 - loss: 5.5925 
 20/567 [>.............................] - ETA: 0:01<0:41 - loss: 5.5897 
 21/567 [>.............................] - ETA: 0:01<0:41 - loss: 5.5859 
 22/567 [>.............................] - ETA: 0:01<0:41 - loss: 5.5857 
 23/567 [>.............................] - ETA: 0:01<0:41 - loss: 5.5826 
 24/567 [>.............................] - ETA: 0:01<0:41 - loss: 5.5802 
 25/567 [>.............................] - ETA: 0:01<0:41 - loss: 5.5795 
 26/567 [>.............................] - ETA: 0:01<0:41 - loss: 5.5788 
 27/567 [>.............................] - ETA: 0:02<0:41 - loss: 5.5776 
 28/567 [>.............................] - ETA: 0:02<0:41 - loss: 5.5758 
 29/567 [>.............................] - ETA: 0:02<0:40 - loss: 5.5740 
 30/567 [>.............................] - ETA: 0:02<0:40 - loss: 5.5739 
 31/567 [>.............................] - ETA: 0:02<0:40 - loss: 5.5710 
 32/567 [>.............................] - ETA: 0:02<0:40 - loss: 5.5707 
 33/567 [>.............................] - ETA: 0:02<0:40 - loss: 5.5695 
 34/567 [>.............................] - ETA: 0:02<0:40 - loss: 5.5685 
 35/567 [>.............................] - ETA: 0:02<0:40 - loss: 5.5651 
 36/567 [>.............................] - ETA: 0:02<0:40 - loss: 5.5634 
 37/567 [>.............................] - ETA: 0:02<0:40 - loss: 5.5641 
 38/567 [=>............................] - ETA: 0:02<0:40 - loss: 5.5622 
 39/567 [=>............................] - ETA: 0:02<0:40 - loss: 5.5609 
 40/567 [=>............................] - ETA: 0:03<0:39 - loss: 5.5625 
 41/567 [=>............................] - ETA: 0:03<0:39 - loss: 5.5595 
 42/567 [=>............................] - ETA: 0:03<0:39 - loss: 5.5584 
 43/567 [=>............................] - ETA: 0:03<0:39 - loss: 5.5565 
 44/567 [=>............................] - ETA: 0:03<0:39 - loss: 5.5526 
 45/567 [=>............................] - ETA: 0:03<0:39 - loss: 5.5511 
 46/567 [=>............................] - ETA: 0:03<0:39 - loss: 5.5480 
 47/567 [=>............................] - ETA: 0:03<0:39 - loss: 5.5437 
 48/567 [=>............................] - ETA: 0:03<0:39 - loss: 5.5447 
 49/567 [=>............................] - ETA: 0:03<0:39 - loss: 5.5458 
 50/567 [=>............................] - ETA: 0:03<0:39 - loss: 5.5479 
 51/567 [=>............................] - ETA: 0:03<0:38 - loss: 5.5484 
 52/567 [=>............................] - ETA: 0:03<0:38 - loss: 5.5457 
 53/567 [=>............................] - ETA: 0:04<0:38 - loss: 5.5430 
 54/567 [=>............................] - ETA: 0:04<0:38 - loss: 5.5441 
 55/567 [=>............................] - ETA: 0:04<0:38 - loss: 5.5417 
 56/567 [=>............................] - ETA: 0:04<0:38 - loss: 5.5396 
 57/567 [==>...........................] - ETA: 0:04<0:38 - loss: 5.5368 
 58/567 [==>...........................] - ETA: 0:04<0:38 - loss: 5.5370 
 59/567 [==>...........................] - ETA: 0:04<0:38 - loss: 5.5358 
 60/567 [==>...........................] - ETA: 0:04<0:38 - loss: 5.5324 
 61/567 [==>...........................] - ETA: 0:04<0:38 - loss: 5.5317 
 62/567 [==>...........................] - ETA: 0:04<0:38 - loss: 5.5321 
 63/567 [==>...........................] - ETA: 0:04<0:38 - loss: 5.5310 
 64/567 [==>...........................] - ETA: 0:04<0:38 - loss: 5.5314 
 65/567 [==>...........................] - ETA: 0:04<0:37 - loss: 5.5279 
 66/567 [==>...........................] - ETA: 0:04<0:37 - loss: 5.5247 
 67/567 [==>...........................] - ETA: 0:05<0:37 - loss: 5.5255 
 68/567 [==>...........................] - ETA: 0:05<0:37 - loss: 5.5219 
 69/567 [==>...........................] - ETA: 0:05<0:37 - loss: 5.5188 
 70/567 [==>...........................] - ETA: 0:05<0:37 - loss: 5.5173 
 71/567 [==>...........................] - ETA: 0:05<0:37 - loss: 5.5158 
 72/567 [==>...........................] - ETA: 0:05<0:37 - loss: 5.5137 
 73/567 [==>...........................] - ETA: 0:05<0:37 - loss: 5.5093 
 74/567 [==>...........................] - ETA: 0:05<0:37 - loss: 5.5068 
 75/567 [==>...........................] - ETA: 0:05<0:37 - loss: 5.5051 
 76/567 [===>..........................] - ETA: 0:05<0:37 - loss: 5.5010 
 77/567 [===>..........................] - ETA: 0:05<0:36 - loss: 5.4995 
 78/567 [===>..........................] - ETA: 0:05<0:36 - loss: 5.4949 
 79/567 [===>..........................] - ETA: 0:05<0:36 - loss: 5.4953 
 80/567 [===>..........................] - ETA: 0:06<0:36 - loss: 5.4940 
 81/567 [===>..........................] - ETA: 0:06<0:36 - loss: 5.4931 
 82/567 [===>..........................] - ETA: 0:06<0:36 - loss: 5.4925 
 83/567 [===>..........................] - ETA: 0:06<0:36 - loss: 5.4875 
 84/567 [===>..........................] - ETA: 0:06<0:36 - loss: 5.4847 
 85/567 [===>..........................] - ETA: 0:06<0:36 - loss: 5.4843 
 86/567 [===>..........................] - ETA: 0:06<0:36 - loss: 5.4861 
 87/567 [===>..........................] - ETA: 0:06<0:36 - loss: 5.4828 
 88/567 [===>..........................] - ETA: 0:06<0:36 - loss: 5.4807 
 89/567 [===>..........................] - ETA: 0:06<0:36 - loss: 5.4805 
 90/567 [===>..........................] - ETA: 0:06<0:35 - loss: 5.4761 
 91/567 [===>..........................] - ETA: 0:06<0:35 - loss: 5.4717 
 92/567 [===>..........................] - ETA: 0:06<0:35 - loss: 5.4678 
 93/567 [===>..........................] - ETA: 0:07<0:35 - loss: 5.4655 
 94/567 [===>..........................] - ETA: 0:07<0:35 - loss: 5.4653 
 95/567 [====>.........................] - ETA: 0:07<0:35 - loss: 5.4633 
 96/567 [====>.........................] - ETA: 0:07<0:35 - loss: 5.4592 
 97/567 [====>.........................] - ETA: 0:07<0:35 - loss: 5.4574 
 98/567 [====>.........................] - ETA: 0:07<0:35 - loss: 5.4564 
 99/567 [====>.........................] - ETA: 0:07<0:35 - loss: 5.4539 
100/567 [====>.........................] - ETA: 0:07<0:35 - loss: 5.4527 
101/567 [====>.........................] - ETA: 0:07<0:35 - loss: 5.4562 
102/567 [====>.........................] - ETA: 0:07<0:35 - loss: 5.4580 
103/567 [====>.........................] - ETA: 0:07<0:34 - loss: 5.4560 
104/567 [====>.........................] - ETA: 0:07<0:34 - loss: 5.4536 
105/567 [====>.........................] - ETA: 0:07<0:34 - loss: 5.4551 
106/567 [====>.........................] - ETA: 0:07<0:34 - loss: 5.4543 
107/567 [====>.........................] - ETA: 0:08<0:34 - loss: 5.4509 
108/567 [====>.........................] - ETA: 0:08<0:34 - loss: 5.4536 
109/567 [====>.........................] - ETA: 0:08<0:34 - loss: 5.4533 
110/567 [====>.........................] - ETA: 0:08<0:34 - loss: 5.4519 
111/567 [====>.........................] - ETA: 0:08<0:34 - loss: 5.4521 
112/567 [====>.........................] - ETA: 0:08<0:34 - loss: 5.4528 
113/567 [====>.........................] - ETA: 0:08<0:34 - loss: 5.4515 
114/567 [=====>........................] - ETA: 0:08<0:34 - loss: 5.4510 
115/567 [=====>........................] - ETA: 0:08<0:33 - loss: 5.4500 
116/567 [=====>........................] - ETA: 0:08<0:33 - loss: 5.4482 
117/567 [=====>........................] - ETA: 0:08<0:33 - loss: 5.4463 
118/567 [=====>........................] - ETA: 0:08<0:33 - loss: 5.4481 
119/567 [=====>........................] - ETA: 0:08<0:33 - loss: 5.4499 
120/567 [=====>........................] - ETA: 0:09<0:33 - loss: 5.4488 
121/567 [=====>........................] - ETA: 0:09<0:33 - loss: 5.4507 
122/567 [=====>........................] - ETA: 0:09<0:33 - loss: 5.4485 
123/567 [=====>........................] - ETA: 0:09<0:33 - loss: 5.4497 
124/567 [=====>........................] - ETA: 0:09<0:33 - loss: 5.4507 
125/567 [=====>........................] - ETA: 0:09<0:33 - loss: 5.4504 
126/567 [=====>........................] - ETA: 0:09<0:33 - loss: 5.4494 
127/567 [=====>........................] - ETA: 0:09<0:33 - loss: 5.4494 
128/567 [=====>........................] - ETA: 0:09<0:32 - loss: 5.4478 
129/567 [=====>........................] - ETA: 0:09<0:32 - loss: 5.4488 
130/567 [=====>........................] - ETA: 0:09<0:32 - loss: 5.4482 
131/567 [=====>........................] - ETA: 0:09<0:32 - loss: 5.4481 
132/567 [=====>........................] - ETA: 0:09<0:32 - loss: 5.4479 
133/567 [======>.......................] - ETA: 0:09<0:32 - loss: 5.4431 
134/567 [======>.......................] - ETA: 0:10<0:32 - loss: 5.4416 
135/567 [======>.......................] - ETA: 0:10<0:32 - loss: 5.4445 
136/567 [======>.......................] - ETA: 0:10<0:32 - loss: 5.4430 
137/567 [======>.......................] - ETA: 0:10<0:32 - loss: 5.4413 
138/567 [======>.......................] - ETA: 0:10<0:32 - loss: 5.4416 
139/567 [======>.......................] - ETA: 0:10<0:32 - loss: 5.4412 
140/567 [======>.......................] - ETA: 0:10<0:32 - loss: 5.4429 
141/567 [======>.......................] - ETA: 0:10<0:31 - loss: 5.4439 
142/567 [======>.......................] - ETA: 0:10<0:31 - loss: 5.4419 
143/567 [======>.......................] - ETA: 0:10<0:31 - loss: 5.4409 
144/567 [======>.......................] - ETA: 0:10<0:31 - loss: 5.4385 
145/567 [======>.......................] - ETA: 0:10<0:31 - loss: 5.4401 
146/567 [======>.......................] - ETA: 0:10<0:31 - loss: 5.4415 
147/567 [======>.......................] - ETA: 0:11<0:31 - loss: 5.4403 
148/567 [======>.......................] - ETA: 0:11<0:31 - loss: 5.4409 
149/567 [======>.......................] - ETA: 0:11<0:31 - loss: 5.4385 
150/567 [======>.......................] - ETA: 0:11<0:31 - loss: 5.4393 
151/567 [======>.......................] - ETA: 0:11<0:31 - loss: 5.4367 
152/567 [=======>......................] - ETA: 0:11<0:31 - loss: 5.4357 
153/567 [=======>......................] - ETA: 0:11<0:31 - loss: 5.4336 
154/567 [=======>......................] - ETA: 0:11<0:31 - loss: 5.4314 
155/567 [=======>......................] - ETA: 0:11<0:30 - loss: 5.4327 
156/567 [=======>......................] - ETA: 0:11<0:30 - loss: 5.4296 
157/567 [=======>......................] - ETA: 0:11<0:30 - loss: 5.4311 
158/567 [=======>......................] - ETA: 0:11<0:30 - loss: 5.4277 
159/567 [=======>......................] - ETA: 0:11<0:30 - loss: 5.4280 
160/567 [=======>......................] - ETA: 0:12<0:30 - loss: 5.4279 
161/567 [=======>......................] - ETA: 0:12<0:30 - loss: 5.4277 
162/567 [=======>......................] - ETA: 0:12<0:30 - loss: 5.4244 
163/567 [=======>......................] - ETA: 0:12<0:30 - loss: 5.4229 
164/567 [=======>......................] - ETA: 0:12<0:30 - loss: 5.4242 
165/567 [=======>......................] - ETA: 0:12<0:30 - loss: 5.4233 
166/567 [=======>......................] - ETA: 0:12<0:30 - loss: 5.4243 
167/567 [=======>......................] - ETA: 0:12<0:30 - loss: 5.4237 
168/567 [=======>......................] - ETA: 0:12<0:29 - loss: 5.4227 
169/567 [=======>......................] - ETA: 0:12<0:29 - loss: 5.4254 
170/567 [=======>......................] - ETA: 0:12<0:29 - loss: 5.4277 
171/567 [========>.....................] - ETA: 0:12<0:29 - loss: 5.4284 
172/567 [========>.....................] - ETA: 0:12<0:29 - loss: 5.4294 
173/567 [========>.....................] - ETA: 0:13<0:29 - loss: 5.4318 
174/567 [========>.....................] - ETA: 0:13<0:29 - loss: 5.4334 
175/567 [========>.....................] - ETA: 0:13<0:29 - loss: 5.4306 
176/567 [========>.....................] - ETA: 0:13<0:29 - loss: 5.4317 
177/567 [========>.....................] - ETA: 0:13<0:29 - loss: 5.4306 
178/567 [========>.....................] - ETA: 0:13<0:29 - loss: 5.4320 
179/567 [========>.....................] - ETA: 0:13<0:29 - loss: 5.4334 
180/567 [========>.....................] - ETA: 0:13<0:29 - loss: 5.4317 
181/567 [========>.....................] - ETA: 0:13<0:29 - loss: 5.4321 
182/567 [========>.....................] - ETA: 0:13<0:28 - loss: 5.4342 
183/567 [========>.....................] - ETA: 0:13<0:28 - loss: 5.4345 
184/567 [========>.....................] - ETA: 0:13<0:28 - loss: 5.4319 
185/567 [========>.....................] - ETA: 0:13<0:28 - loss: 5.4290 
186/567 [========>.....................] - ETA: 0:13<0:28 - loss: 5.4267 
187/567 [========>.....................] - ETA: 0:14<0:28 - loss: 5.4254 
188/567 [========>.....................] - ETA: 0:14<0:28 - loss: 5.4244 
189/567 [=========>....................] - ETA: 0:14<0:28 - loss: 5.4232 
190/567 [=========>....................] - ETA: 0:14<0:28 - loss: 5.4246 
191/567 [=========>....................] - ETA: 0:14<0:28 - loss: 5.4255 
192/567 [=========>....................] - ETA: 0:14<0:28 - loss: 5.4264 
193/567 [=========>....................] - ETA: 0:14<0:28 - loss: 5.4286 
194/567 [=========>....................] - ETA: 0:14<0:28 - loss: 5.4279 
195/567 [=========>....................] - ETA: 0:14<0:27 - loss: 5.4274 
196/567 [=========>....................] - ETA: 0:14<0:27 - loss: 5.4278 
197/567 [=========>....................] - ETA: 0:14<0:27 - loss: 5.4266 
198/567 [=========>....................] - ETA: 0:14<0:27 - loss: 5.4253 
199/567 [=========>....................] - ETA: 0:14<0:27 - loss: 5.4264 
200/567 [=========>....................] - ETA: 0:15<0:27 - loss: 5.4266 
201/567 [=========>....................] - ETA: 0:15<0:27 - loss: 5.4268 
202/567 [=========>....................] - ETA: 0:15<0:27 - loss: 5.4271 
203/567 [=========>....................] - ETA: 0:15<0:27 - loss: 5.4290 
204/567 [=========>....................] - ETA: 0:15<0:27 - loss: 5.4315 
205/567 [=========>....................] - ETA: 0:15<0:27 - loss: 5.4294 
206/567 [=========>....................] - ETA: 0:15<0:27 - loss: 5.4304 
207/567 [=========>....................] - ETA: 0:15<0:27 - loss: 5.4293 
208/567 [==========>...................] - ETA: 0:15<0:26 - loss: 5.4253 
209/567 [==========>...................] - ETA: 0:15<0:26 - loss: 5.4229 
210/567 [==========>...................] - ETA: 0:15<0:26 - loss: 5.4232 
211/567 [==========>...................] - ETA: 0:15<0:26 - loss: 5.4216 
212/567 [==========>...................] - ETA: 0:15<0:26 - loss: 5.4210 
213/567 [==========>...................] - ETA: 0:15<0:26 - loss: 5.4210 
214/567 [==========>...................] - ETA: 0:16<0:26 - loss: 5.4202 
215/567 [==========>...................] - ETA: 0:16<0:26 - loss: 5.4221 
216/567 [==========>...................] - ETA: 0:16<0:26 - loss: 5.4223 
217/567 [==========>...................] - ETA: 0:16<0:26 - loss: 5.4242 
218/567 [==========>...................] - ETA: 0:16<0:26 - loss: 5.4195 
219/567 [==========>...................] - ETA: 0:16<0:26 - loss: 5.4197 
220/567 [==========>...................] - ETA: 0:16<0:26 - loss: 5.4209 
221/567 [==========>...................] - ETA: 0:16<0:25 - loss: 5.4203 
222/567 [==========>...................] - ETA: 0:16<0:25 - loss: 5.4233 
223/567 [==========>...................] - ETA: 0:16<0:25 - loss: 5.4250 
224/567 [==========>...................] - ETA: 0:16<0:25 - loss: 5.4241 
225/567 [==========>...................] - ETA: 0:16<0:25 - loss: 5.4258 
226/567 [==========>...................] - ETA: 0:16<0:25 - loss: 5.4269 
227/567 [===========>..................] - ETA: 0:17<0:25 - loss: 5.4270 
228/567 [===========>..................] - ETA: 0:17<0:25 - loss: 5.4277 
229/567 [===========>..................] - ETA: 0:17<0:25 - loss: 5.4281 
230/567 [===========>..................] - ETA: 0:17<0:25 - loss: 5.4271 
231/567 [===========>..................] - ETA: 0:17<0:25 - loss: 5.4281 
232/567 [===========>..................] - ETA: 0:17<0:25 - loss: 5.4291 
233/567 [===========>..................] - ETA: 0:17<0:25 - loss: 5.4303 
234/567 [===========>..................] - ETA: 0:17<0:25 - loss: 5.4312 
235/567 [===========>..................] - ETA: 0:17<0:24 - loss: 5.4297 
236/567 [===========>..................] - ETA: 0:17<0:24 - loss: 5.4309 
237/567 [===========>..................] - ETA: 0:17<0:24 - loss: 5.4320 
238/567 [===========>..................] - ETA: 0:17<0:24 - loss: 5.4318 
239/567 [===========>..................] - ETA: 0:17<0:24 - loss: 5.4346 
240/567 [===========>..................] - ETA: 0:18<0:24 - loss: 5.4324 
241/567 [===========>..................] - ETA: 0:18<0:24 - loss: 5.4306 
242/567 [===========>..................] - ETA: 0:18<0:24 - loss: 5.4314 
243/567 [===========>..................] - ETA: 0:18<0:24 - loss: 5.4298 
244/567 [===========>..................] - ETA: 0:18<0:24 - loss: 5.4314 
245/567 [===========>..................] - ETA: 0:18<0:24 - loss: 5.4314 
246/567 [============>.................] - ETA: 0:18<0:24 - loss: 5.4301 
247/567 [============>.................] - ETA: 0:18<0:24 - loss: 5.4317 
248/567 [============>.................] - ETA: 0:18<0:23 - loss: 5.4306 
249/567 [============>.................] - ETA: 0:18<0:23 - loss: 5.4300 
250/567 [============>.................] - ETA: 0:18<0:23 - loss: 5.4292 
251/567 [============>.................] - ETA: 0:18<0:23 - loss: 5.4302 
252/567 [============>.................] - ETA: 0:18<0:23 - loss: 5.4306 
253/567 [============>.................] - ETA: 0:19<0:23 - loss: 5.4334 
254/567 [============>.................] - ETA: 0:19<0:23 - loss: 5.4340 
255/567 [============>.................] - ETA: 0:19<0:23 - loss: 5.4328 
256/567 [============>.................] - ETA: 0:19<0:23 - loss: 5.4376 
257/567 [============>.................] - ETA: 0:19<0:23 - loss: 5.4366 
258/567 [============>.................] - ETA: 0:19<0:23 - loss: 5.4384 
259/567 [============>.................] - ETA: 0:19<0:23 - loss: 5.4368 
260/567 [============>.................] - ETA: 0:19<0:23 - loss: 5.4372 
261/567 [============>.................] - ETA: 0:19<0:22 - loss: 5.4377 
262/567 [============>.................] - ETA: 0:19<0:22 - loss: 5.4406 
263/567 [============>.................] - ETA: 0:19<0:22 - loss: 5.4417 
264/567 [============>.................] - ETA: 0:19<0:22 - loss: 5.4403 
265/567 [=============>................] - ETA: 0:19<0:22 - loss: 5.4430 
266/567 [=============>................] - ETA: 0:19<0:22 - loss: 5.4426 
267/567 [=============>................] - ETA: 0:20<0:22 - loss: 5.4410 
268/567 [=============>................] - ETA: 0:20<0:22 - loss: 5.4413 
269/567 [=============>................] - ETA: 0:20<0:22 - loss: 5.4405 
270/567 [=============>................] - ETA: 0:20<0:22 - loss: 5.4385 
271/567 [=============>................] - ETA: 0:20<0:22 - loss: 5.4392 
272/567 [=============>................] - ETA: 0:20<0:22 - loss: 5.4385 
273/567 [=============>................] - ETA: 0:20<0:22 - loss: 5.4383 
274/567 [=============>................] - ETA: 0:20<0:22 - loss: 5.4373 
275/567 [=============>................] - ETA: 0:20<0:21 - loss: 5.4389 
276/567 [=============>................] - ETA: 0:20<0:21 - loss: 5.4389 
277/567 [=============>................] - ETA: 0:20<0:21 - loss: 5.4356 
278/567 [=============>................] - ETA: 0:20<0:21 - loss: 5.4362 
279/567 [=============>................] - ETA: 0:20<0:21 - loss: 5.4358 
280/567 [=============>................] - ETA: 0:21<0:21 - loss: 5.4365 
281/567 [=============>................] - ETA: 0:21<0:21 - loss: 5.4373 
282/567 [=============>................] - ETA: 0:21<0:21 - loss: 5.4334 
283/567 [=============>................] - ETA: 0:21<0:21 - loss: 5.4344 
284/567 [==============>...............] - ETA: 0:21<0:21 - loss: 5.4374 
285/567 [==============>...............] - ETA: 0:21<0:21 - loss: 5.4404 
286/567 [==============>...............] - ETA: 0:21<0:21 - loss: 5.4380 
287/567 [==============>...............] - ETA: 0:21<0:21 - loss: 5.4395 
288/567 [==============>...............] - ETA: 0:21<0:20 - loss: 5.4380 
289/567 [==============>...............] - ETA: 0:21<0:20 - loss: 5.4387 
290/567 [==============>...............] - ETA: 0:21<0:20 - loss: 5.4393 
291/567 [==============>...............] - ETA: 0:21<0:20 - loss: 5.4399 
292/567 [==============>...............] - ETA: 0:21<0:20 - loss: 5.4383 
293/567 [==============>...............] - ETA: 0:21<0:20 - loss: 5.4344 
294/567 [==============>...............] - ETA: 0:22<0:20 - loss: 5.4355 
295/567 [==============>...............] - ETA: 0:22<0:20 - loss: 5.4364 
296/567 [==============>...............] - ETA: 0:22<0:20 - loss: 5.4371 
297/567 [==============>...............] - ETA: 0:22<0:20 - loss: 5.4377 
298/567 [==============>...............] - ETA: 0:22<0:20 - loss: 5.4388 
299/567 [==============>...............] - ETA: 0:22<0:20 - loss: 5.4367 
300/567 [==============>...............] - ETA: 0:22<0:20 - loss: 5.4365 
301/567 [==============>...............] - ETA: 0:22<0:19 - loss: 5.4340 
302/567 [==============>...............] - ETA: 0:22<0:19 - loss: 5.4318 
303/567 [===============>..............] - ETA: 0:22<0:19 - loss: 5.4325 
304/567 [===============>..............] - ETA: 0:22<0:19 - loss: 5.4299 
305/567 [===============>..............] - ETA: 0:22<0:19 - loss: 5.4308 
306/567 [===============>..............] - ETA: 0:22<0:19 - loss: 5.4307 
307/567 [===============>..............] - ETA: 0:23<0:19 - loss: 5.4328 
308/567 [===============>..............] - ETA: 0:23<0:19 - loss: 5.4343 
309/567 [===============>..............] - ETA: 0:23<0:19 - loss: 5.4361 
310/567 [===============>..............] - ETA: 0:23<0:19 - loss: 5.4373 
311/567 [===============>..............] - ETA: 0:23<0:19 - loss: 5.4375 
312/567 [===============>..............] - ETA: 0:23<0:19 - loss: 5.4398 
313/567 [===============>..............] - ETA: 0:23<0:19 - loss: 5.4402 
314/567 [===============>..............] - ETA: 0:23<0:18 - loss: 5.4422 
315/567 [===============>..............] - ETA: 0:23<0:18 - loss: 5.4408 
316/567 [===============>..............] - ETA: 0:23<0:18 - loss: 5.4411 
317/567 [===============>..............] - ETA: 0:23<0:18 - loss: 5.4394 
318/567 [===============>..............] - ETA: 0:23<0:18 - loss: 5.4431 
319/567 [===============>..............] - ETA: 0:23<0:18 - loss: 5.4429 
320/567 [===============>..............] - ETA: 0:24<0:18 - loss: 5.4411 
321/567 [===============>..............] - ETA: 0:24<0:18 - loss: 5.4423 
322/567 [================>.............] - ETA: 0:24<0:18 - loss: 5.4415 
323/567 [================>.............] - ETA: 0:24<0:18 - loss: 5.4420 
324/567 [================>.............] - ETA: 0:24<0:18 - loss: 5.4418 
325/567 [================>.............] - ETA: 0:24<0:18 - loss: 5.4397 
326/567 [================>.............] - ETA: 0:24<0:18 - loss: 5.4402 
327/567 [================>.............] - ETA: 0:24<0:18 - loss: 5.4391 
328/567 [================>.............] - ETA: 0:24<0:17 - loss: 5.4381 
329/567 [================>.............] - ETA: 0:24<0:17 - loss: 5.4350 
330/567 [================>.............] - ETA: 0:24<0:17 - loss: 5.4365 
331/567 [================>.............] - ETA: 0:24<0:17 - loss: 5.4350 
332/567 [================>.............] - ETA: 0:24<0:17 - loss: 5.4339 
333/567 [================>.............] - ETA: 0:24<0:17 - loss: 5.4343 
334/567 [================>.............] - ETA: 0:25<0:17 - loss: 5.4333 
335/567 [================>.............] - ETA: 0:25<0:17 - loss: 5.4312 
336/567 [================>.............] - ETA: 0:25<0:17 - loss: 5.4301 
337/567 [================>.............] - ETA: 0:25<0:17 - loss: 5.4327 
338/567 [================>.............] - ETA: 0:25<0:17 - loss: 5.4320 
339/567 [================>.............] - ETA: 0:25<0:17 - loss: 5.4304 
340/567 [================>.............] - ETA: 0:25<0:17 - loss: 5.4292 
341/567 [=================>............] - ETA: 0:25<0:16 - loss: 5.4280 
342/567 [=================>............] - ETA: 0:25<0:16 - loss: 5.4265 
343/567 [=================>............] - ETA: 0:25<0:16 - loss: 5.4253 
344/567 [=================>............] - ETA: 0:25<0:16 - loss: 5.4258 
345/567 [=================>............] - ETA: 0:25<0:16 - loss: 5.4253 
346/567 [=================>............] - ETA: 0:25<0:16 - loss: 5.4244 
347/567 [=================>............] - ETA: 0:26<0:16 - loss: 5.4265 
348/567 [=================>............] - ETA: 0:26<0:16 - loss: 5.4273 
349/567 [=================>............] - ETA: 0:26<0:16 - loss: 5.4278 
350/567 [=================>............] - ETA: 0:26<0:16 - loss: 5.4249 
351/567 [=================>............] - ETA: 0:26<0:16 - loss: 5.4226 
352/567 [=================>............] - ETA: 0:26<0:16 - loss: 5.4225 
353/567 [=================>............] - ETA: 0:26<0:16 - loss: 5.4214 
354/567 [=================>............] - ETA: 0:26<0:15 - loss: 5.4199 
355/567 [=================>............] - ETA: 0:26<0:15 - loss: 5.4196 
356/567 [=================>............] - ETA: 0:26<0:15 - loss: 5.4159 
357/567 [=================>............] - ETA: 0:26<0:15 - loss: 5.4185 
358/567 [=================>............] - ETA: 0:26<0:15 - loss: 5.4218 
359/567 [=================>............] - ETA: 0:26<0:15 - loss: 5.4233 
360/567 [==================>...........] - ETA: 0:27<0:15 - loss: 5.4247 
361/567 [==================>...........] - ETA: 0:27<0:15 - loss: 5.4207 
362/567 [==================>...........] - ETA: 0:27<0:15 - loss: 5.4194 
363/567 [==================>...........] - ETA: 0:27<0:15 - loss: 5.4199 
364/567 [==================>...........] - ETA: 0:27<0:15 - loss: 5.4195 
365/567 [==================>...........] - ETA: 0:27<0:15 - loss: 5.4171 
366/567 [==================>...........] - ETA: 0:27<0:15 - loss: 5.4206 
367/567 [==================>...........] - ETA: 0:27<0:15 - loss: 5.4204 
368/567 [==================>...........] - ETA: 0:27<0:14 - loss: 5.4209 
369/567 [==================>...........] - ETA: 0:27<0:14 - loss: 5.4217 
370/567 [==================>...........] - ETA: 0:27<0:14 - loss: 5.4233 
371/567 [==================>...........] - ETA: 0:27<0:14 - loss: 5.4220 
372/567 [==================>...........] - ETA: 0:27<0:14 - loss: 5.4245 
373/567 [==================>...........] - ETA: 0:27<0:14 - loss: 5.4210 
374/567 [==================>...........] - ETA: 0:28<0:14 - loss: 5.4199 
375/567 [==================>...........] - ETA: 0:28<0:14 - loss: 5.4200 
376/567 [==================>...........] - ETA: 0:28<0:14 - loss: 5.4192 
377/567 [==================>...........] - ETA: 0:28<0:14 - loss: 5.4214 
378/567 [===================>..........] - ETA: 0:28<0:14 - loss: 5.4192 
379/567 [===================>..........] - ETA: 0:28<0:14 - loss: 5.4163 
380/567 [===================>..........] - ETA: 0:28<0:14 - loss: 5.4174 
381/567 [===================>..........] - ETA: 0:28<0:13 - loss: 5.4171 
382/567 [===================>..........] - ETA: 0:28<0:13 - loss: 5.4184 
383/567 [===================>..........] - ETA: 0:28<0:13 - loss: 5.4189 
384/567 [===================>..........] - ETA: 0:28<0:13 - loss: 5.4188 
385/567 [===================>..........] - ETA: 0:28<0:13 - loss: 5.4174 
386/567 [===================>..........] - ETA: 0:28<0:13 - loss: 5.4197 
387/567 [===================>..........] - ETA: 0:29<0:13 - loss: 5.4195 
388/567 [===================>..........] - ETA: 0:29<0:13 - loss: 5.4183 
389/567 [===================>..........] - ETA: 0:29<0:13 - loss: 5.4175 
390/567 [===================>..........] - ETA: 0:29<0:13 - loss: 5.4145 
391/567 [===================>..........] - ETA: 0:29<0:13 - loss: 5.4148 
392/567 [===================>..........] - ETA: 0:29<0:13 - loss: 5.4145 
393/567 [===================>..........] - ETA: 0:29<0:13 - loss: 5.4169 
394/567 [===================>..........] - ETA: 0:29<0:12 - loss: 5.4143 
395/567 [===================>..........] - ETA: 0:29<0:12 - loss: 5.4134 
396/567 [===================>..........] - ETA: 0:29<0:12 - loss: 5.4122 
397/567 [====================>.........] - ETA: 0:29<0:12 - loss: 5.4140 
398/567 [====================>.........] - ETA: 0:29<0:12 - loss: 5.4127 
399/567 [====================>.........] - ETA: 0:29<0:12 - loss: 5.4146 
400/567 [====================>.........] - ETA: 0:30<0:12 - loss: 5.4135 
401/567 [====================>.........] - ETA: 0:30<0:12 - loss: 5.4137 
402/567 [====================>.........] - ETA: 0:30<0:12 - loss: 5.4131 
403/567 [====================>.........] - ETA: 0:30<0:12 - loss: 5.4117 
404/567 [====================>.........] - ETA: 0:30<0:12 - loss: 5.4125 
405/567 [====================>.........] - ETA: 0:30<0:12 - loss: 5.4131 
406/567 [====================>.........] - ETA: 0:30<0:12 - loss: 5.4110 
407/567 [====================>.........] - ETA: 0:30<0:12 - loss: 5.4092 
408/567 [====================>.........] - ETA: 0:30<0:11 - loss: 5.4080 
409/567 [====================>.........] - ETA: 0:30<0:11 - loss: 5.4092 
410/567 [====================>.........] - ETA: 0:30<0:11 - loss: 5.4086 
411/567 [====================>.........] - ETA: 0:30<0:11 - loss: 5.4105 
412/567 [====================>.........] - ETA: 0:30<0:11 - loss: 5.4082 
413/567 [====================>.........] - ETA: 0:30<0:11 - loss: 5.4064 
414/567 [====================>.........] - ETA: 0:31<0:11 - loss: 5.4015 
415/567 [====================>.........] - ETA: 0:31<0:11 - loss: 5.4017 
416/567 [=====================>........] - ETA: 0:31<0:11 - loss: 5.4009 
417/567 [=====================>........] - ETA: 0:31<0:11 - loss: 5.4002 
418/567 [=====================>........] - ETA: 0:31<0:11 - loss: 5.3999 
419/567 [=====================>........] - ETA: 0:31<0:11 - loss: 5.3998 
420/567 [=====================>........] - ETA: 0:31<0:11 - loss: 5.4012 
421/567 [=====================>........] - ETA: 0:31<0:10 - loss: 5.4005 
422/567 [=====================>........] - ETA: 0:31<0:10 - loss: 5.3986 
423/567 [=====================>........] - ETA: 0:31<0:10 - loss: 5.3976 
424/567 [=====================>........] - ETA: 0:31<0:10 - loss: 5.3997 
425/567 [=====================>........] - ETA: 0:31<0:10 - loss: 5.3993 
426/567 [=====================>........] - ETA: 0:31<0:10 - loss: 5.3986 
427/567 [=====================>........] - ETA: 0:32<0:10 - loss: 5.3983 
428/567 [=====================>........] - ETA: 0:32<0:10 - loss: 5.4004 
429/567 [=====================>........] - ETA: 0:32<0:10 - loss: 5.4011 
430/567 [=====================>........] - ETA: 0:32<0:10 - loss: 5.4004 
431/567 [=====================>........] - ETA: 0:32<0:10 - loss: 5.4002 
432/567 [=====================>........] - ETA: 0:32<0:10 - loss: 5.4008 
433/567 [=====================>........] - ETA: 0:32<0:10 - loss: 5.4035 
434/567 [=====================>........] - ETA: 0:32<0:09 - loss: 5.4033 
435/567 [======================>.......] - ETA: 0:32<0:09 - loss: 5.4067 
436/567 [======================>.......] - ETA: 0:32<0:09 - loss: 5.4060 
437/567 [======================>.......] - ETA: 0:32<0:09 - loss: 5.4047 
438/567 [======================>.......] - ETA: 0:32<0:09 - loss: 5.4058 
439/567 [======================>.......] - ETA: 0:32<0:09 - loss: 5.4046 
440/567 [======================>.......] - ETA: 0:33<0:09 - loss: 5.4050 
441/567 [======================>.......] - ETA: 0:33<0:09 - loss: 5.4064 
442/567 [======================>.......] - ETA: 0:33<0:09 - loss: 5.4077 
443/567 [======================>.......] - ETA: 0:33<0:09 - loss: 5.4081 
444/567 [======================>.......] - ETA: 0:33<0:09 - loss: 5.4036 
445/567 [======================>.......] - ETA: 0:33<0:09 - loss: 5.4005 
446/567 [======================>.......] - ETA: 0:33<0:09 - loss: 5.4014 
447/567 [======================>.......] - ETA: 0:33<0:09 - loss: 5.4006 
448/567 [======================>.......] - ETA: 0:33<0:08 - loss: 5.4005 
449/567 [======================>.......] - ETA: 0:33<0:08 - loss: 5.3988 
450/567 [======================>.......] - ETA: 0:33<0:08 - loss: 5.3999 
451/567 [======================>.......] - ETA: 0:33<0:08 - loss: 5.4026 
452/567 [======================>.......] - ETA: 0:33<0:08 - loss: 5.4026 
453/567 [======================>.......] - ETA: 0:33<0:08 - loss: 5.4021 
454/567 [=======================>......] - ETA: 0:34<0:08 - loss: 5.4019 
455/567 [=======================>......] - ETA: 0:34<0:08 - loss: 5.3997 
456/567 [=======================>......] - ETA: 0:34<0:08 - loss: 5.3992 
457/567 [=======================>......] - ETA: 0:34<0:08 - loss: 5.3958 
458/567 [=======================>......] - ETA: 0:34<0:08 - loss: 5.3927 
459/567 [=======================>......] - ETA: 0:34<0:08 - loss: 5.3922 
460/567 [=======================>......] - ETA: 0:34<0:08 - loss: 5.3918 
461/567 [=======================>......] - ETA: 0:34<0:07 - loss: 5.3949 
462/567 [=======================>......] - ETA: 0:34<0:07 - loss: 5.3945 
463/567 [=======================>......] - ETA: 0:34<0:07 - loss: 5.3929 
464/567 [=======================>......] - ETA: 0:34<0:07 - loss: 5.3938 
465/567 [=======================>......] - ETA: 0:34<0:07 - loss: 5.3958 
466/567 [=======================>......] - ETA: 0:34<0:07 - loss: 5.3921 
467/567 [=======================>......] - ETA: 0:35<0:07 - loss: 5.3915 
468/567 [=======================>......] - ETA: 0:35<0:07 - loss: 5.3892 
469/567 [=======================>......] - ETA: 0:35<0:07 - loss: 5.3877 
470/567 [=======================>......] - ETA: 0:35<0:07 - loss: 5.3857 
471/567 [=======================>......] - ETA: 0:35<0:07 - loss: 5.3857 
472/567 [=======================>......] - ETA: 0:35<0:07 - loss: 5.3825 
473/567 [========================>.....] - ETA: 0:35<0:07 - loss: 5.3843 
474/567 [========================>.....] - ETA: 0:35<0:06 - loss: 5.3837 
475/567 [========================>.....] - ETA: 0:35<0:06 - loss: 5.3853 
476/567 [========================>.....] - ETA: 0:35<0:06 - loss: 5.3819 
477/567 [========================>.....] - ETA: 0:35<0:06 - loss: 5.3804 
478/567 [========================>.....] - ETA: 0:35<0:06 - loss: 5.3808 
479/567 [========================>.....] - ETA: 0:35<0:06 - loss: 5.3812 
480/567 [========================>.....] - ETA: 0:36<0:06 - loss: 5.3795 
481/567 [========================>.....] - ETA: 0:36<0:06 - loss: 5.3786 
482/567 [========================>.....] - ETA: 0:36<0:06 - loss: 5.3789 
483/567 [========================>.....] - ETA: 0:36<0:06 - loss: 5.3774 
484/567 [========================>.....] - ETA: 0:36<0:06 - loss: 5.3754 
485/567 [========================>.....] - ETA: 0:36<0:06 - loss: 5.3760 
486/567 [========================>.....] - ETA: 0:36<0:06 - loss: 5.3751 
487/567 [========================>.....] - ETA: 0:36<0:06 - loss: 5.3728 
488/567 [========================>.....] - ETA: 0:36<0:05 - loss: 5.3763 
489/567 [========================>.....] - ETA: 0:36<0:05 - loss: 5.3765 
490/567 [========================>.....] - ETA: 0:36<0:05 - loss: 5.3775 
491/567 [========================>.....] - ETA: 0:36<0:05 - loss: 5.3755 
492/567 [=========================>....] - ETA: 0:36<0:05 - loss: 5.3764 
493/567 [=========================>....] - ETA: 0:37<0:05 - loss: 5.3738 
494/567 [=========================>....] - ETA: 0:37<0:05 - loss: 5.3751 
495/567 [=========================>....] - ETA: 0:37<0:05 - loss: 5.3743 
496/567 [=========================>....] - ETA: 0:37<0:05 - loss: 5.3774 
497/567 [=========================>....] - ETA: 0:37<0:05 - loss: 5.3769 
498/567 [=========================>....] - ETA: 0:37<0:05 - loss: 5.3744 
499/567 [=========================>....] - ETA: 0:37<0:05 - loss: 5.3726 
500/567 [=========================>....] - ETA: 0:37<0:05 - loss: 5.3731 
501/567 [=========================>....] - ETA: 0:37<0:04 - loss: 5.3725 
502/567 [=========================>....] - ETA: 0:37<0:04 - loss: 5.3736 
503/567 [=========================>....] - ETA: 0:37<0:04 - loss: 5.3738 
504/567 [=========================>....] - ETA: 0:37<0:04 - loss: 5.3748 
505/567 [=========================>....] - ETA: 0:37<0:04 - loss: 5.3718 
506/567 [=========================>....] - ETA: 0:37<0:04 - loss: 5.3724 
507/567 [=========================>....] - ETA: 0:38<0:04 - loss: 5.3739 
508/567 [=========================>....] - ETA: 0:38<0:04 - loss: 5.3741 
509/567 [=========================>....] - ETA: 0:38<0:04 - loss: 5.3721 
510/567 [=========================>....] - ETA: 0:38<0:04 - loss: 5.3703 
511/567 [==========================>...] - ETA: 0:38<0:04 - loss: 5.3676 
512/567 [==========================>...] - ETA: 0:38<0:04 - loss: 5.3671 
513/567 [==========================>...] - ETA: 0:38<0:04 - loss: 5.3653 
514/567 [==========================>...] - ETA: 0:38<0:03 - loss: 5.3686 
515/567 [==========================>...] - ETA: 0:38<0:03 - loss: 5.3695 
516/567 [==========================>...] - ETA: 0:38<0:03 - loss: 5.3692 
517/567 [==========================>...] - ETA: 0:38<0:03 - loss: 5.3700 
518/567 [==========================>...] - ETA: 0:38<0:03 - loss: 5.3686 
519/567 [==========================>...] - ETA: 0:38<0:03 - loss: 5.3681 
520/567 [==========================>...] - ETA: 0:39<0:03 - loss: 5.3667 
521/567 [==========================>...] - ETA: 0:39<0:03 - loss: 5.3643 
522/567 [==========================>...] - ETA: 0:39<0:03 - loss: 5.3666 
523/567 [==========================>...] - ETA: 0:39<0:03 - loss: 5.3671 
524/567 [==========================>...] - ETA: 0:39<0:03 - loss: 5.3645 
525/567 [==========================>...] - ETA: 0:39<0:03 - loss: 5.3655 
526/567 [==========================>...] - ETA: 0:39<0:03 - loss: 5.3648 
527/567 [==========================>...] - ETA: 0:39<0:03 - loss: 5.3654 
528/567 [==========================>...] - ETA: 0:39<0:02 - loss: 5.3635 
529/567 [==========================>...] - ETA: 0:39<0:02 - loss: 5.3647 
530/567 [===========================>..] - ETA: 0:39<0:02 - loss: 5.3660 
531/567 [===========================>..] - ETA: 0:39<0:02 - loss: 5.3669 
532/567 [===========================>..] - ETA: 0:39<0:02 - loss: 5.3663 
533/567 [===========================>..] - ETA: 0:40<0:02 - loss: 5.3639 
534/567 [===========================>..] - ETA: 0:40<0:02 - loss: 5.3647 
535/567 [===========================>..] - ETA: 0:40<0:02 - loss: 5.3623 
536/567 [===========================>..] - ETA: 0:40<0:02 - loss: 5.3631 
537/567 [===========================>..] - ETA: 0:40<0:02 - loss: 5.3598 
538/567 [===========================>..] - ETA: 0:40<0:02 - loss: 5.3618 
539/567 [===========================>..] - ETA: 0:40<0:02 - loss: 5.3624 
540/567 [===========================>..] - ETA: 0:40<0:02 - loss: 5.3626 
541/567 [===========================>..] - ETA: 0:40<0:01 - loss: 5.3609 
542/567 [===========================>..] - ETA: 0:40<0:01 - loss: 5.3604 
543/567 [===========================>..] - ETA: 0:40<0:01 - loss: 5.3621 
544/567 [===========================>..] - ETA: 0:40<0:01 - loss: 5.3668 
545/567 [===========================>..] - ETA: 0:40<0:01 - loss: 5.3702 
546/567 [===========================>..] - ETA: 0:40<0:01 - loss: 5.3702 
547/567 [===========================>..] - ETA: 0:41<0:01 - loss: 5.3699 
548/567 [===========================>..] - ETA: 0:41<0:01 - loss: 5.3664 
549/567 [============================>.] - ETA: 0:41<0:01 - loss: 5.3673 
550/567 [============================>.] - ETA: 0:41<0:01 - loss: 5.3689 
551/567 [============================>.] - ETA: 0:41<0:01 - loss: 5.3656 
552/567 [============================>.] - ETA: 0:41<0:01 - loss: 5.3665 
553/567 [============================>.] - ETA: 0:41<0:01 - loss: 5.3642 
554/567 [============================>.] - ETA: 0:41<0:00 - loss: 5.3635 
555/567 [============================>.] - ETA: 0:41<0:00 - loss: 5.3662 
556/567 [============================>.] - ETA: 0:41<0:00 - loss: 5.3664 
557/567 [============================>.] - ETA: 0:41<0:00 - loss: 5.3671 
558/567 [============================>.] - ETA: 0:41<0:00 - loss: 5.3675 
559/567 [============================>.] - ETA: 0:41<0:00 - loss: 5.3678 
560/567 [============================>.] - ETA: 0:42<0:00 - loss: 5.3653 
561/567 [============================>.] - ETA: 0:42<0:00 - loss: 5.3643 
562/567 [============================>.] - ETA: 0:42<0:00 - loss: 5.3630 
563/567 [============================>.] - ETA: 0:42<0:00 - loss: 5.3675 
564/567 [============================>.] - ETA: 0:42<0:00 - loss: 5.3674 
565/567 [============================>.] - ETA: 0:42<0:00 - loss: 5.3663 
566/567 [============================>.] - ETA: 0:42<0:00 - loss: 5.3662 
567/567 [==============================] - 0:42 75ms/step - loss: 5.3662 
2024-07-06 23:24:40 - Finish Epoch: 10/20 - loss: 5.4156
日晃百花色    风传五湖声
  0%|                                                                                                                                                    | 0/4 [00:00<?, ?it/s] 50%|██████████████████████████████████████████████████████████████████████                                                                      | 2/4 [00:00<00:00, 17.82it/s]100%|████████████████████████████████████████████████████████████████████████████████████████████████████████████████████████████████████████████| 4/4 [00:00<00:00, 17.69it/s]100%|████████████████████████████████████████████████████████████████████████████████████████████████████████████████████████████████████████████| 4/4 [00:00<00:00, 17.70it/s]
  0%|                                                                                                                                                    | 0/4 [00:00<?, ?it/s] 50%|██████████████████████████████████████████████████████████████████████                                                                      | 2/4 [00:00<00:00, 17.87it/s]100%|████████████████████████████████████████████████████████████████████████████████████████████████████████████████████████████████████████████| 4/4 [00:00<00:00, 17.82it/s]100%|████████████████████████████████████████████████████████████████████████████████████████████████████████████████████████████████████████████| 4/4 [00:00<00:00, 17.81it/s]
valid_data: {'rouge-1': 0.09999999750000008, 'rouge-2': 0.0, 'rouge-l': 0.09999999750000008, 'bleu': 0.026864248295588544, 'best_bleu': 0.026864248295588544}
test_data: {'rouge-1': 0.09999999750000008, 'rouge-2': 0.0, 'rouge-l': 0.09999999750000008, 'bleu': 0.026864248295588544}

2024-07-06 23:24:40 - Start  Epoch: 11/20

  1/567 [..............................] - ETA: 0:00<0:47 - loss: 5.3692 
  2/567 [..............................] - ETA: 0:00<0:44 - loss: 5.3682 
  3/567 [..............................] - ETA: 0:00<0:43 - loss: 5.3677 
  4/567 [..............................] - ETA: 0:00<0:44 - loss: 5.3645 
  5/567 [..............................] - ETA: 0:00<0:43 - loss: 5.3641 
  6/567 [..............................] - ETA: 0:00<0:43 - loss: 5.3617 
  7/567 [..............................] - ETA: 0:00<0:43 - loss: 5.3601 
  8/567 [..............................] - ETA: 0:00<0:42 - loss: 5.3565 
  9/567 [..............................] - ETA: 0:00<0:42 - loss: 5.3583 
 10/567 [..............................] - ETA: 0:00<0:42 - loss: 5.3581 
 11/567 [..............................] - ETA: 0:00<0:42 - loss: 5.3563 
 12/567 [..............................] - ETA: 0:00<0:42 - loss: 5.3541 
 13/567 [..............................] - ETA: 0:00<0:42 - loss: 5.3530 
 14/567 [..............................] - ETA: 0:01<0:42 - loss: 5.3514 
 15/567 [..............................] - ETA: 0:01<0:41 - loss: 5.3495 
 16/567 [..............................] - ETA: 0:01<0:41 - loss: 5.3458 
 17/567 [..............................] - ETA: 0:01<0:41 - loss: 5.3438 
 18/567 [..............................] - ETA: 0:01<0:41 - loss: 5.3396 
 19/567 [>.............................] - ETA: 0:01<0:41 - loss: 5.3385 
 20/567 [>.............................] - ETA: 0:01<0:41 - loss: 5.3391 
 21/567 [>.............................] - ETA: 0:01<0:41 - loss: 5.3328 
 22/567 [>.............................] - ETA: 0:01<0:41 - loss: 5.3293 
 23/567 [>.............................] - ETA: 0:01<0:41 - loss: 5.3292 
 24/567 [>.............................] - ETA: 0:01<0:41 - loss: 5.3270 
 25/567 [>.............................] - ETA: 0:01<0:41 - loss: 5.3268 
 26/567 [>.............................] - ETA: 0:01<0:41 - loss: 5.3264 
 27/567 [>.............................] - ETA: 0:02<0:41 - loss: 5.3229 
 28/567 [>.............................] - ETA: 0:02<0:41 - loss: 5.3222 
 29/567 [>.............................] - ETA: 0:02<0:40 - loss: 5.3175 
 30/567 [>.............................] - ETA: 0:02<0:40 - loss: 5.3164 
 31/567 [>.............................] - ETA: 0:02<0:40 - loss: 5.3171 
 32/567 [>.............................] - ETA: 0:02<0:40 - loss: 5.3145 
 33/567 [>.............................] - ETA: 0:02<0:40 - loss: 5.3108 
 34/567 [>.............................] - ETA: 0:02<0:40 - loss: 5.3077 
 35/567 [>.............................] - ETA: 0:02<0:40 - loss: 5.3083 
 36/567 [>.............................] - ETA: 0:02<0:40 - loss: 5.3065 
 37/567 [>.............................] - ETA: 0:02<0:40 - loss: 5.3037 
 38/567 [=>............................] - ETA: 0:02<0:40 - loss: 5.3042 
 39/567 [=>............................] - ETA: 0:02<0:40 - loss: 5.2999 
 40/567 [=>............................] - ETA: 0:03<0:39 - loss: 5.2978 
 41/567 [=>............................] - ETA: 0:03<0:39 - loss: 5.2942 
 42/567 [=>............................] - ETA: 0:03<0:39 - loss: 5.2925 
 43/567 [=>............................] - ETA: 0:03<0:39 - loss: 5.2899 
 44/567 [=>............................] - ETA: 0:03<0:39 - loss: 5.2893 
 45/567 [=>............................] - ETA: 0:03<0:39 - loss: 5.2871 
 46/567 [=>............................] - ETA: 0:03<0:39 - loss: 5.2881 
 47/567 [=>............................] - ETA: 0:03<0:39 - loss: 5.2868 
 48/567 [=>............................] - ETA: 0:03<0:39 - loss: 5.2854 
 49/567 [=>............................] - ETA: 0:03<0:39 - loss: 5.2861 
 50/567 [=>............................] - ETA: 0:03<0:39 - loss: 5.2864 
 51/567 [=>............................] - ETA: 0:03<0:39 - loss: 5.2852 
 52/567 [=>............................] - ETA: 0:03<0:39 - loss: 5.2820 
 53/567 [=>............................] - ETA: 0:04<0:39 - loss: 5.2824 
 54/567 [=>............................] - ETA: 0:04<0:38 - loss: 5.2818 
 55/567 [=>............................] - ETA: 0:04<0:38 - loss: 5.2782 
 56/567 [=>............................] - ETA: 0:04<0:38 - loss: 5.2744 
 57/567 [==>...........................] - ETA: 0:04<0:38 - loss: 5.2764 
 58/567 [==>...........................] - ETA: 0:04<0:38 - loss: 5.2733 
 59/567 [==>...........................] - ETA: 0:04<0:38 - loss: 5.2722 
 60/567 [==>...........................] - ETA: 0:04<0:38 - loss: 5.2700 
 61/567 [==>...........................] - ETA: 0:04<0:38 - loss: 5.2699 
 62/567 [==>...........................] - ETA: 0:04<0:38 - loss: 5.2669 
 63/567 [==>...........................] - ETA: 0:04<0:38 - loss: 5.2644 
 64/567 [==>...........................] - ETA: 0:04<0:38 - loss: 5.2614 
 65/567 [==>...........................] - ETA: 0:04<0:38 - loss: 5.2582 
 66/567 [==>...........................] - ETA: 0:05<0:38 - loss: 5.2572 
 67/567 [==>...........................] - ETA: 0:05<0:37 - loss: 5.2558 
 68/567 [==>...........................] - ETA: 0:05<0:37 - loss: 5.2541 
 69/567 [==>...........................] - ETA: 0:05<0:37 - loss: 5.2527 
 70/567 [==>...........................] - ETA: 0:05<0:37 - loss: 5.2526 
 71/567 [==>...........................] - ETA: 0:05<0:37 - loss: 5.2484 
 72/567 [==>...........................] - ETA: 0:05<0:37 - loss: 5.2452 
 73/567 [==>...........................] - ETA: 0:05<0:37 - loss: 5.2416 
 74/567 [==>...........................] - ETA: 0:05<0:37 - loss: 5.2407 
 75/567 [==>...........................] - ETA: 0:05<0:37 - loss: 5.2366 
 76/567 [===>..........................] - ETA: 0:05<0:37 - loss: 5.2314 
 77/567 [===>..........................] - ETA: 0:05<0:37 - loss: 5.2281 
 78/567 [===>..........................] - ETA: 0:05<0:37 - loss: 5.2250 
 79/567 [===>..........................] - ETA: 0:06<0:37 - loss: 5.2238 
 80/567 [===>..........................] - ETA: 0:06<0:37 - loss: 5.2192 
 81/567 [===>..........................] - ETA: 0:06<0:36 - loss: 5.2196 
 82/567 [===>..........................] - ETA: 0:06<0:36 - loss: 5.2167 
 83/567 [===>..........................] - ETA: 0:06<0:36 - loss: 5.2138 
 84/567 [===>..........................] - ETA: 0:06<0:36 - loss: 5.2127 
 85/567 [===>..........................] - ETA: 0:06<0:36 - loss: 5.2097 
 86/567 [===>..........................] - ETA: 0:06<0:36 - loss: 5.2106 
 87/567 [===>..........................] - ETA: 0:06<0:36 - loss: 5.2089 
 88/567 [===>..........................] - ETA: 0:06<0:36 - loss: 5.2057 
 89/567 [===>..........................] - ETA: 0:06<0:36 - loss: 5.2038 
 90/567 [===>..........................] - ETA: 0:06<0:36 - loss: 5.2022 
 91/567 [===>..........................] - ETA: 0:06<0:36 - loss: 5.2005 
 92/567 [===>..........................] - ETA: 0:06<0:36 - loss: 5.1977 
 93/567 [===>..........................] - ETA: 0:07<0:36 - loss: 5.1946 
 94/567 [===>..........................] - ETA: 0:07<0:35 - loss: 5.1946 
 95/567 [====>.........................] - ETA: 0:07<0:35 - loss: 5.1937 
 96/567 [====>.........................] - ETA: 0:07<0:35 - loss: 5.1879 
 97/567 [====>.........................] - ETA: 0:07<0:35 - loss: 5.1835 
 98/567 [====>.........................] - ETA: 0:07<0:35 - loss: 5.1812 
 99/567 [====>.........................] - ETA: 0:07<0:35 - loss: 5.1800 
100/567 [====>.........................] - ETA: 0:07<0:35 - loss: 5.1760 
101/567 [====>.........................] - ETA: 0:07<0:35 - loss: 5.1726 
102/567 [====>.........................] - ETA: 0:07<0:35 - loss: 5.1692 
103/567 [====>.........................] - ETA: 0:07<0:35 - loss: 5.1694 
104/567 [====>.........................] - ETA: 0:07<0:35 - loss: 5.1704 
105/567 [====>.........................] - ETA: 0:07<0:35 - loss: 5.1690 
106/567 [====>.........................] - ETA: 0:08<0:35 - loss: 5.1691 
107/567 [====>.........................] - ETA: 0:08<0:34 - loss: 5.1693 
108/567 [====>.........................] - ETA: 0:08<0:34 - loss: 5.1684 
109/567 [====>.........................] - ETA: 0:08<0:34 - loss: 5.1651 
110/567 [====>.........................] - ETA: 0:08<0:34 - loss: 5.1655 
111/567 [====>.........................] - ETA: 0:08<0:34 - loss: 5.1653 
112/567 [====>.........................] - ETA: 0:08<0:34 - loss: 5.1671 
113/567 [====>.........................] - ETA: 0:08<0:34 - loss: 5.1689 
114/567 [=====>........................] - ETA: 0:08<0:34 - loss: 5.1678 
115/567 [=====>........................] - ETA: 0:08<0:34 - loss: 5.1683 
116/567 [=====>........................] - ETA: 0:08<0:34 - loss: 5.1708 
117/567 [=====>........................] - ETA: 0:08<0:34 - loss: 5.1731 
118/567 [=====>........................] - ETA: 0:08<0:34 - loss: 5.1732 
119/567 [=====>........................] - ETA: 0:09<0:33 - loss: 5.1704 
120/567 [=====>........................] - ETA: 0:09<0:33 - loss: 5.1716 
121/567 [=====>........................] - ETA: 0:09<0:33 - loss: 5.1735 
122/567 [=====>........................] - ETA: 0:09<0:33 - loss: 5.1752 
123/567 [=====>........................] - ETA: 0:09<0:33 - loss: 5.1728 
124/567 [=====>........................] - ETA: 0:09<0:33 - loss: 5.1735 
125/567 [=====>........................] - ETA: 0:09<0:33 - loss: 5.1721 
126/567 [=====>........................] - ETA: 0:09<0:33 - loss: 5.1692 
127/567 [=====>........................] - ETA: 0:09<0:33 - loss: 5.1693 
128/567 [=====>........................] - ETA: 0:09<0:33 - loss: 5.1683 
129/567 [=====>........................] - ETA: 0:09<0:33 - loss: 5.1678 
130/567 [=====>........................] - ETA: 0:09<0:33 - loss: 5.1690 
131/567 [=====>........................] - ETA: 0:09<0:33 - loss: 5.1694 
132/567 [=====>........................] - ETA: 0:10<0:33 - loss: 5.1714 
133/567 [======>.......................] - ETA: 0:10<0:32 - loss: 5.1721 
134/567 [======>.......................] - ETA: 0:10<0:32 - loss: 5.1716 
135/567 [======>.......................] - ETA: 0:10<0:32 - loss: 5.1691 
136/567 [======>.......................] - ETA: 0:10<0:32 - loss: 5.1694 
137/567 [======>.......................] - ETA: 0:10<0:32 - loss: 5.1693 
138/567 [======>.......................] - ETA: 0:10<0:32 - loss: 5.1667 
139/567 [======>.......................] - ETA: 0:10<0:32 - loss: 5.1710 
140/567 [======>.......................] - ETA: 0:10<0:32 - loss: 5.1709 
141/567 [======>.......................] - ETA: 0:10<0:32 - loss: 5.1730 
142/567 [======>.......................] - ETA: 0:10<0:32 - loss: 5.1732 
143/567 [======>.......................] - ETA: 0:10<0:32 - loss: 5.1768 
144/567 [======>.......................] - ETA: 0:10<0:32 - loss: 5.1760 
145/567 [======>.......................] - ETA: 0:11<0:32 - loss: 5.1770 
146/567 [======>.......................] - ETA: 0:11<0:31 - loss: 5.1746 
147/567 [======>.......................] - ETA: 0:11<0:31 - loss: 5.1745 
148/567 [======>.......................] - ETA: 0:11<0:31 - loss: 5.1725 
149/567 [======>.......................] - ETA: 0:11<0:31 - loss: 5.1714 
150/567 [======>.......................] - ETA: 0:11<0:31 - loss: 5.1684 
151/567 [======>.......................] - ETA: 0:11<0:31 - loss: 5.1663 
152/567 [=======>......................] - ETA: 0:11<0:31 - loss: 5.1696 
153/567 [=======>......................] - ETA: 0:11<0:31 - loss: 5.1674 
154/567 [=======>......................] - ETA: 0:11<0:31 - loss: 5.1678 
155/567 [=======>......................] - ETA: 0:11<0:31 - loss: 5.1678 
156/567 [=======>......................] - ETA: 0:11<0:31 - loss: 5.1684 
157/567 [=======>......................] - ETA: 0:11<0:31 - loss: 5.1657 
158/567 [=======>......................] - ETA: 0:11<0:31 - loss: 5.1660 
159/567 [=======>......................] - ETA: 0:12<0:30 - loss: 5.1667 
160/567 [=======>......................] - ETA: 0:12<0:30 - loss: 5.1665 
161/567 [=======>......................] - ETA: 0:12<0:30 - loss: 5.1653 
162/567 [=======>......................] - ETA: 0:12<0:30 - loss: 5.1659 
163/567 [=======>......................] - ETA: 0:12<0:30 - loss: 5.1653 
164/567 [=======>......................] - ETA: 0:12<0:30 - loss: 5.1676 
165/567 [=======>......................] - ETA: 0:12<0:30 - loss: 5.1694 
166/567 [=======>......................] - ETA: 0:12<0:30 - loss: 5.1675 
167/567 [=======>......................] - ETA: 0:12<0:30 - loss: 5.1671 
168/567 [=======>......................] - ETA: 0:12<0:30 - loss: 5.1678 
169/567 [=======>......................] - ETA: 0:12<0:30 - loss: 5.1670 
170/567 [=======>......................] - ETA: 0:12<0:30 - loss: 5.1687 
171/567 [========>.....................] - ETA: 0:12<0:30 - loss: 5.1707 
172/567 [========>.....................] - ETA: 0:13<0:29 - loss: 5.1725 
173/567 [========>.....................] - ETA: 0:13<0:29 - loss: 5.1741 
174/567 [========>.....................] - ETA: 0:13<0:29 - loss: 5.1716 
175/567 [========>.....................] - ETA: 0:13<0:29 - loss: 5.1740 
176/567 [========>.....................] - ETA: 0:13<0:29 - loss: 5.1768 
177/567 [========>.....................] - ETA: 0:13<0:29 - loss: 5.1775 
178/567 [========>.....................] - ETA: 0:13<0:29 - loss: 5.1773 
179/567 [========>.....................] - ETA: 0:13<0:29 - loss: 5.1756 
180/567 [========>.....................] - ETA: 0:13<0:29 - loss: 5.1754 
181/567 [========>.....................] - ETA: 0:13<0:29 - loss: 5.1745 
182/567 [========>.....................] - ETA: 0:13<0:29 - loss: 5.1736 
183/567 [========>.....................] - ETA: 0:13<0:29 - loss: 5.1741 
184/567 [========>.....................] - ETA: 0:13<0:29 - loss: 5.1757 
185/567 [========>.....................] - ETA: 0:14<0:28 - loss: 5.1751 
186/567 [========>.....................] - ETA: 0:14<0:28 - loss: 5.1737 
187/567 [========>.....................] - ETA: 0:14<0:28 - loss: 5.1771 
188/567 [========>.....................] - ETA: 0:14<0:28 - loss: 5.1763 
189/567 [=========>....................] - ETA: 0:14<0:28 - loss: 5.1772 
190/567 [=========>....................] - ETA: 0:14<0:28 - loss: 5.1771 
191/567 [=========>....................] - ETA: 0:14<0:28 - loss: 5.1774 
192/567 [=========>....................] - ETA: 0:14<0:28 - loss: 5.1770 
193/567 [=========>....................] - ETA: 0:14<0:28 - loss: 5.1800 
194/567 [=========>....................] - ETA: 0:14<0:28 - loss: 5.1767 
195/567 [=========>....................] - ETA: 0:14<0:28 - loss: 5.1769 
196/567 [=========>....................] - ETA: 0:14<0:28 - loss: 5.1772 
197/567 [=========>....................] - ETA: 0:14<0:28 - loss: 5.1798 
198/567 [=========>....................] - ETA: 0:15<0:27 - loss: 5.1780 
199/567 [=========>....................] - ETA: 0:15<0:27 - loss: 5.1768 
200/567 [=========>....................] - ETA: 0:15<0:27 - loss: 5.1805 
201/567 [=========>....................] - ETA: 0:15<0:27 - loss: 5.1828 
202/567 [=========>....................] - ETA: 0:15<0:27 - loss: 5.1858 
203/567 [=========>....................] - ETA: 0:15<0:27 - loss: 5.1833 
204/567 [=========>....................] - ETA: 0:15<0:27 - loss: 5.1854 
205/567 [=========>....................] - ETA: 0:15<0:27 - loss: 5.1898 
206/567 [=========>....................] - ETA: 0:15<0:27 - loss: 5.1912 
207/567 [=========>....................] - ETA: 0:15<0:27 - loss: 5.1907 
208/567 [==========>...................] - ETA: 0:15<0:27 - loss: 5.1941 
209/567 [==========>...................] - ETA: 0:15<0:27 - loss: 5.1974 
210/567 [==========>...................] - ETA: 0:15<0:27 - loss: 5.1947 
211/567 [==========>...................] - ETA: 0:15<0:26 - loss: 5.1931 
212/567 [==========>...................] - ETA: 0:16<0:26 - loss: 5.1921 
213/567 [==========>...................] - ETA: 0:16<0:26 - loss: 5.1902 
214/567 [==========>...................] - ETA: 0:16<0:26 - loss: 5.1913 
215/567 [==========>...................] - ETA: 0:16<0:26 - loss: 5.1906 
216/567 [==========>...................] - ETA: 0:16<0:26 - loss: 5.1882 
217/567 [==========>...................] - ETA: 0:16<0:26 - loss: 5.1857 
218/567 [==========>...................] - ETA: 0:16<0:26 - loss: 5.1859 
219/567 [==========>...................] - ETA: 0:16<0:26 - loss: 5.1855 
220/567 [==========>...................] - ETA: 0:16<0:26 - loss: 5.1824 
221/567 [==========>...................] - ETA: 0:16<0:26 - loss: 5.1850 
222/567 [==========>...................] - ETA: 0:16<0:26 - loss: 5.1840 
223/567 [==========>...................] - ETA: 0:16<0:26 - loss: 5.1863 
224/567 [==========>...................] - ETA: 0:16<0:25 - loss: 5.1846 
225/567 [==========>...................] - ETA: 0:17<0:25 - loss: 5.1831 
226/567 [==========>...................] - ETA: 0:17<0:25 - loss: 5.1869 
227/567 [===========>..................] - ETA: 0:17<0:25 - loss: 5.1880 
228/567 [===========>..................] - ETA: 0:17<0:25 - loss: 5.1869 
229/567 [===========>..................] - ETA: 0:17<0:25 - loss: 5.1872 
230/567 [===========>..................] - ETA: 0:17<0:25 - loss: 5.1841 
231/567 [===========>..................] - ETA: 0:17<0:25 - loss: 5.1843 
232/567 [===========>..................] - ETA: 0:17<0:25 - loss: 5.1825 
233/567 [===========>..................] - ETA: 0:17<0:25 - loss: 5.1818 
234/567 [===========>..................] - ETA: 0:17<0:25 - loss: 5.1853 
235/567 [===========>..................] - ETA: 0:17<0:25 - loss: 5.1861 
236/567 [===========>..................] - ETA: 0:17<0:25 - loss: 5.1851 
237/567 [===========>..................] - ETA: 0:17<0:25 - loss: 5.1851 
238/567 [===========>..................] - ETA: 0:18<0:24 - loss: 5.1864 
239/567 [===========>..................] - ETA: 0:18<0:24 - loss: 5.1846 
240/567 [===========>..................] - ETA: 0:18<0:24 - loss: 5.1845 
241/567 [===========>..................] - ETA: 0:18<0:24 - loss: 5.1835 
242/567 [===========>..................] - ETA: 0:18<0:24 - loss: 5.1807 
243/567 [===========>..................] - ETA: 0:18<0:24 - loss: 5.1773 
244/567 [===========>..................] - ETA: 0:18<0:24 - loss: 5.1774 
245/567 [===========>..................] - ETA: 0:18<0:24 - loss: 5.1761 
246/567 [============>.................] - ETA: 0:18<0:24 - loss: 5.1780 
247/567 [============>.................] - ETA: 0:18<0:24 - loss: 5.1773 
248/567 [============>.................] - ETA: 0:18<0:24 - loss: 5.1784 
249/567 [============>.................] - ETA: 0:18<0:24 - loss: 5.1787 
250/567 [============>.................] - ETA: 0:18<0:24 - loss: 5.1800 
251/567 [============>.................] - ETA: 0:19<0:23 - loss: 5.1814 
252/567 [============>.................] - ETA: 0:19<0:23 - loss: 5.1802 
253/567 [============>.................] - ETA: 0:19<0:23 - loss: 5.1803 
254/567 [============>.................] - ETA: 0:19<0:23 - loss: 5.1800 
255/567 [============>.................] - ETA: 0:19<0:23 - loss: 5.1804 
256/567 [============>.................] - ETA: 0:19<0:23 - loss: 5.1807 
257/567 [============>.................] - ETA: 0:19<0:23 - loss: 5.1821 
258/567 [============>.................] - ETA: 0:19<0:23 - loss: 5.1816 
259/567 [============>.................] - ETA: 0:19<0:23 - loss: 5.1823 
260/567 [============>.................] - ETA: 0:19<0:23 - loss: 5.1835 
261/567 [============>.................] - ETA: 0:19<0:23 - loss: 5.1831 
262/567 [============>.................] - ETA: 0:19<0:23 - loss: 5.1821 
263/567 [============>.................] - ETA: 0:19<0:23 - loss: 5.1806 
264/567 [============>.................] - ETA: 0:20<0:22 - loss: 5.1801 
265/567 [=============>................] - ETA: 0:20<0:22 - loss: 5.1812 
266/567 [=============>................] - ETA: 0:20<0:22 - loss: 5.1845 
267/567 [=============>................] - ETA: 0:20<0:22 - loss: 5.1843 
268/567 [=============>................] - ETA: 0:20<0:22 - loss: 5.1836 
269/567 [=============>................] - ETA: 0:20<0:22 - loss: 5.1852 
270/567 [=============>................] - ETA: 0:20<0:22 - loss: 5.1829 
271/567 [=============>................] - ETA: 0:20<0:22 - loss: 5.1810 
272/567 [=============>................] - ETA: 0:20<0:22 - loss: 5.1812 
273/567 [=============>................] - ETA: 0:20<0:22 - loss: 5.1791 
274/567 [=============>................] - ETA: 0:20<0:22 - loss: 5.1801 
275/567 [=============>................] - ETA: 0:20<0:22 - loss: 5.1795 
276/567 [=============>................] - ETA: 0:20<0:22 - loss: 5.1801 
277/567 [=============>................] - ETA: 0:20<0:21 - loss: 5.1786 
278/567 [=============>................] - ETA: 0:21<0:21 - loss: 5.1798 
279/567 [=============>................] - ETA: 0:21<0:21 - loss: 5.1785 
280/567 [=============>................] - ETA: 0:21<0:21 - loss: 5.1795 
281/567 [=============>................] - ETA: 0:21<0:21 - loss: 5.1835 
282/567 [=============>................] - ETA: 0:21<0:21 - loss: 5.1836 
283/567 [=============>................] - ETA: 0:21<0:21 - loss: 5.1827 
284/567 [==============>...............] - ETA: 0:21<0:21 - loss: 5.1823 
285/567 [==============>...............] - ETA: 0:21<0:21 - loss: 5.1851 
286/567 [==============>...............] - ETA: 0:21<0:21 - loss: 5.1861 
287/567 [==============>...............] - ETA: 0:21<0:21 - loss: 5.1841 
288/567 [==============>...............] - ETA: 0:21<0:21 - loss: 5.1859 
289/567 [==============>...............] - ETA: 0:21<0:21 - loss: 5.1888 
290/567 [==============>...............] - ETA: 0:21<0:20 - loss: 5.1915 
291/567 [==============>...............] - ETA: 0:22<0:20 - loss: 5.1904 
292/567 [==============>...............] - ETA: 0:22<0:20 - loss: 5.1939 
293/567 [==============>...............] - ETA: 0:22<0:20 - loss: 5.1938 
294/567 [==============>...............] - ETA: 0:22<0:20 - loss: 5.1963 
295/567 [==============>...............] - ETA: 0:22<0:20 - loss: 5.1940 
296/567 [==============>...............] - ETA: 0:22<0:20 - loss: 5.1951 
297/567 [==============>...............] - ETA: 0:22<0:20 - loss: 5.1925 
298/567 [==============>...............] - ETA: 0:22<0:20 - loss: 5.1930 
299/567 [==============>...............] - ETA: 0:22<0:20 - loss: 5.1929 
300/567 [==============>...............] - ETA: 0:22<0:20 - loss: 5.1951 
301/567 [==============>...............] - ETA: 0:22<0:20 - loss: 5.1946 
302/567 [==============>...............] - ETA: 0:22<0:20 - loss: 5.1946 
303/567 [===============>..............] - ETA: 0:22<0:19 - loss: 5.1954 
304/567 [===============>..............] - ETA: 0:23<0:19 - loss: 5.1931 
305/567 [===============>..............] - ETA: 0:23<0:19 - loss: 5.1921 
306/567 [===============>..............] - ETA: 0:23<0:19 - loss: 5.1892 
307/567 [===============>..............] - ETA: 0:23<0:19 - loss: 5.1923 
308/567 [===============>..............] - ETA: 0:23<0:19 - loss: 5.1892 
309/567 [===============>..............] - ETA: 0:23<0:19 - loss: 5.1887 
310/567 [===============>..............] - ETA: 0:23<0:19 - loss: 5.1918 
311/567 [===============>..............] - ETA: 0:23<0:19 - loss: 5.1930 
312/567 [===============>..............] - ETA: 0:23<0:19 - loss: 5.1914 
313/567 [===============>..............] - ETA: 0:23<0:19 - loss: 5.1936 
314/567 [===============>..............] - ETA: 0:23<0:19 - loss: 5.1929 
315/567 [===============>..............] - ETA: 0:23<0:19 - loss: 5.1911 
316/567 [===============>..............] - ETA: 0:23<0:19 - loss: 5.1945 
317/567 [===============>..............] - ETA: 0:23<0:18 - loss: 5.1946 
318/567 [===============>..............] - ETA: 0:24<0:18 - loss: 5.1983 
319/567 [===============>..............] - ETA: 0:24<0:18 - loss: 5.2028 
320/567 [===============>..............] - ETA: 0:24<0:18 - loss: 5.2043 
321/567 [===============>..............] - ETA: 0:24<0:18 - loss: 5.2023 
322/567 [================>.............] - ETA: 0:24<0:18 - loss: 5.2030 
323/567 [================>.............] - ETA: 0:24<0:18 - loss: 5.2014 
324/567 [================>.............] - ETA: 0:24<0:18 - loss: 5.2028 
325/567 [================>.............] - ETA: 0:24<0:18 - loss: 5.2021 
326/567 [================>.............] - ETA: 0:24<0:18 - loss: 5.2020 
327/567 [================>.............] - ETA: 0:24<0:18 - loss: 5.2011 
328/567 [================>.............] - ETA: 0:24<0:18 - loss: 5.2038 
329/567 [================>.............] - ETA: 0:24<0:18 - loss: 5.2037 
330/567 [================>.............] - ETA: 0:24<0:17 - loss: 5.2057 
331/567 [================>.............] - ETA: 0:25<0:17 - loss: 5.2033 
332/567 [================>.............] - ETA: 0:25<0:17 - loss: 5.2050 
333/567 [================>.............] - ETA: 0:25<0:17 - loss: 5.2058 
334/567 [================>.............] - ETA: 0:25<0:17 - loss: 5.2021 
335/567 [================>.............] - ETA: 0:25<0:17 - loss: 5.2034 
336/567 [================>.............] - ETA: 0:25<0:17 - loss: 5.2051 
337/567 [================>.............] - ETA: 0:25<0:17 - loss: 5.2045 
338/567 [================>.............] - ETA: 0:25<0:17 - loss: 5.2033 
339/567 [================>.............] - ETA: 0:25<0:17 - loss: 5.2041 
340/567 [================>.............] - ETA: 0:25<0:17 - loss: 5.2034 
341/567 [=================>............] - ETA: 0:25<0:17 - loss: 5.2025 
342/567 [=================>............] - ETA: 0:25<0:17 - loss: 5.2044 
343/567 [=================>............] - ETA: 0:25<0:16 - loss: 5.2050 
344/567 [=================>............] - ETA: 0:26<0:16 - loss: 5.2051 
345/567 [=================>............] - ETA: 0:26<0:16 - loss: 5.2053 
346/567 [=================>............] - ETA: 0:26<0:16 - loss: 5.2055 
347/567 [=================>............] - ETA: 0:26<0:16 - loss: 5.2041 
348/567 [=================>............] - ETA: 0:26<0:16 - loss: 5.2044 
349/567 [=================>............] - ETA: 0:26<0:16 - loss: 5.2043 
350/567 [=================>............] - ETA: 0:26<0:16 - loss: 5.2039 
351/567 [=================>............] - ETA: 0:26<0:16 - loss: 5.2046 
352/567 [=================>............] - ETA: 0:26<0:16 - loss: 5.2038 
353/567 [=================>............] - ETA: 0:26<0:16 - loss: 5.2058 
354/567 [=================>............] - ETA: 0:26<0:16 - loss: 5.2071 
355/567 [=================>............] - ETA: 0:26<0:16 - loss: 5.2075 
356/567 [=================>............] - ETA: 0:26<0:15 - loss: 5.2078 
357/567 [=================>............] - ETA: 0:27<0:15 - loss: 5.2046 
358/567 [=================>............] - ETA: 0:27<0:15 - loss: 5.2059 
359/567 [=================>............] - ETA: 0:27<0:15 - loss: 5.2048 
360/567 [==================>...........] - ETA: 0:27<0:15 - loss: 5.2039 
361/567 [==================>...........] - ETA: 0:27<0:15 - loss: 5.2022 
362/567 [==================>...........] - ETA: 0:27<0:15 - loss: 5.2042 
363/567 [==================>...........] - ETA: 0:27<0:15 - loss: 5.2051 
364/567 [==================>...........] - ETA: 0:27<0:15 - loss: 5.2029 
365/567 [==================>...........] - ETA: 0:27<0:15 - loss: 5.1996 
366/567 [==================>...........] - ETA: 0:27<0:15 - loss: 5.2001 
367/567 [==================>...........] - ETA: 0:27<0:15 - loss: 5.2023 
368/567 [==================>...........] - ETA: 0:27<0:15 - loss: 5.2028 
369/567 [==================>...........] - ETA: 0:27<0:14 - loss: 5.2015 
370/567 [==================>...........] - ETA: 0:27<0:14 - loss: 5.2014 
371/567 [==================>...........] - ETA: 0:28<0:14 - loss: 5.2001 
372/567 [==================>...........] - ETA: 0:28<0:14 - loss: 5.1983 
373/567 [==================>...........] - ETA: 0:28<0:14 - loss: 5.2004 
374/567 [==================>...........] - ETA: 0:28<0:14 - loss: 5.2027 
375/567 [==================>...........] - ETA: 0:28<0:14 - loss: 5.2013 
376/567 [==================>...........] - ETA: 0:28<0:14 - loss: 5.1998 
377/567 [==================>...........] - ETA: 0:28<0:14 - loss: 5.1990 
378/567 [===================>..........] - ETA: 0:28<0:14 - loss: 5.1975 
379/567 [===================>..........] - ETA: 0:28<0:14 - loss: 5.1985 
380/567 [===================>..........] - ETA: 0:28<0:14 - loss: 5.2001 
381/567 [===================>..........] - ETA: 0:28<0:14 - loss: 5.1972 
382/567 [===================>..........] - ETA: 0:28<0:13 - loss: 5.1977 
383/567 [===================>..........] - ETA: 0:28<0:13 - loss: 5.1951 
384/567 [===================>..........] - ETA: 0:29<0:13 - loss: 5.1943 
385/567 [===================>..........] - ETA: 0:29<0:13 - loss: 5.1909 
386/567 [===================>..........] - ETA: 0:29<0:13 - loss: 5.1909 
387/567 [===================>..........] - ETA: 0:29<0:13 - loss: 5.1917 
388/567 [===================>..........] - ETA: 0:29<0:13 - loss: 5.1904 
389/567 [===================>..........] - ETA: 0:29<0:13 - loss: 5.1886 
390/567 [===================>..........] - ETA: 0:29<0:13 - loss: 5.1851 
391/567 [===================>..........] - ETA: 0:29<0:13 - loss: 5.1864 
392/567 [===================>..........] - ETA: 0:29<0:13 - loss: 5.1835 
393/567 [===================>..........] - ETA: 0:29<0:13 - loss: 5.1822 
394/567 [===================>..........] - ETA: 0:29<0:13 - loss: 5.1821 
395/567 [===================>..........] - ETA: 0:29<0:13 - loss: 5.1855 
396/567 [===================>..........] - ETA: 0:29<0:12 - loss: 5.1841 
397/567 [====================>.........] - ETA: 0:30<0:12 - loss: 5.1868 
398/567 [====================>.........] - ETA: 0:30<0:12 - loss: 5.1867 
399/567 [====================>.........] - ETA: 0:30<0:12 - loss: 5.1893 
400/567 [====================>.........] - ETA: 0:30<0:12 - loss: 5.1875 
401/567 [====================>.........] - ETA: 0:30<0:12 - loss: 5.1875 
402/567 [====================>.........] - ETA: 0:30<0:12 - loss: 5.1855 
403/567 [====================>.........] - ETA: 0:30<0:12 - loss: 5.1851 
404/567 [====================>.........] - ETA: 0:30<0:12 - loss: 5.1868 
405/567 [====================>.........] - ETA: 0:30<0:12 - loss: 5.1879 
406/567 [====================>.........] - ETA: 0:30<0:12 - loss: 5.1897 
407/567 [====================>.........] - ETA: 0:30<0:12 - loss: 5.1876 
408/567 [====================>.........] - ETA: 0:30<0:12 - loss: 5.1888 
409/567 [====================>.........] - ETA: 0:30<0:11 - loss: 5.1907 
410/567 [====================>.........] - ETA: 0:31<0:11 - loss: 5.1889 
411/567 [====================>.........] - ETA: 0:31<0:11 - loss: 5.1899 
412/567 [====================>.........] - ETA: 0:31<0:11 - loss: 5.1891 
413/567 [====================>.........] - ETA: 0:31<0:11 - loss: 5.1883 
414/567 [====================>.........] - ETA: 0:31<0:11 - loss: 5.1875 
415/567 [====================>.........] - ETA: 0:31<0:11 - loss: 5.1883 
416/567 [=====================>........] - ETA: 0:31<0:11 - loss: 5.1885 
417/567 [=====================>........] - ETA: 0:31<0:11 - loss: 5.1900 
418/567 [=====================>........] - ETA: 0:31<0:11 - loss: 5.1883 
419/567 [=====================>........] - ETA: 0:31<0:11 - loss: 5.1874 
420/567 [=====================>........] - ETA: 0:31<0:11 - loss: 5.1866 
421/567 [=====================>........] - ETA: 0:31<0:11 - loss: 5.1880 
422/567 [=====================>........] - ETA: 0:31<0:10 - loss: 5.1899 
423/567 [=====================>........] - ETA: 0:31<0:10 - loss: 5.1869 
424/567 [=====================>........] - ETA: 0:32<0:10 - loss: 5.1874 
425/567 [=====================>........] - ETA: 0:32<0:10 - loss: 5.1880 
426/567 [=====================>........] - ETA: 0:32<0:10 - loss: 5.1884 
427/567 [=====================>........] - ETA: 0:32<0:10 - loss: 5.1899 
428/567 [=====================>........] - ETA: 0:32<0:10 - loss: 5.1895 
429/567 [=====================>........] - ETA: 0:32<0:10 - loss: 5.1874 
430/567 [=====================>........] - ETA: 0:32<0:10 - loss: 5.1868 
431/567 [=====================>........] - ETA: 0:32<0:10 - loss: 5.1875 
432/567 [=====================>........] - ETA: 0:32<0:10 - loss: 5.1881 
433/567 [=====================>........] - ETA: 0:32<0:10 - loss: 5.1880 
434/567 [=====================>........] - ETA: 0:32<0:10 - loss: 5.1894 
435/567 [======================>.......] - ETA: 0:32<0:09 - loss: 5.1882 
436/567 [======================>.......] - ETA: 0:32<0:09 - loss: 5.1864 
437/567 [======================>.......] - ETA: 0:33<0:09 - loss: 5.1849 
438/567 [======================>.......] - ETA: 0:33<0:09 - loss: 5.1882 
439/567 [======================>.......] - ETA: 0:33<0:09 - loss: 5.1878 
440/567 [======================>.......] - ETA: 0:33<0:09 - loss: 5.1885 
441/567 [======================>.......] - ETA: 0:33<0:09 - loss: 5.1926 
442/567 [======================>.......] - ETA: 0:33<0:09 - loss: 5.1935 
443/567 [======================>.......] - ETA: 0:33<0:09 - loss: 5.1926 
444/567 [======================>.......] - ETA: 0:33<0:09 - loss: 5.1924 
445/567 [======================>.......] - ETA: 0:33<0:09 - loss: 5.1921 
446/567 [======================>.......] - ETA: 0:33<0:09 - loss: 5.1902 
447/567 [======================>.......] - ETA: 0:33<0:09 - loss: 5.1890 
448/567 [======================>.......] - ETA: 0:33<0:08 - loss: 5.1878 
449/567 [======================>.......] - ETA: 0:33<0:08 - loss: 5.1875 
450/567 [======================>.......] - ETA: 0:34<0:08 - loss: 5.1881 
451/567 [======================>.......] - ETA: 0:34<0:08 - loss: 5.1848 
452/567 [======================>.......] - ETA: 0:34<0:08 - loss: 5.1843 
453/567 [======================>.......] - ETA: 0:34<0:08 - loss: 5.1807 
454/567 [=======================>......] - ETA: 0:34<0:08 - loss: 5.1816 
455/567 [=======================>......] - ETA: 0:34<0:08 - loss: 5.1803 
456/567 [=======================>......] - ETA: 0:34<0:08 - loss: 5.1794 
457/567 [=======================>......] - ETA: 0:34<0:08 - loss: 5.1816 
458/567 [=======================>......] - ETA: 0:34<0:08 - loss: 5.1821 
459/567 [=======================>......] - ETA: 0:34<0:08 - loss: 5.1795 
460/567 [=======================>......] - ETA: 0:34<0:08 - loss: 5.1784 
461/567 [=======================>......] - ETA: 0:34<0:08 - loss: 5.1796 
462/567 [=======================>......] - ETA: 0:34<0:07 - loss: 5.1771 
463/567 [=======================>......] - ETA: 0:34<0:07 - loss: 5.1760 
464/567 [=======================>......] - ETA: 0:35<0:07 - loss: 5.1765 
465/567 [=======================>......] - ETA: 0:35<0:07 - loss: 5.1771 
466/567 [=======================>......] - ETA: 0:35<0:07 - loss: 5.1768 
467/567 [=======================>......] - ETA: 0:35<0:07 - loss: 5.1734 
468/567 [=======================>......] - ETA: 0:35<0:07 - loss: 5.1734 
469/567 [=======================>......] - ETA: 0:35<0:07 - loss: 5.1738 
470/567 [=======================>......] - ETA: 0:35<0:07 - loss: 5.1742 
471/567 [=======================>......] - ETA: 0:35<0:07 - loss: 5.1750 
472/567 [=======================>......] - ETA: 0:35<0:07 - loss: 5.1742 
473/567 [========================>.....] - ETA: 0:35<0:07 - loss: 5.1742 
474/567 [========================>.....] - ETA: 0:35<0:07 - loss: 5.1725 
475/567 [========================>.....] - ETA: 0:35<0:06 - loss: 5.1743 
476/567 [========================>.....] - ETA: 0:35<0:06 - loss: 5.1727 
477/567 [========================>.....] - ETA: 0:36<0:06 - loss: 5.1720 
478/567 [========================>.....] - ETA: 0:36<0:06 - loss: 5.1733 
479/567 [========================>.....] - ETA: 0:36<0:06 - loss: 5.1749 
480/567 [========================>.....] - ETA: 0:36<0:06 - loss: 5.1714 
481/567 [========================>.....] - ETA: 0:36<0:06 - loss: 5.1715 
482/567 [========================>.....] - ETA: 0:36<0:06 - loss: 5.1728 
483/567 [========================>.....] - ETA: 0:36<0:06 - loss: 5.1737 
484/567 [========================>.....] - ETA: 0:36<0:06 - loss: 5.1742 
485/567 [========================>.....] - ETA: 0:36<0:06 - loss: 5.1765 
486/567 [========================>.....] - ETA: 0:36<0:06 - loss: 5.1765 
487/567 [========================>.....] - ETA: 0:36<0:06 - loss: 5.1753 
488/567 [========================>.....] - ETA: 0:36<0:05 - loss: 5.1773 
489/567 [========================>.....] - ETA: 0:36<0:05 - loss: 5.1746 
490/567 [========================>.....] - ETA: 0:37<0:05 - loss: 5.1747 
491/567 [========================>.....] - ETA: 0:37<0:05 - loss: 5.1736 
492/567 [=========================>....] - ETA: 0:37<0:05 - loss: 5.1728 
493/567 [=========================>....] - ETA: 0:37<0:05 - loss: 5.1731 
494/567 [=========================>....] - ETA: 0:37<0:05 - loss: 5.1731 
495/567 [=========================>....] - ETA: 0:37<0:05 - loss: 5.1723 
496/567 [=========================>....] - ETA: 0:37<0:05 - loss: 5.1744 
497/567 [=========================>....] - ETA: 0:37<0:05 - loss: 5.1718 
498/567 [=========================>....] - ETA: 0:37<0:05 - loss: 5.1734 
499/567 [=========================>....] - ETA: 0:37<0:05 - loss: 5.1711 
500/567 [=========================>....] - ETA: 0:37<0:05 - loss: 5.1692 
501/567 [=========================>....] - ETA: 0:37<0:04 - loss: 5.1665 
502/567 [=========================>....] - ETA: 0:37<0:04 - loss: 5.1685 
503/567 [=========================>....] - ETA: 0:37<0:04 - loss: 5.1689 
504/567 [=========================>....] - ETA: 0:38<0:04 - loss: 5.1669 
505/567 [=========================>....] - ETA: 0:38<0:04 - loss: 5.1615 
506/567 [=========================>....] - ETA: 0:38<0:04 - loss: 5.1617 
507/567 [=========================>....] - ETA: 0:38<0:04 - loss: 5.1589 
508/567 [=========================>....] - ETA: 0:38<0:04 - loss: 5.1592 
509/567 [=========================>....] - ETA: 0:38<0:04 - loss: 5.1562 
510/567 [=========================>....] - ETA: 0:38<0:04 - loss: 5.1566 
511/567 [==========================>...] - ETA: 0:38<0:04 - loss: 5.1558 
512/567 [==========================>...] - ETA: 0:38<0:04 - loss: 5.1578 
513/567 [==========================>...] - ETA: 0:38<0:04 - loss: 5.1559 
514/567 [==========================>...] - ETA: 0:38<0:04 - loss: 5.1562 
515/567 [==========================>...] - ETA: 0:38<0:03 - loss: 5.1539 
516/567 [==========================>...] - ETA: 0:38<0:03 - loss: 5.1513 
517/567 [==========================>...] - ETA: 0:39<0:03 - loss: 5.1498 
518/567 [==========================>...] - ETA: 0:39<0:03 - loss: 5.1479 
519/567 [==========================>...] - ETA: 0:39<0:03 - loss: 5.1458 
520/567 [==========================>...] - ETA: 0:39<0:03 - loss: 5.1454 
521/567 [==========================>...] - ETA: 0:39<0:03 - loss: 5.1435 
522/567 [==========================>...] - ETA: 0:39<0:03 - loss: 5.1414 
523/567 [==========================>...] - ETA: 0:39<0:03 - loss: 5.1438 
524/567 [==========================>...] - ETA: 0:39<0:03 - loss: 5.1466 
525/567 [==========================>...] - ETA: 0:39<0:03 - loss: 5.1473 
526/567 [==========================>...] - ETA: 0:39<0:03 - loss: 5.1455 
527/567 [==========================>...] - ETA: 0:39<0:03 - loss: 5.1444 
528/567 [==========================>...] - ETA: 0:39<0:02 - loss: 5.1439 
529/567 [==========================>...] - ETA: 0:39<0:02 - loss: 5.1442 
530/567 [===========================>..] - ETA: 0:40<0:02 - loss: 5.1441 
531/567 [===========================>..] - ETA: 0:40<0:02 - loss: 5.1445 
532/567 [===========================>..] - ETA: 0:40<0:02 - loss: 5.1436 
533/567 [===========================>..] - ETA: 0:40<0:02 - loss: 5.1420 
534/567 [===========================>..] - ETA: 0:40<0:02 - loss: 5.1429 
535/567 [===========================>..] - ETA: 0:40<0:02 - loss: 5.1437 
536/567 [===========================>..] - ETA: 0:40<0:02 - loss: 5.1441 
537/567 [===========================>..] - ETA: 0:40<0:02 - loss: 5.1445 
538/567 [===========================>..] - ETA: 0:40<0:02 - loss: 5.1429 
539/567 [===========================>..] - ETA: 0:40<0:02 - loss: 5.1418 
540/567 [===========================>..] - ETA: 0:40<0:02 - loss: 5.1441 
541/567 [===========================>..] - ETA: 0:40<0:01 - loss: 5.1434 
542/567 [===========================>..] - ETA: 0:40<0:01 - loss: 5.1425 
543/567 [===========================>..] - ETA: 0:40<0:01 - loss: 5.1441 
544/567 [===========================>..] - ETA: 0:41<0:01 - loss: 5.1445 
545/567 [===========================>..] - ETA: 0:41<0:01 - loss: 5.1444 
546/567 [===========================>..] - ETA: 0:41<0:01 - loss: 5.1461 
547/567 [===========================>..] - ETA: 0:41<0:01 - loss: 5.1503 
548/567 [===========================>..] - ETA: 0:41<0:01 - loss: 5.1512 
549/567 [============================>.] - ETA: 0:41<0:01 - loss: 5.1506 
550/567 [============================>.] - ETA: 0:41<0:01 - loss: 5.1486 
551/567 [============================>.] - ETA: 0:41<0:01 - loss: 5.1507 
552/567 [============================>.] - ETA: 0:41<0:01 - loss: 5.1528 
553/567 [============================>.] - ETA: 0:41<0:01 - loss: 5.1549 
554/567 [============================>.] - ETA: 0:41<0:00 - loss: 5.1540 
555/567 [============================>.] - ETA: 0:41<0:00 - loss: 5.1543 
556/567 [============================>.] - ETA: 0:41<0:00 - loss: 5.1554 
557/567 [============================>.] - ETA: 0:42<0:00 - loss: 5.1527 
558/567 [============================>.] - ETA: 0:42<0:00 - loss: 5.1529 
559/567 [============================>.] - ETA: 0:42<0:00 - loss: 5.1551 
560/567 [============================>.] - ETA: 0:42<0:00 - loss: 5.1555 
561/567 [============================>.] - ETA: 0:42<0:00 - loss: 5.1548 
562/567 [============================>.] - ETA: 0:42<0:00 - loss: 5.1561 
563/567 [============================>.] - ETA: 0:42<0:00 - loss: 5.1556 
564/567 [============================>.] - ETA: 0:42<0:00 - loss: 5.1558 
565/567 [============================>.] - ETA: 0:42<0:00 - loss: 5.1553 
566/567 [============================>.] - ETA: 0:42<0:00 - loss: 5.1526 
567/567 [==============================] - 0:42 75ms/step - loss: 5.1518 
2024-07-06 23:25:23 - Finish Epoch: 11/20 - loss: 5.1777
日晃百花色    风动五湖天
  0%|                                                                                                                                                    | 0/4 [00:00<?, ?it/s] 50%|██████████████████████████████████████████████████████████████████████                                                                      | 2/4 [00:00<00:00, 18.19it/s]100%|████████████████████████████████████████████████████████████████████████████████████████████████████████████████████████████████████████████| 4/4 [00:00<00:00, 18.16it/s]100%|████████████████████████████████████████████████████████████████████████████████████████████████████████████████████████████████████████████| 4/4 [00:00<00:00, 18.15it/s]
  0%|                                                                                                                                                    | 0/4 [00:00<?, ?it/s] 50%|██████████████████████████████████████████████████████████████████████                                                                      | 2/4 [00:00<00:00, 18.19it/s]100%|████████████████████████████████████████████████████████████████████████████████████████████████████████████████████████████████████████████| 4/4 [00:00<00:00, 18.17it/s]100%|████████████████████████████████████████████████████████████████████████████████████████████████████████████████████████████████████████████| 4/4 [00:00<00:00, 18.16it/s]
valid_data: {'rouge-1': 0.1999999962500001, 'rouge-2': 0.06249999875000002, 'rouge-l': 0.1999999962500001, 'bleu': 0.05526973245727603, 'best_bleu': 0.05526973245727603}
test_data: {'rouge-1': 0.1999999962500001, 'rouge-2': 0.06249999875000002, 'rouge-l': 0.1999999962500001, 'bleu': 0.05526973245727603}

2024-07-06 23:25:24 - Start  Epoch: 12/20

  1/567 [..............................] - ETA: 0:00<0:44 - loss: 5.1495 
  2/567 [..............................] - ETA: 0:00<0:43 - loss: 5.1470 
  3/567 [..............................] - ETA: 0:00<0:43 - loss: 5.1431 
  4/567 [..............................] - ETA: 0:00<0:42 - loss: 5.1409 
  5/567 [..............................] - ETA: 0:00<0:42 - loss: 5.1411 
  6/567 [..............................] - ETA: 0:00<0:42 - loss: 5.1386 
  7/567 [..............................] - ETA: 0:00<0:42 - loss: 5.1368 
  8/567 [..............................] - ETA: 0:00<0:42 - loss: 5.1347 
  9/567 [..............................] - ETA: 0:00<0:42 - loss: 5.1344 
 10/567 [..............................] - ETA: 0:00<0:41 - loss: 5.1358 
 11/567 [..............................] - ETA: 0:00<0:41 - loss: 5.1313 
 12/567 [..............................] - ETA: 0:00<0:41 - loss: 5.1273 
 13/567 [..............................] - ETA: 0:00<0:41 - loss: 5.1273 
 14/567 [..............................] - ETA: 0:01<0:41 - loss: 5.1227 
 15/567 [..............................] - ETA: 0:01<0:41 - loss: 5.1208 
 16/567 [..............................] - ETA: 0:01<0:41 - loss: 5.1220 
 17/567 [..............................] - ETA: 0:01<0:41 - loss: 5.1191 
 18/567 [..............................] - ETA: 0:01<0:41 - loss: 5.1147 
 19/567 [>.............................] - ETA: 0:01<0:41 - loss: 5.1125 
 20/567 [>.............................] - ETA: 0:01<0:41 - loss: 5.1095 
 21/567 [>.............................] - ETA: 0:01<0:40 - loss: 5.1058 
 22/567 [>.............................] - ETA: 0:01<0:40 - loss: 5.1041 
 23/567 [>.............................] - ETA: 0:01<0:40 - loss: 5.1021 
 24/567 [>.............................] - ETA: 0:01<0:40 - loss: 5.0997 
 25/567 [>.............................] - ETA: 0:01<0:40 - loss: 5.0989 
 26/567 [>.............................] - ETA: 0:01<0:40 - loss: 5.0958 
 27/567 [>.............................] - ETA: 0:02<0:40 - loss: 5.0925 
 28/567 [>.............................] - ETA: 0:02<0:40 - loss: 5.0904 
 29/567 [>.............................] - ETA: 0:02<0:40 - loss: 5.0845 
 30/567 [>.............................] - ETA: 0:02<0:40 - loss: 5.0822 
 31/567 [>.............................] - ETA: 0:02<0:40 - loss: 5.0769 
 32/567 [>.............................] - ETA: 0:02<0:40 - loss: 5.0780 
 33/567 [>.............................] - ETA: 0:02<0:39 - loss: 5.0741 
 34/567 [>.............................] - ETA: 0:02<0:39 - loss: 5.0741 
 35/567 [>.............................] - ETA: 0:02<0:39 - loss: 5.0717 
 36/567 [>.............................] - ETA: 0:02<0:39 - loss: 5.0688 
 37/567 [>.............................] - ETA: 0:02<0:39 - loss: 5.0662 
 38/567 [=>............................] - ETA: 0:02<0:39 - loss: 5.0669 
 39/567 [=>............................] - ETA: 0:02<0:39 - loss: 5.0650 
 40/567 [=>............................] - ETA: 0:02<0:39 - loss: 5.0639 
 41/567 [=>............................] - ETA: 0:03<0:39 - loss: 5.0593 
 42/567 [=>............................] - ETA: 0:03<0:39 - loss: 5.0567 
 43/567 [=>............................] - ETA: 0:03<0:39 - loss: 5.0541 
 44/567 [=>............................] - ETA: 0:03<0:39 - loss: 5.0529 
 45/567 [=>............................] - ETA: 0:03<0:39 - loss: 5.0513 
 46/567 [=>............................] - ETA: 0:03<0:38 - loss: 5.0492 
 47/567 [=>............................] - ETA: 0:03<0:38 - loss: 5.0491 
 48/567 [=>............................] - ETA: 0:03<0:38 - loss: 5.0486 
 49/567 [=>............................] - ETA: 0:03<0:38 - loss: 5.0493 
 50/567 [=>............................] - ETA: 0:03<0:38 - loss: 5.0470 
 51/567 [=>............................] - ETA: 0:03<0:38 - loss: 5.0464 
 52/567 [=>............................] - ETA: 0:03<0:38 - loss: 5.0472 
 53/567 [=>............................] - ETA: 0:03<0:38 - loss: 5.0458 
 54/567 [=>............................] - ETA: 0:04<0:38 - loss: 5.0460 
 55/567 [=>............................] - ETA: 0:04<0:38 - loss: 5.0431 
 56/567 [=>............................] - ETA: 0:04<0:38 - loss: 5.0392 
 57/567 [==>...........................] - ETA: 0:04<0:38 - loss: 5.0338 
 58/567 [==>...........................] - ETA: 0:04<0:38 - loss: 5.0310 
 59/567 [==>...........................] - ETA: 0:04<0:38 - loss: 5.0272 
 60/567 [==>...........................] - ETA: 0:04<0:38 - loss: 5.0239 
 61/567 [==>...........................] - ETA: 0:04<0:37 - loss: 5.0217 
 62/567 [==>...........................] - ETA: 0:04<0:37 - loss: 5.0201 
 63/567 [==>...........................] - ETA: 0:04<0:37 - loss: 5.0172 
 64/567 [==>...........................] - ETA: 0:04<0:37 - loss: 5.0162 
 65/567 [==>...........................] - ETA: 0:04<0:37 - loss: 5.0121 
 66/567 [==>...........................] - ETA: 0:04<0:37 - loss: 5.0095 
 67/567 [==>...........................] - ETA: 0:05<0:37 - loss: 5.0064 
 68/567 [==>...........................] - ETA: 0:05<0:37 - loss: 5.0020 
 69/567 [==>...........................] - ETA: 0:05<0:37 - loss: 4.9995 
 70/567 [==>...........................] - ETA: 0:05<0:37 - loss: 4.9969 
 71/567 [==>...........................] - ETA: 0:05<0:37 - loss: 4.9930 
 72/567 [==>...........................] - ETA: 0:05<0:37 - loss: 4.9911 
 73/567 [==>...........................] - ETA: 0:05<0:37 - loss: 4.9854 
 74/567 [==>...........................] - ETA: 0:05<0:36 - loss: 4.9814 
 75/567 [==>...........................] - ETA: 0:05<0:36 - loss: 4.9796 
 76/567 [===>..........................] - ETA: 0:05<0:36 - loss: 4.9748 
 77/567 [===>..........................] - ETA: 0:05<0:36 - loss: 4.9713 
 78/567 [===>..........................] - ETA: 0:05<0:36 - loss: 4.9680 
 79/567 [===>..........................] - ETA: 0:05<0:36 - loss: 4.9648 
 80/567 [===>..........................] - ETA: 0:05<0:36 - loss: 4.9591 
 81/567 [===>..........................] - ETA: 0:06<0:36 - loss: 4.9563 
 82/567 [===>..........................] - ETA: 0:06<0:36 - loss: 4.9528 
 83/567 [===>..........................] - ETA: 0:06<0:36 - loss: 4.9511 
 84/567 [===>..........................] - ETA: 0:06<0:36 - loss: 4.9483 
 85/567 [===>..........................] - ETA: 0:06<0:36 - loss: 4.9444 
 86/567 [===>..........................] - ETA: 0:06<0:36 - loss: 4.9415 
 87/567 [===>..........................] - ETA: 0:06<0:35 - loss: 4.9382 
 88/567 [===>..........................] - ETA: 0:06<0:35 - loss: 4.9356 
 89/567 [===>..........................] - ETA: 0:06<0:35 - loss: 4.9319 
 90/567 [===>..........................] - ETA: 0:06<0:35 - loss: 4.9329 
 91/567 [===>..........................] - ETA: 0:06<0:35 - loss: 4.9249 
 92/567 [===>..........................] - ETA: 0:06<0:35 - loss: 4.9214 
 93/567 [===>..........................] - ETA: 0:06<0:35 - loss: 4.9182 
 94/567 [===>..........................] - ETA: 0:07<0:35 - loss: 4.9176 
 95/567 [====>.........................] - ETA: 0:07<0:35 - loss: 4.9141 
 96/567 [====>.........................] - ETA: 0:07<0:35 - loss: 4.9129 
 97/567 [====>.........................] - ETA: 0:07<0:35 - loss: 4.9102 
 98/567 [====>.........................] - ETA: 0:07<0:35 - loss: 4.9091 
 99/567 [====>.........................] - ETA: 0:07<0:35 - loss: 4.9066 
100/567 [====>.........................] - ETA: 0:07<0:34 - loss: 4.9048 
101/567 [====>.........................] - ETA: 0:07<0:34 - loss: 4.9040 
102/567 [====>.........................] - ETA: 0:07<0:34 - loss: 4.9044 
103/567 [====>.........................] - ETA: 0:07<0:34 - loss: 4.9045 
104/567 [====>.........................] - ETA: 0:07<0:34 - loss: 4.9031 
105/567 [====>.........................] - ETA: 0:07<0:34 - loss: 4.9005 
106/567 [====>.........................] - ETA: 0:07<0:34 - loss: 4.9024 
107/567 [====>.........................] - ETA: 0:08<0:34 - loss: 4.9032 
108/567 [====>.........................] - ETA: 0:08<0:34 - loss: 4.9042 
109/567 [====>.........................] - ETA: 0:08<0:34 - loss: 4.9041 
110/567 [====>.........................] - ETA: 0:08<0:34 - loss: 4.9020 
111/567 [====>.........................] - ETA: 0:08<0:34 - loss: 4.9038 
112/567 [====>.........................] - ETA: 0:08<0:34 - loss: 4.9036 
113/567 [====>.........................] - ETA: 0:08<0:34 - loss: 4.9028 
114/567 [=====>........................] - ETA: 0:08<0:33 - loss: 4.9068 
115/567 [=====>........................] - ETA: 0:08<0:33 - loss: 4.9049 
116/567 [=====>........................] - ETA: 0:08<0:33 - loss: 4.9039 
117/567 [=====>........................] - ETA: 0:08<0:33 - loss: 4.9044 
118/567 [=====>........................] - ETA: 0:08<0:33 - loss: 4.9044 
119/567 [=====>........................] - ETA: 0:08<0:33 - loss: 4.9028 
120/567 [=====>........................] - ETA: 0:08<0:33 - loss: 4.9027 
121/567 [=====>........................] - ETA: 0:09<0:33 - loss: 4.9024 
122/567 [=====>........................] - ETA: 0:09<0:33 - loss: 4.9031 
123/567 [=====>........................] - ETA: 0:09<0:33 - loss: 4.9039 
124/567 [=====>........................] - ETA: 0:09<0:33 - loss: 4.9038 
125/567 [=====>........................] - ETA: 0:09<0:33 - loss: 4.9052 
126/567 [=====>........................] - ETA: 0:09<0:33 - loss: 4.9089 
127/567 [=====>........................] - ETA: 0:09<0:32 - loss: 4.9088 
128/567 [=====>........................] - ETA: 0:09<0:32 - loss: 4.9099 
129/567 [=====>........................] - ETA: 0:09<0:32 - loss: 4.9108 
130/567 [=====>........................] - ETA: 0:09<0:32 - loss: 4.9137 
131/567 [=====>........................] - ETA: 0:09<0:32 - loss: 4.9181 
132/567 [=====>........................] - ETA: 0:09<0:32 - loss: 4.9173 
133/567 [======>.......................] - ETA: 0:09<0:32 - loss: 4.9202 
134/567 [======>.......................] - ETA: 0:10<0:32 - loss: 4.9200 
135/567 [======>.......................] - ETA: 0:10<0:32 - loss: 4.9191 
136/567 [======>.......................] - ETA: 0:10<0:32 - loss: 4.9195 
137/567 [======>.......................] - ETA: 0:10<0:32 - loss: 4.9217 
138/567 [======>.......................] - ETA: 0:10<0:32 - loss: 4.9211 
139/567 [======>.......................] - ETA: 0:10<0:32 - loss: 4.9208 
140/567 [======>.......................] - ETA: 0:10<0:31 - loss: 4.9234 
141/567 [======>.......................] - ETA: 0:10<0:31 - loss: 4.9244 
142/567 [======>.......................] - ETA: 0:10<0:31 - loss: 4.9263 
143/567 [======>.......................] - ETA: 0:10<0:31 - loss: 4.9269 
144/567 [======>.......................] - ETA: 0:10<0:31 - loss: 4.9265 
145/567 [======>.......................] - ETA: 0:10<0:31 - loss: 4.9257 
146/567 [======>.......................] - ETA: 0:10<0:31 - loss: 4.9238 
147/567 [======>.......................] - ETA: 0:11<0:31 - loss: 4.9227 
148/567 [======>.......................] - ETA: 0:11<0:31 - loss: 4.9235 
149/567 [======>.......................] - ETA: 0:11<0:31 - loss: 4.9216 
150/567 [======>.......................] - ETA: 0:11<0:31 - loss: 4.9218 
151/567 [======>.......................] - ETA: 0:11<0:31 - loss: 4.9207 
152/567 [=======>......................] - ETA: 0:11<0:31 - loss: 4.9174 
153/567 [=======>......................] - ETA: 0:11<0:31 - loss: 4.9172 
154/567 [=======>......................] - ETA: 0:11<0:30 - loss: 4.9157 
155/567 [=======>......................] - ETA: 0:11<0:30 - loss: 4.9159 
156/567 [=======>......................] - ETA: 0:11<0:30 - loss: 4.9152 
157/567 [=======>......................] - ETA: 0:11<0:30 - loss: 4.9153 
158/567 [=======>......................] - ETA: 0:11<0:30 - loss: 4.9153 
159/567 [=======>......................] - ETA: 0:11<0:30 - loss: 4.9168 
160/567 [=======>......................] - ETA: 0:11<0:30 - loss: 4.9189 
161/567 [=======>......................] - ETA: 0:12<0:30 - loss: 4.9188 
162/567 [=======>......................] - ETA: 0:12<0:30 - loss: 4.9173 
163/567 [=======>......................] - ETA: 0:12<0:30 - loss: 4.9181 
164/567 [=======>......................] - ETA: 0:12<0:30 - loss: 4.9173 
165/567 [=======>......................] - ETA: 0:12<0:30 - loss: 4.9193 
166/567 [=======>......................] - ETA: 0:12<0:30 - loss: 4.9205 
167/567 [=======>......................] - ETA: 0:12<0:29 - loss: 4.9204 
168/567 [=======>......................] - ETA: 0:12<0:29 - loss: 4.9225 
169/567 [=======>......................] - ETA: 0:12<0:29 - loss: 4.9249 
170/567 [=======>......................] - ETA: 0:12<0:29 - loss: 4.9283 
171/567 [========>.....................] - ETA: 0:12<0:29 - loss: 4.9305 
172/567 [========>.....................] - ETA: 0:12<0:29 - loss: 4.9304 
173/567 [========>.....................] - ETA: 0:12<0:29 - loss: 4.9317 
174/567 [========>.....................] - ETA: 0:13<0:29 - loss: 4.9311 
175/567 [========>.....................] - ETA: 0:13<0:29 - loss: 4.9313 
176/567 [========>.....................] - ETA: 0:13<0:29 - loss: 4.9323 
177/567 [========>.....................] - ETA: 0:13<0:29 - loss: 4.9328 
178/567 [========>.....................] - ETA: 0:13<0:29 - loss: 4.9361 
179/567 [========>.....................] - ETA: 0:13<0:29 - loss: 4.9368 
180/567 [========>.....................] - ETA: 0:13<0:28 - loss: 4.9385 
181/567 [========>.....................] - ETA: 0:13<0:28 - loss: 4.9387 
182/567 [========>.....................] - ETA: 0:13<0:28 - loss: 4.9403 
183/567 [========>.....................] - ETA: 0:13<0:28 - loss: 4.9417 
184/567 [========>.....................] - ETA: 0:13<0:28 - loss: 4.9425 
185/567 [========>.....................] - ETA: 0:13<0:28 - loss: 4.9418 
186/567 [========>.....................] - ETA: 0:13<0:28 - loss: 4.9424 
187/567 [========>.....................] - ETA: 0:14<0:28 - loss: 4.9437 
188/567 [========>.....................] - ETA: 0:14<0:28 - loss: 4.9452 
189/567 [=========>....................] - ETA: 0:14<0:28 - loss: 4.9460 
190/567 [=========>....................] - ETA: 0:14<0:28 - loss: 4.9429 
191/567 [=========>....................] - ETA: 0:14<0:28 - loss: 4.9484 
192/567 [=========>....................] - ETA: 0:14<0:28 - loss: 4.9513 
193/567 [=========>....................] - ETA: 0:14<0:28 - loss: 4.9518 
194/567 [=========>....................] - ETA: 0:14<0:27 - loss: 4.9501 
195/567 [=========>....................] - ETA: 0:14<0:27 - loss: 4.9514 
196/567 [=========>....................] - ETA: 0:14<0:27 - loss: 4.9505 
197/567 [=========>....................] - ETA: 0:14<0:27 - loss: 4.9528 
198/567 [=========>....................] - ETA: 0:14<0:27 - loss: 4.9522 
199/567 [=========>....................] - ETA: 0:14<0:27 - loss: 4.9519 
200/567 [=========>....................] - ETA: 0:14<0:27 - loss: 4.9534 
201/567 [=========>....................] - ETA: 0:15<0:27 - loss: 4.9526 
202/567 [=========>....................] - ETA: 0:15<0:27 - loss: 4.9507 
203/567 [=========>....................] - ETA: 0:15<0:27 - loss: 4.9531 
204/567 [=========>....................] - ETA: 0:15<0:27 - loss: 4.9542 
205/567 [=========>....................] - ETA: 0:15<0:27 - loss: 4.9572 
206/567 [=========>....................] - ETA: 0:15<0:27 - loss: 4.9555 
207/567 [=========>....................] - ETA: 0:15<0:26 - loss: 4.9558 
208/567 [==========>...................] - ETA: 0:15<0:26 - loss: 4.9539 
209/567 [==========>...................] - ETA: 0:15<0:26 - loss: 4.9546 
210/567 [==========>...................] - ETA: 0:15<0:26 - loss: 4.9560 
211/567 [==========>...................] - ETA: 0:15<0:26 - loss: 4.9571 
212/567 [==========>...................] - ETA: 0:15<0:26 - loss: 4.9606 
213/567 [==========>...................] - ETA: 0:15<0:26 - loss: 4.9630 
214/567 [==========>...................] - ETA: 0:16<0:26 - loss: 4.9603 
215/567 [==========>...................] - ETA: 0:16<0:26 - loss: 4.9615 
216/567 [==========>...................] - ETA: 0:16<0:26 - loss: 4.9612 
217/567 [==========>...................] - ETA: 0:16<0:26 - loss: 4.9611 
218/567 [==========>...................] - ETA: 0:16<0:26 - loss: 4.9615 
219/567 [==========>...................] - ETA: 0:16<0:26 - loss: 4.9621 
220/567 [==========>...................] - ETA: 0:16<0:26 - loss: 4.9631 
221/567 [==========>...................] - ETA: 0:16<0:25 - loss: 4.9620 
222/567 [==========>...................] - ETA: 0:16<0:25 - loss: 4.9637 
223/567 [==========>...................] - ETA: 0:16<0:25 - loss: 4.9618 
224/567 [==========>...................] - ETA: 0:16<0:25 - loss: 4.9600 
225/567 [==========>...................] - ETA: 0:16<0:25 - loss: 4.9600 
226/567 [==========>...................] - ETA: 0:16<0:25 - loss: 4.9595 
227/567 [===========>..................] - ETA: 0:17<0:25 - loss: 4.9591 
228/567 [===========>..................] - ETA: 0:17<0:25 - loss: 4.9575 
229/567 [===========>..................] - ETA: 0:17<0:25 - loss: 4.9596 
230/567 [===========>..................] - ETA: 0:17<0:25 - loss: 4.9592 
231/567 [===========>..................] - ETA: 0:17<0:25 - loss: 4.9584 
232/567 [===========>..................] - ETA: 0:17<0:25 - loss: 4.9550 
233/567 [===========>..................] - ETA: 0:17<0:25 - loss: 4.9538 
234/567 [===========>..................] - ETA: 0:17<0:24 - loss: 4.9536 
235/567 [===========>..................] - ETA: 0:17<0:24 - loss: 4.9569 
236/567 [===========>..................] - ETA: 0:17<0:24 - loss: 4.9567 
237/567 [===========>..................] - ETA: 0:17<0:24 - loss: 4.9551 
238/567 [===========>..................] - ETA: 0:17<0:24 - loss: 4.9554 
239/567 [===========>..................] - ETA: 0:17<0:24 - loss: 4.9540 
240/567 [===========>..................] - ETA: 0:17<0:24 - loss: 4.9510 
241/567 [===========>..................] - ETA: 0:18<0:24 - loss: 4.9529 
242/567 [===========>..................] - ETA: 0:18<0:24 - loss: 4.9525 
243/567 [===========>..................] - ETA: 0:18<0:24 - loss: 4.9540 
244/567 [===========>..................] - ETA: 0:18<0:24 - loss: 4.9557 
245/567 [===========>..................] - ETA: 0:18<0:24 - loss: 4.9551 
246/567 [============>.................] - ETA: 0:18<0:24 - loss: 4.9546 
247/567 [============>.................] - ETA: 0:18<0:23 - loss: 4.9519 
248/567 [============>.................] - ETA: 0:18<0:23 - loss: 4.9541 
249/567 [============>.................] - ETA: 0:18<0:23 - loss: 4.9528 
250/567 [============>.................] - ETA: 0:18<0:23 - loss: 4.9548 
251/567 [============>.................] - ETA: 0:18<0:23 - loss: 4.9563 
252/567 [============>.................] - ETA: 0:18<0:23 - loss: 4.9583 
253/567 [============>.................] - ETA: 0:18<0:23 - loss: 4.9592 
254/567 [============>.................] - ETA: 0:19<0:23 - loss: 4.9599 
255/567 [============>.................] - ETA: 0:19<0:23 - loss: 4.9596 
256/567 [============>.................] - ETA: 0:19<0:23 - loss: 4.9628 
257/567 [============>.................] - ETA: 0:19<0:23 - loss: 4.9626 
258/567 [============>.................] - ETA: 0:19<0:23 - loss: 4.9641 
259/567 [============>.................] - ETA: 0:19<0:23 - loss: 4.9661 
260/567 [============>.................] - ETA: 0:19<0:22 - loss: 4.9642 
261/567 [============>.................] - ETA: 0:19<0:22 - loss: 4.9627 
262/567 [============>.................] - ETA: 0:19<0:22 - loss: 4.9671 
263/567 [============>.................] - ETA: 0:19<0:22 - loss: 4.9650 
264/567 [============>.................] - ETA: 0:19<0:22 - loss: 4.9633 
265/567 [=============>................] - ETA: 0:19<0:22 - loss: 4.9619 
266/567 [=============>................] - ETA: 0:19<0:22 - loss: 4.9608 
267/567 [=============>................] - ETA: 0:20<0:22 - loss: 4.9614 
268/567 [=============>................] - ETA: 0:20<0:22 - loss: 4.9586 
269/567 [=============>................] - ETA: 0:20<0:22 - loss: 4.9578 
270/567 [=============>................] - ETA: 0:20<0:22 - loss: 4.9552 
271/567 [=============>................] - ETA: 0:20<0:22 - loss: 4.9535 
272/567 [=============>................] - ETA: 0:20<0:22 - loss: 4.9538 
273/567 [=============>................] - ETA: 0:20<0:22 - loss: 4.9544 
274/567 [=============>................] - ETA: 0:20<0:21 - loss: 4.9556 
275/567 [=============>................] - ETA: 0:20<0:21 - loss: 4.9555 
276/567 [=============>................] - ETA: 0:20<0:21 - loss: 4.9554 
277/567 [=============>................] - ETA: 0:20<0:21 - loss: 4.9556 
278/567 [=============>................] - ETA: 0:20<0:21 - loss: 4.9518 
279/567 [=============>................] - ETA: 0:20<0:21 - loss: 4.9515 
280/567 [=============>................] - ETA: 0:20<0:21 - loss: 4.9487 
281/567 [=============>................] - ETA: 0:21<0:21 - loss: 4.9482 
282/567 [=============>................] - ETA: 0:21<0:21 - loss: 4.9466 
283/567 [=============>................] - ETA: 0:21<0:21 - loss: 4.9468 
284/567 [==============>...............] - ETA: 0:21<0:21 - loss: 4.9476 
285/567 [==============>...............] - ETA: 0:21<0:21 - loss: 4.9486 
286/567 [==============>...............] - ETA: 0:21<0:21 - loss: 4.9496 
287/567 [==============>...............] - ETA: 0:21<0:20 - loss: 4.9493 
288/567 [==============>...............] - ETA: 0:21<0:20 - loss: 4.9488 
289/567 [==============>...............] - ETA: 0:21<0:20 - loss: 4.9471 
290/567 [==============>...............] - ETA: 0:21<0:20 - loss: 4.9502 
291/567 [==============>...............] - ETA: 0:21<0:20 - loss: 4.9483 
292/567 [==============>...............] - ETA: 0:21<0:20 - loss: 4.9455 
293/567 [==============>...............] - ETA: 0:21<0:20 - loss: 4.9464 
294/567 [==============>...............] - ETA: 0:22<0:20 - loss: 4.9478 
295/567 [==============>...............] - ETA: 0:22<0:20 - loss: 4.9459 
296/567 [==============>...............] - ETA: 0:22<0:20 - loss: 4.9458 
297/567 [==============>...............] - ETA: 0:22<0:20 - loss: 4.9478 
298/567 [==============>...............] - ETA: 0:22<0:20 - loss: 4.9461 
299/567 [==============>...............] - ETA: 0:22<0:20 - loss: 4.9475 
300/567 [==============>...............] - ETA: 0:22<0:20 - loss: 4.9494 
301/567 [==============>...............] - ETA: 0:22<0:19 - loss: 4.9513 
302/567 [==============>...............] - ETA: 0:22<0:19 - loss: 4.9507 
303/567 [===============>..............] - ETA: 0:22<0:19 - loss: 4.9517 
304/567 [===============>..............] - ETA: 0:22<0:19 - loss: 4.9515 
305/567 [===============>..............] - ETA: 0:22<0:19 - loss: 4.9493 
306/567 [===============>..............] - ETA: 0:22<0:19 - loss: 4.9496 
307/567 [===============>..............] - ETA: 0:23<0:19 - loss: 4.9500 
308/567 [===============>..............] - ETA: 0:23<0:19 - loss: 4.9498 
309/567 [===============>..............] - ETA: 0:23<0:19 - loss: 4.9489 
310/567 [===============>..............] - ETA: 0:23<0:19 - loss: 4.9484 
311/567 [===============>..............] - ETA: 0:23<0:19 - loss: 4.9476 
312/567 [===============>..............] - ETA: 0:23<0:19 - loss: 4.9446 
313/567 [===============>..............] - ETA: 0:23<0:19 - loss: 4.9425 
314/567 [===============>..............] - ETA: 0:23<0:18 - loss: 4.9469 
315/567 [===============>..............] - ETA: 0:23<0:18 - loss: 4.9467 
316/567 [===============>..............] - ETA: 0:23<0:18 - loss: 4.9445 
317/567 [===============>..............] - ETA: 0:23<0:18 - loss: 4.9448 
318/567 [===============>..............] - ETA: 0:23<0:18 - loss: 4.9465 
319/567 [===============>..............] - ETA: 0:23<0:18 - loss: 4.9468 
320/567 [===============>..............] - ETA: 0:23<0:18 - loss: 4.9459 
321/567 [===============>..............] - ETA: 0:24<0:18 - loss: 4.9471 
322/567 [================>.............] - ETA: 0:24<0:18 - loss: 4.9448 
323/567 [================>.............] - ETA: 0:24<0:18 - loss: 4.9462 
324/567 [================>.............] - ETA: 0:24<0:18 - loss: 4.9454 
325/567 [================>.............] - ETA: 0:24<0:18 - loss: 4.9433 
326/567 [================>.............] - ETA: 0:24<0:18 - loss: 4.9430 
327/567 [================>.............] - ETA: 0:24<0:17 - loss: 4.9417 
328/567 [================>.............] - ETA: 0:24<0:17 - loss: 4.9396 
329/567 [================>.............] - ETA: 0:24<0:17 - loss: 4.9377 
330/567 [================>.............] - ETA: 0:24<0:17 - loss: 4.9363 
331/567 [================>.............] - ETA: 0:24<0:17 - loss: 4.9368 
332/567 [================>.............] - ETA: 0:24<0:17 - loss: 4.9380 
333/567 [================>.............] - ETA: 0:24<0:17 - loss: 4.9395 
334/567 [================>.............] - ETA: 0:25<0:17 - loss: 4.9391 
335/567 [================>.............] - ETA: 0:25<0:17 - loss: 4.9362 
336/567 [================>.............] - ETA: 0:25<0:17 - loss: 4.9383 
337/567 [================>.............] - ETA: 0:25<0:17 - loss: 4.9391 
338/567 [================>.............] - ETA: 0:25<0:17 - loss: 4.9377 
339/567 [================>.............] - ETA: 0:25<0:17 - loss: 4.9373 
340/567 [================>.............] - ETA: 0:25<0:17 - loss: 4.9401 
341/567 [=================>............] - ETA: 0:25<0:16 - loss: 4.9393 
342/567 [=================>............] - ETA: 0:25<0:16 - loss: 4.9385 
343/567 [=================>............] - ETA: 0:25<0:16 - loss: 4.9386 
344/567 [=================>............] - ETA: 0:25<0:16 - loss: 4.9372 
345/567 [=================>............] - ETA: 0:25<0:16 - loss: 4.9394 
346/567 [=================>............] - ETA: 0:25<0:16 - loss: 4.9431 
347/567 [=================>............] - ETA: 0:26<0:16 - loss: 4.9433 
348/567 [=================>............] - ETA: 0:26<0:16 - loss: 4.9414 
349/567 [=================>............] - ETA: 0:26<0:16 - loss: 4.9439 
350/567 [=================>............] - ETA: 0:26<0:16 - loss: 4.9427 
351/567 [=================>............] - ETA: 0:26<0:16 - loss: 4.9414 
352/567 [=================>............] - ETA: 0:26<0:16 - loss: 4.9404 
353/567 [=================>............] - ETA: 0:26<0:16 - loss: 4.9392 
354/567 [=================>............] - ETA: 0:26<0:15 - loss: 4.9388 
355/567 [=================>............] - ETA: 0:26<0:15 - loss: 4.9398 
356/567 [=================>............] - ETA: 0:26<0:15 - loss: 4.9390 
357/567 [=================>............] - ETA: 0:26<0:15 - loss: 4.9405 
358/567 [=================>............] - ETA: 0:26<0:15 - loss: 4.9394 
359/567 [=================>............] - ETA: 0:26<0:15 - loss: 4.9378 
360/567 [==================>...........] - ETA: 0:26<0:15 - loss: 4.9393 
361/567 [==================>...........] - ETA: 0:27<0:15 - loss: 4.9430 
362/567 [==================>...........] - ETA: 0:27<0:15 - loss: 4.9404 
363/567 [==================>...........] - ETA: 0:27<0:15 - loss: 4.9398 
364/567 [==================>...........] - ETA: 0:27<0:15 - loss: 4.9411 
365/567 [==================>...........] - ETA: 0:27<0:15 - loss: 4.9450 
366/567 [==================>...........] - ETA: 0:27<0:15 - loss: 4.9478 
367/567 [==================>...........] - ETA: 0:27<0:14 - loss: 4.9486 
368/567 [==================>...........] - ETA: 0:27<0:14 - loss: 4.9498 
369/567 [==================>...........] - ETA: 0:27<0:14 - loss: 4.9482 
370/567 [==================>...........] - ETA: 0:27<0:14 - loss: 4.9462 
371/567 [==================>...........] - ETA: 0:27<0:14 - loss: 4.9454 
372/567 [==================>...........] - ETA: 0:27<0:14 - loss: 4.9467 
373/567 [==================>...........] - ETA: 0:27<0:14 - loss: 4.9440 
374/567 [==================>...........] - ETA: 0:28<0:14 - loss: 4.9439 
375/567 [==================>...........] - ETA: 0:28<0:14 - loss: 4.9431 
376/567 [==================>...........] - ETA: 0:28<0:14 - loss: 4.9427 
377/567 [==================>...........] - ETA: 0:28<0:14 - loss: 4.9412 
378/567 [===================>..........] - ETA: 0:28<0:14 - loss: 4.9439 
379/567 [===================>..........] - ETA: 0:28<0:14 - loss: 4.9469 
380/567 [===================>..........] - ETA: 0:28<0:14 - loss: 4.9489 
381/567 [===================>..........] - ETA: 0:28<0:13 - loss: 4.9486 
382/567 [===================>..........] - ETA: 0:28<0:13 - loss: 4.9515 
383/567 [===================>..........] - ETA: 0:28<0:13 - loss: 4.9504 
384/567 [===================>..........] - ETA: 0:28<0:13 - loss: 4.9496 
385/567 [===================>..........] - ETA: 0:28<0:13 - loss: 4.9504 
386/567 [===================>..........] - ETA: 0:28<0:13 - loss: 4.9510 
387/567 [===================>..........] - ETA: 0:29<0:13 - loss: 4.9507 
388/567 [===================>..........] - ETA: 0:29<0:13 - loss: 4.9480 
389/567 [===================>..........] - ETA: 0:29<0:13 - loss: 4.9478 
390/567 [===================>..........] - ETA: 0:29<0:13 - loss: 4.9458 
391/567 [===================>..........] - ETA: 0:29<0:13 - loss: 4.9458 
392/567 [===================>..........] - ETA: 0:29<0:13 - loss: 4.9453 
393/567 [===================>..........] - ETA: 0:29<0:13 - loss: 4.9451 
394/567 [===================>..........] - ETA: 0:29<0:12 - loss: 4.9442 
395/567 [===================>..........] - ETA: 0:29<0:12 - loss: 4.9467 
396/567 [===================>..........] - ETA: 0:29<0:12 - loss: 4.9476 
397/567 [====================>.........] - ETA: 0:29<0:12 - loss: 4.9421 
398/567 [====================>.........] - ETA: 0:29<0:12 - loss: 4.9432 
399/567 [====================>.........] - ETA: 0:29<0:12 - loss: 4.9437 
400/567 [====================>.........] - ETA: 0:30<0:12 - loss: 4.9421 
401/567 [====================>.........] - ETA: 0:30<0:12 - loss: 4.9399 
402/567 [====================>.........] - ETA: 0:30<0:12 - loss: 4.9442 
403/567 [====================>.........] - ETA: 0:30<0:12 - loss: 4.9429 
404/567 [====================>.........] - ETA: 0:30<0:12 - loss: 4.9431 
405/567 [====================>.........] - ETA: 0:30<0:12 - loss: 4.9422 
406/567 [====================>.........] - ETA: 0:30<0:12 - loss: 4.9376 
407/567 [====================>.........] - ETA: 0:30<0:12 - loss: 4.9348 
408/567 [====================>.........] - ETA: 0:30<0:11 - loss: 4.9333 
409/567 [====================>.........] - ETA: 0:30<0:11 - loss: 4.9322 
410/567 [====================>.........] - ETA: 0:30<0:11 - loss: 4.9327 
411/567 [====================>.........] - ETA: 0:30<0:11 - loss: 4.9336 
412/567 [====================>.........] - ETA: 0:30<0:11 - loss: 4.9334 
413/567 [====================>.........] - ETA: 0:30<0:11 - loss: 4.9322 
414/567 [====================>.........] - ETA: 0:31<0:11 - loss: 4.9302 
415/567 [====================>.........] - ETA: 0:31<0:11 - loss: 4.9313 
416/567 [=====================>........] - ETA: 0:31<0:11 - loss: 4.9324 
417/567 [=====================>........] - ETA: 0:31<0:11 - loss: 4.9316 
418/567 [=====================>........] - ETA: 0:31<0:11 - loss: 4.9328 
419/567 [=====================>........] - ETA: 0:31<0:11 - loss: 4.9331 
420/567 [=====================>........] - ETA: 0:31<0:11 - loss: 4.9326 
421/567 [=====================>........] - ETA: 0:31<0:10 - loss: 4.9339 
422/567 [=====================>........] - ETA: 0:31<0:10 - loss: 4.9344 
423/567 [=====================>........] - ETA: 0:31<0:10 - loss: 4.9327 
424/567 [=====================>........] - ETA: 0:31<0:10 - loss: 4.9340 
425/567 [=====================>........] - ETA: 0:31<0:10 - loss: 4.9359 
426/567 [=====================>........] - ETA: 0:31<0:10 - loss: 4.9350 
427/567 [=====================>........] - ETA: 0:32<0:10 - loss: 4.9381 
428/567 [=====================>........] - ETA: 0:32<0:10 - loss: 4.9407 
429/567 [=====================>........] - ETA: 0:32<0:10 - loss: 4.9411 
430/567 [=====================>........] - ETA: 0:32<0:10 - loss: 4.9391 
431/567 [=====================>........] - ETA: 0:32<0:10 - loss: 4.9372 
432/567 [=====================>........] - ETA: 0:32<0:10 - loss: 4.9365 
433/567 [=====================>........] - ETA: 0:32<0:10 - loss: 4.9355 
434/567 [=====================>........] - ETA: 0:32<0:09 - loss: 4.9353 
435/567 [======================>.......] - ETA: 0:32<0:09 - loss: 4.9364 
436/567 [======================>.......] - ETA: 0:32<0:09 - loss: 4.9344 
437/567 [======================>.......] - ETA: 0:32<0:09 - loss: 4.9336 
438/567 [======================>.......] - ETA: 0:32<0:09 - loss: 4.9338 
439/567 [======================>.......] - ETA: 0:32<0:09 - loss: 4.9354 
440/567 [======================>.......] - ETA: 0:33<0:09 - loss: 4.9332 
441/567 [======================>.......] - ETA: 0:33<0:09 - loss: 4.9351 
442/567 [======================>.......] - ETA: 0:33<0:09 - loss: 4.9353 
443/567 [======================>.......] - ETA: 0:33<0:09 - loss: 4.9343 
444/567 [======================>.......] - ETA: 0:33<0:09 - loss: 4.9340 
445/567 [======================>.......] - ETA: 0:33<0:09 - loss: 4.9321 
446/567 [======================>.......] - ETA: 0:33<0:09 - loss: 4.9310 
447/567 [======================>.......] - ETA: 0:33<0:09 - loss: 4.9304 
448/567 [======================>.......] - ETA: 0:33<0:08 - loss: 4.9296 
449/567 [======================>.......] - ETA: 0:33<0:08 - loss: 4.9275 
450/567 [======================>.......] - ETA: 0:33<0:08 - loss: 4.9287 
451/567 [======================>.......] - ETA: 0:33<0:08 - loss: 4.9277 
452/567 [======================>.......] - ETA: 0:33<0:08 - loss: 4.9270 
453/567 [======================>.......] - ETA: 0:34<0:08 - loss: 4.9259 
454/567 [=======================>......] - ETA: 0:34<0:08 - loss: 4.9244 
455/567 [=======================>......] - ETA: 0:34<0:08 - loss: 4.9243 
456/567 [=======================>......] - ETA: 0:34<0:08 - loss: 4.9244 
457/567 [=======================>......] - ETA: 0:34<0:08 - loss: 4.9216 
458/567 [=======================>......] - ETA: 0:34<0:08 - loss: 4.9199 
459/567 [=======================>......] - ETA: 0:34<0:08 - loss: 4.9208 
460/567 [=======================>......] - ETA: 0:34<0:08 - loss: 4.9202 
461/567 [=======================>......] - ETA: 0:34<0:07 - loss: 4.9157 
462/567 [=======================>......] - ETA: 0:34<0:07 - loss: 4.9157 
463/567 [=======================>......] - ETA: 0:34<0:07 - loss: 4.9161 
464/567 [=======================>......] - ETA: 0:34<0:07 - loss: 4.9169 
465/567 [=======================>......] - ETA: 0:34<0:07 - loss: 4.9146 
466/567 [=======================>......] - ETA: 0:35<0:07 - loss: 4.9130 
467/567 [=======================>......] - ETA: 0:35<0:07 - loss: 4.9107 
468/567 [=======================>......] - ETA: 0:35<0:07 - loss: 4.9110 
469/567 [=======================>......] - ETA: 0:35<0:07 - loss: 4.9114 
470/567 [=======================>......] - ETA: 0:35<0:07 - loss: 4.9122 
471/567 [=======================>......] - ETA: 0:35<0:07 - loss: 4.9135 
472/567 [=======================>......] - ETA: 0:35<0:07 - loss: 4.9124 
473/567 [========================>.....] - ETA: 0:35<0:07 - loss: 4.9135 
474/567 [========================>.....] - ETA: 0:35<0:06 - loss: 4.9133 
475/567 [========================>.....] - ETA: 0:35<0:06 - loss: 4.9150 
476/567 [========================>.....] - ETA: 0:35<0:06 - loss: 4.9150 
477/567 [========================>.....] - ETA: 0:35<0:06 - loss: 4.9159 
478/567 [========================>.....] - ETA: 0:35<0:06 - loss: 4.9135 
479/567 [========================>.....] - ETA: 0:35<0:06 - loss: 4.9097 
480/567 [========================>.....] - ETA: 0:36<0:06 - loss: 4.9102 
481/567 [========================>.....] - ETA: 0:36<0:06 - loss: 4.9092 
482/567 [========================>.....] - ETA: 0:36<0:06 - loss: 4.9072 
483/567 [========================>.....] - ETA: 0:36<0:06 - loss: 4.9084 
484/567 [========================>.....] - ETA: 0:36<0:06 - loss: 4.9088 
485/567 [========================>.....] - ETA: 0:36<0:06 - loss: 4.9090 
486/567 [========================>.....] - ETA: 0:36<0:06 - loss: 4.9082 
487/567 [========================>.....] - ETA: 0:36<0:06 - loss: 4.9053 
488/567 [========================>.....] - ETA: 0:36<0:05 - loss: 4.9083 
489/567 [========================>.....] - ETA: 0:36<0:05 - loss: 4.9117 
490/567 [========================>.....] - ETA: 0:36<0:05 - loss: 4.9131 
491/567 [========================>.....] - ETA: 0:36<0:05 - loss: 4.9140 
492/567 [=========================>....] - ETA: 0:36<0:05 - loss: 4.9153 
493/567 [=========================>....] - ETA: 0:37<0:05 - loss: 4.9134 
494/567 [=========================>....] - ETA: 0:37<0:05 - loss: 4.9162 
495/567 [=========================>....] - ETA: 0:37<0:05 - loss: 4.9152 
496/567 [=========================>....] - ETA: 0:37<0:05 - loss: 4.9139 
497/567 [=========================>....] - ETA: 0:37<0:05 - loss: 4.9159 
498/567 [=========================>....] - ETA: 0:37<0:05 - loss: 4.9189 
499/567 [=========================>....] - ETA: 0:37<0:05 - loss: 4.9186 
500/567 [=========================>....] - ETA: 0:37<0:05 - loss: 4.9163 
501/567 [=========================>....] - ETA: 0:37<0:04 - loss: 4.9177 
502/567 [=========================>....] - ETA: 0:37<0:04 - loss: 4.9136 
503/567 [=========================>....] - ETA: 0:37<0:04 - loss: 4.9121 
504/567 [=========================>....] - ETA: 0:37<0:04 - loss: 4.9112 
505/567 [=========================>....] - ETA: 0:37<0:04 - loss: 4.9120 
506/567 [=========================>....] - ETA: 0:38<0:04 - loss: 4.9147 
507/567 [=========================>....] - ETA: 0:38<0:04 - loss: 4.9159 
508/567 [=========================>....] - ETA: 0:38<0:04 - loss: 4.9173 
509/567 [=========================>....] - ETA: 0:38<0:04 - loss: 4.9159 
510/567 [=========================>....] - ETA: 0:38<0:04 - loss: 4.9128 
511/567 [==========================>...] - ETA: 0:38<0:04 - loss: 4.9107 
512/567 [==========================>...] - ETA: 0:38<0:04 - loss: 4.9113 
513/567 [==========================>...] - ETA: 0:38<0:04 - loss: 4.9129 
514/567 [==========================>...] - ETA: 0:38<0:03 - loss: 4.9108 
515/567 [==========================>...] - ETA: 0:38<0:03 - loss: 4.9105 
516/567 [==========================>...] - ETA: 0:38<0:03 - loss: 4.9116 
517/567 [==========================>...] - ETA: 0:38<0:03 - loss: 4.9138 
518/567 [==========================>...] - ETA: 0:38<0:03 - loss: 4.9124 
519/567 [==========================>...] - ETA: 0:38<0:03 - loss: 4.9117 
520/567 [==========================>...] - ETA: 0:39<0:03 - loss: 4.9125 
521/567 [==========================>...] - ETA: 0:39<0:03 - loss: 4.9107 
522/567 [==========================>...] - ETA: 0:39<0:03 - loss: 4.9114 
523/567 [==========================>...] - ETA: 0:39<0:03 - loss: 4.9141 
524/567 [==========================>...] - ETA: 0:39<0:03 - loss: 4.9149 
525/567 [==========================>...] - ETA: 0:39<0:03 - loss: 4.9126 
526/567 [==========================>...] - ETA: 0:39<0:03 - loss: 4.9119 
527/567 [==========================>...] - ETA: 0:39<0:03 - loss: 4.9114 
528/567 [==========================>...] - ETA: 0:39<0:02 - loss: 4.9123 
529/567 [==========================>...] - ETA: 0:39<0:02 - loss: 4.9132 
530/567 [===========================>..] - ETA: 0:39<0:02 - loss: 4.9151 
531/567 [===========================>..] - ETA: 0:39<0:02 - loss: 4.9163 
532/567 [===========================>..] - ETA: 0:39<0:02 - loss: 4.9173 
533/567 [===========================>..] - ETA: 0:40<0:02 - loss: 4.9179 
534/567 [===========================>..] - ETA: 0:40<0:02 - loss: 4.9163 
535/567 [===========================>..] - ETA: 0:40<0:02 - loss: 4.9152 
536/567 [===========================>..] - ETA: 0:40<0:02 - loss: 4.9162 
537/567 [===========================>..] - ETA: 0:40<0:02 - loss: 4.9166 
538/567 [===========================>..] - ETA: 0:40<0:02 - loss: 4.9145 
539/567 [===========================>..] - ETA: 0:40<0:02 - loss: 4.9130 
540/567 [===========================>..] - ETA: 0:40<0:02 - loss: 4.9144 
541/567 [===========================>..] - ETA: 0:40<0:01 - loss: 4.9123 
542/567 [===========================>..] - ETA: 0:40<0:01 - loss: 4.9126 
543/567 [===========================>..] - ETA: 0:40<0:01 - loss: 4.9105 
544/567 [===========================>..] - ETA: 0:40<0:01 - loss: 4.9088 
545/567 [===========================>..] - ETA: 0:40<0:01 - loss: 4.9095 
546/567 [===========================>..] - ETA: 0:41<0:01 - loss: 4.9091 
547/567 [===========================>..] - ETA: 0:41<0:01 - loss: 4.9125 
548/567 [===========================>..] - ETA: 0:41<0:01 - loss: 4.9128 
549/567 [============================>.] - ETA: 0:41<0:01 - loss: 4.9130 
550/567 [============================>.] - ETA: 0:41<0:01 - loss: 4.9121 
551/567 [============================>.] - ETA: 0:41<0:01 - loss: 4.9131 
552/567 [============================>.] - ETA: 0:41<0:01 - loss: 4.9114 
553/567 [============================>.] - ETA: 0:41<0:01 - loss: 4.9140 
554/567 [============================>.] - ETA: 0:41<0:00 - loss: 4.9160 
555/567 [============================>.] - ETA: 0:41<0:00 - loss: 4.9172 
556/567 [============================>.] - ETA: 0:41<0:00 - loss: 4.9160 
557/567 [============================>.] - ETA: 0:41<0:00 - loss: 4.9181 
558/567 [============================>.] - ETA: 0:41<0:00 - loss: 4.9199 
559/567 [============================>.] - ETA: 0:41<0:00 - loss: 4.9193 
560/567 [============================>.] - ETA: 0:42<0:00 - loss: 4.9214 
561/567 [============================>.] - ETA: 0:42<0:00 - loss: 4.9225 
562/567 [============================>.] - ETA: 0:42<0:00 - loss: 4.9224 
563/567 [============================>.] - ETA: 0:42<0:00 - loss: 4.9248 
564/567 [============================>.] - ETA: 0:42<0:00 - loss: 4.9239 
565/567 [============================>.] - ETA: 0:42<0:00 - loss: 4.9244 
566/567 [============================>.] - ETA: 0:42<0:00 - loss: 4.9245 
567/567 [==============================] - 0:42 75ms/step - loss: 4.9250 
2024-07-06 23:26:07 - Finish Epoch: 12/20 - loss: 4.9318
日晃百花色    风动五湖声
  0%|                                                                                                                                                    | 0/4 [00:00<?, ?it/s] 50%|██████████████████████████████████████████████████████████████████████                                                                      | 2/4 [00:00<00:00, 17.88it/s]100%|████████████████████████████████████████████████████████████████████████████████████████████████████████████████████████████████████████████| 4/4 [00:00<00:00, 18.03it/s]100%|████████████████████████████████████████████████████████████████████████████████████████████████████████████████████████████████████████████| 4/4 [00:00<00:00, 17.99it/s]
  0%|                                                                                                                                                    | 0/4 [00:00<?, ?it/s] 50%|██████████████████████████████████████████████████████████████████████                                                                      | 2/4 [00:00<00:00, 18.17it/s]100%|████████████████████████████████████████████████████████████████████████████████████████████████████████████████████████████████████████████| 4/4 [00:00<00:00, 18.19it/s]100%|████████████████████████████████████████████████████████████████████████████████████████████████████████████████████████████████████████████| 4/4 [00:00<00:00, 18.17it/s]
valid_data: {'rouge-1': 0.19999999500000015, 'rouge-2': 0.0, 'rouge-l': 0.19999999500000015, 'bleu': 0.05372849659117709, 'best_bleu': 0.05526973245727603}
test_data: {'rouge-1': 0.19999999500000015, 'rouge-2': 0.0, 'rouge-l': 0.19999999500000015, 'bleu': 0.05372849659117709}

2024-07-06 23:26:07 - Start  Epoch: 13/20

  1/567 [..............................] - ETA: 0:00<0:43 - loss: 4.9227 
  2/567 [..............................] - ETA: 0:00<0:42 - loss: 4.9204 
  3/567 [..............................] - ETA: 0:00<0:42 - loss: 4.9195 
  4/567 [..............................] - ETA: 0:00<0:42 - loss: 4.9158 
  5/567 [..............................] - ETA: 0:00<0:42 - loss: 4.9143 
  6/567 [..............................] - ETA: 0:00<0:42 - loss: 4.9114 
  7/567 [..............................] - ETA: 0:00<0:42 - loss: 4.9079 
  8/567 [..............................] - ETA: 0:00<0:42 - loss: 4.9037 
  9/567 [..............................] - ETA: 0:00<0:42 - loss: 4.8972 
 10/567 [..............................] - ETA: 0:00<0:42 - loss: 4.8938 
 11/567 [..............................] - ETA: 0:00<0:42 - loss: 4.8909 
 12/567 [..............................] - ETA: 0:00<0:41 - loss: 4.8887 
 13/567 [..............................] - ETA: 0:00<0:41 - loss: 4.8861 
 14/567 [..............................] - ETA: 0:01<0:41 - loss: 4.8820 
 15/567 [..............................] - ETA: 0:01<0:41 - loss: 4.8769 
 16/567 [..............................] - ETA: 0:01<0:41 - loss: 4.8725 
 17/567 [..............................] - ETA: 0:01<0:41 - loss: 4.8680 
 18/567 [..............................] - ETA: 0:01<0:41 - loss: 4.8627 
 19/567 [>.............................] - ETA: 0:01<0:41 - loss: 4.8596 
 20/567 [>.............................] - ETA: 0:01<0:41 - loss: 4.8564 
 21/567 [>.............................] - ETA: 0:01<0:41 - loss: 4.8527 
 22/567 [>.............................] - ETA: 0:01<0:40 - loss: 4.8467 
 23/567 [>.............................] - ETA: 0:01<0:40 - loss: 4.8425 
 24/567 [>.............................] - ETA: 0:01<0:40 - loss: 4.8389 
 25/567 [>.............................] - ETA: 0:01<0:40 - loss: 4.8362 
 26/567 [>.............................] - ETA: 0:01<0:40 - loss: 4.8356 
 27/567 [>.............................] - ETA: 0:02<0:40 - loss: 4.8307 
 28/567 [>.............................] - ETA: 0:02<0:40 - loss: 4.8275 
 29/567 [>.............................] - ETA: 0:02<0:40 - loss: 4.8271 
 30/567 [>.............................] - ETA: 0:02<0:40 - loss: 4.8243 
 31/567 [>.............................] - ETA: 0:02<0:40 - loss: 4.8194 
 32/567 [>.............................] - ETA: 0:02<0:40 - loss: 4.8171 
 33/567 [>.............................] - ETA: 0:02<0:40 - loss: 4.8171 
 34/567 [>.............................] - ETA: 0:02<0:40 - loss: 4.8104 
 35/567 [>.............................] - ETA: 0:02<0:40 - loss: 4.8103 
 36/567 [>.............................] - ETA: 0:02<0:40 - loss: 4.8076 
 37/567 [>.............................] - ETA: 0:02<0:40 - loss: 4.8066 
 38/567 [=>............................] - ETA: 0:02<0:39 - loss: 4.8042 
 39/567 [=>............................] - ETA: 0:02<0:39 - loss: 4.8031 
 40/567 [=>............................] - ETA: 0:03<0:39 - loss: 4.8005 
 41/567 [=>............................] - ETA: 0:03<0:39 - loss: 4.7969 
 42/567 [=>............................] - ETA: 0:03<0:39 - loss: 4.7951 
 43/567 [=>............................] - ETA: 0:03<0:39 - loss: 4.7939 
 44/567 [=>............................] - ETA: 0:03<0:39 - loss: 4.7926 
 45/567 [=>............................] - ETA: 0:03<0:39 - loss: 4.7891 
 46/567 [=>............................] - ETA: 0:03<0:39 - loss: 4.7857 
 47/567 [=>............................] - ETA: 0:03<0:39 - loss: 4.7830 
 48/567 [=>............................] - ETA: 0:03<0:39 - loss: 4.7782 
 49/567 [=>............................] - ETA: 0:03<0:38 - loss: 4.7737 
 50/567 [=>............................] - ETA: 0:03<0:38 - loss: 4.7692 
 51/567 [=>............................] - ETA: 0:03<0:38 - loss: 4.7647 
 52/567 [=>............................] - ETA: 0:03<0:38 - loss: 4.7608 
 53/567 [=>............................] - ETA: 0:03<0:38 - loss: 4.7579 
 54/567 [=>............................] - ETA: 0:04<0:38 - loss: 4.7538 
 55/567 [=>............................] - ETA: 0:04<0:38 - loss: 4.7491 
 56/567 [=>............................] - ETA: 0:04<0:38 - loss: 4.7448 
 57/567 [==>...........................] - ETA: 0:04<0:38 - loss: 4.7432 
 58/567 [==>...........................] - ETA: 0:04<0:38 - loss: 4.7379 
 59/567 [==>...........................] - ETA: 0:04<0:38 - loss: 4.7348 
 60/567 [==>...........................] - ETA: 0:04<0:38 - loss: 4.7295 
 61/567 [==>...........................] - ETA: 0:04<0:38 - loss: 4.7252 
 62/567 [==>...........................] - ETA: 0:04<0:37 - loss: 4.7210 
 63/567 [==>...........................] - ETA: 0:04<0:37 - loss: 4.7183 
 64/567 [==>...........................] - ETA: 0:04<0:37 - loss: 4.7142 
 65/567 [==>...........................] - ETA: 0:04<0:37 - loss: 4.7116 
 66/567 [==>...........................] - ETA: 0:04<0:37 - loss: 4.7100 
 67/567 [==>...........................] - ETA: 0:05<0:37 - loss: 4.7076 
 68/567 [==>...........................] - ETA: 0:05<0:37 - loss: 4.7064 
 69/567 [==>...........................] - ETA: 0:05<0:37 - loss: 4.7033 
 70/567 [==>...........................] - ETA: 0:05<0:37 - loss: 4.7003 
 71/567 [==>...........................] - ETA: 0:05<0:37 - loss: 4.6996 
 72/567 [==>...........................] - ETA: 0:05<0:37 - loss: 4.6977 
 73/567 [==>...........................] - ETA: 0:05<0:37 - loss: 4.6964 
 74/567 [==>...........................] - ETA: 0:05<0:37 - loss: 4.6948 
 75/567 [==>...........................] - ETA: 0:05<0:37 - loss: 4.6910 
 76/567 [===>..........................] - ETA: 0:05<0:36 - loss: 4.6880 
 77/567 [===>..........................] - ETA: 0:05<0:36 - loss: 4.6860 
 78/567 [===>..........................] - ETA: 0:05<0:36 - loss: 4.6836 
 79/567 [===>..........................] - ETA: 0:05<0:36 - loss: 4.6789 
 80/567 [===>..........................] - ETA: 0:06<0:36 - loss: 4.6744 
 81/567 [===>..........................] - ETA: 0:06<0:36 - loss: 4.6726 
 82/567 [===>..........................] - ETA: 0:06<0:36 - loss: 4.6689 
 83/567 [===>..........................] - ETA: 0:06<0:36 - loss: 4.6662 
 84/567 [===>..........................] - ETA: 0:06<0:36 - loss: 4.6648 
 85/567 [===>..........................] - ETA: 0:06<0:36 - loss: 4.6611 
 86/567 [===>..........................] - ETA: 0:06<0:36 - loss: 4.6587 
 87/567 [===>..........................] - ETA: 0:06<0:36 - loss: 4.6537 
 88/567 [===>..........................] - ETA: 0:06<0:36 - loss: 4.6490 
 89/567 [===>..........................] - ETA: 0:06<0:35 - loss: 4.6468 
 90/567 [===>..........................] - ETA: 0:06<0:35 - loss: 4.6450 
 91/567 [===>..........................] - ETA: 0:06<0:35 - loss: 4.6440 
 92/567 [===>..........................] - ETA: 0:06<0:35 - loss: 4.6388 
 93/567 [===>..........................] - ETA: 0:06<0:35 - loss: 4.6342 
 94/567 [===>..........................] - ETA: 0:07<0:35 - loss: 4.6313 
 95/567 [====>.........................] - ETA: 0:07<0:35 - loss: 4.6280 
 96/567 [====>.........................] - ETA: 0:07<0:35 - loss: 4.6227 
 97/567 [====>.........................] - ETA: 0:07<0:35 - loss: 4.6210 
 98/567 [====>.........................] - ETA: 0:07<0:35 - loss: 4.6186 
 99/567 [====>.........................] - ETA: 0:07<0:35 - loss: 4.6155 
100/567 [====>.........................] - ETA: 0:07<0:35 - loss: 4.6132 
101/567 [====>.........................] - ETA: 0:07<0:35 - loss: 4.6118 
102/567 [====>.........................] - ETA: 0:07<0:34 - loss: 4.6102 
103/567 [====>.........................] - ETA: 0:07<0:34 - loss: 4.6086 
104/567 [====>.........................] - ETA: 0:07<0:34 - loss: 4.6108 
105/567 [====>.........................] - ETA: 0:07<0:34 - loss: 4.6111 
106/567 [====>.........................] - ETA: 0:07<0:34 - loss: 4.6112 
107/567 [====>.........................] - ETA: 0:08<0:34 - loss: 4.6124 
108/567 [====>.........................] - ETA: 0:08<0:34 - loss: 4.6131 
109/567 [====>.........................] - ETA: 0:08<0:34 - loss: 4.6178 
110/567 [====>.........................] - ETA: 0:08<0:34 - loss: 4.6189 
111/567 [====>.........................] - ETA: 0:08<0:34 - loss: 4.6216 
112/567 [====>.........................] - ETA: 0:08<0:34 - loss: 4.6195 
113/567 [====>.........................] - ETA: 0:08<0:34 - loss: 4.6202 
114/567 [=====>........................] - ETA: 0:08<0:34 - loss: 4.6230 
115/567 [=====>........................] - ETA: 0:08<0:33 - loss: 4.6272 
116/567 [=====>........................] - ETA: 0:08<0:33 - loss: 4.6280 
117/567 [=====>........................] - ETA: 0:08<0:33 - loss: 4.6273 
118/567 [=====>........................] - ETA: 0:08<0:33 - loss: 4.6297 
119/567 [=====>........................] - ETA: 0:08<0:33 - loss: 4.6288 
120/567 [=====>........................] - ETA: 0:09<0:33 - loss: 4.6304 
121/567 [=====>........................] - ETA: 0:09<0:33 - loss: 4.6321 
122/567 [=====>........................] - ETA: 0:09<0:33 - loss: 4.6318 
123/567 [=====>........................] - ETA: 0:09<0:33 - loss: 4.6334 
124/567 [=====>........................] - ETA: 0:09<0:33 - loss: 4.6334 
125/567 [=====>........................] - ETA: 0:09<0:33 - loss: 4.6322 
126/567 [=====>........................] - ETA: 0:09<0:33 - loss: 4.6312 
127/567 [=====>........................] - ETA: 0:09<0:33 - loss: 4.6313 
128/567 [=====>........................] - ETA: 0:09<0:32 - loss: 4.6319 
129/567 [=====>........................] - ETA: 0:09<0:32 - loss: 4.6308 
130/567 [=====>........................] - ETA: 0:09<0:32 - loss: 4.6305 
131/567 [=====>........................] - ETA: 0:09<0:32 - loss: 4.6286 
132/567 [=====>........................] - ETA: 0:09<0:32 - loss: 4.6272 
133/567 [======>.......................] - ETA: 0:09<0:32 - loss: 4.6245 
134/567 [======>.......................] - ETA: 0:10<0:32 - loss: 4.6266 
135/567 [======>.......................] - ETA: 0:10<0:32 - loss: 4.6268 
136/567 [======>.......................] - ETA: 0:10<0:32 - loss: 4.6254 
137/567 [======>.......................] - ETA: 0:10<0:32 - loss: 4.6252 
138/567 [======>.......................] - ETA: 0:10<0:32 - loss: 4.6266 
139/567 [======>.......................] - ETA: 0:10<0:32 - loss: 4.6248 
140/567 [======>.......................] - ETA: 0:10<0:32 - loss: 4.6263 
141/567 [======>.......................] - ETA: 0:10<0:32 - loss: 4.6249 
142/567 [======>.......................] - ETA: 0:10<0:31 - loss: 4.6275 
143/567 [======>.......................] - ETA: 0:10<0:31 - loss: 4.6256 
144/567 [======>.......................] - ETA: 0:10<0:31 - loss: 4.6250 
145/567 [======>.......................] - ETA: 0:10<0:31 - loss: 4.6274 
146/567 [======>.......................] - ETA: 0:10<0:31 - loss: 4.6277 
147/567 [======>.......................] - ETA: 0:11<0:31 - loss: 4.6275 
148/567 [======>.......................] - ETA: 0:11<0:31 - loss: 4.6299 
149/567 [======>.......................] - ETA: 0:11<0:31 - loss: 4.6311 
150/567 [======>.......................] - ETA: 0:11<0:31 - loss: 4.6302 
151/567 [======>.......................] - ETA: 0:11<0:31 - loss: 4.6299 
152/567 [=======>......................] - ETA: 0:11<0:31 - loss: 4.6304 
153/567 [=======>......................] - ETA: 0:11<0:31 - loss: 4.6328 
154/567 [=======>......................] - ETA: 0:11<0:31 - loss: 4.6350 
155/567 [=======>......................] - ETA: 0:11<0:30 - loss: 4.6350 
156/567 [=======>......................] - ETA: 0:11<0:30 - loss: 4.6372 
157/567 [=======>......................] - ETA: 0:11<0:30 - loss: 4.6354 
158/567 [=======>......................] - ETA: 0:11<0:30 - loss: 4.6375 
159/567 [=======>......................] - ETA: 0:11<0:30 - loss: 4.6394 
160/567 [=======>......................] - ETA: 0:12<0:30 - loss: 4.6409 
161/567 [=======>......................] - ETA: 0:12<0:30 - loss: 4.6445 
162/567 [=======>......................] - ETA: 0:12<0:30 - loss: 4.6449 
163/567 [=======>......................] - ETA: 0:12<0:30 - loss: 4.6452 
164/567 [=======>......................] - ETA: 0:12<0:30 - loss: 4.6461 
165/567 [=======>......................] - ETA: 0:12<0:30 - loss: 4.6454 
166/567 [=======>......................] - ETA: 0:12<0:30 - loss: 4.6435 
167/567 [=======>......................] - ETA: 0:12<0:30 - loss: 4.6454 
168/567 [=======>......................] - ETA: 0:12<0:30 - loss: 4.6446 
169/567 [=======>......................] - ETA: 0:12<0:29 - loss: 4.6454 
170/567 [=======>......................] - ETA: 0:12<0:29 - loss: 4.6446 
171/567 [========>.....................] - ETA: 0:12<0:29 - loss: 4.6443 
172/567 [========>.....................] - ETA: 0:12<0:29 - loss: 4.6462 
173/567 [========>.....................] - ETA: 0:13<0:29 - loss: 4.6460 
174/567 [========>.....................] - ETA: 0:13<0:29 - loss: 4.6443 
175/567 [========>.....................] - ETA: 0:13<0:29 - loss: 4.6453 
176/567 [========>.....................] - ETA: 0:13<0:29 - loss: 4.6476 
177/567 [========>.....................] - ETA: 0:13<0:29 - loss: 4.6498 
178/567 [========>.....................] - ETA: 0:13<0:29 - loss: 4.6508 
179/567 [========>.....................] - ETA: 0:13<0:29 - loss: 4.6541 
180/567 [========>.....................] - ETA: 0:13<0:29 - loss: 4.6552 
181/567 [========>.....................] - ETA: 0:13<0:29 - loss: 4.6574 
182/567 [========>.....................] - ETA: 0:13<0:28 - loss: 4.6585 
183/567 [========>.....................] - ETA: 0:13<0:28 - loss: 4.6591 
184/567 [========>.....................] - ETA: 0:13<0:28 - loss: 4.6578 
185/567 [========>.....................] - ETA: 0:13<0:28 - loss: 4.6634 
186/567 [========>.....................] - ETA: 0:13<0:28 - loss: 4.6637 
187/567 [========>.....................] - ETA: 0:14<0:28 - loss: 4.6627 
188/567 [========>.....................] - ETA: 0:14<0:28 - loss: 4.6632 
189/567 [=========>....................] - ETA: 0:14<0:28 - loss: 4.6641 
190/567 [=========>....................] - ETA: 0:14<0:28 - loss: 4.6624 
191/567 [=========>....................] - ETA: 0:14<0:28 - loss: 4.6603 
192/567 [=========>....................] - ETA: 0:14<0:28 - loss: 4.6621 
193/567 [=========>....................] - ETA: 0:14<0:28 - loss: 4.6621 
194/567 [=========>....................] - ETA: 0:14<0:28 - loss: 4.6638 
195/567 [=========>....................] - ETA: 0:14<0:27 - loss: 4.6656 
196/567 [=========>....................] - ETA: 0:14<0:27 - loss: 4.6666 
197/567 [=========>....................] - ETA: 0:14<0:27 - loss: 4.6653 
198/567 [=========>....................] - ETA: 0:14<0:27 - loss: 4.6622 
199/567 [=========>....................] - ETA: 0:14<0:27 - loss: 4.6657 
200/567 [=========>....................] - ETA: 0:15<0:27 - loss: 4.6659 
201/567 [=========>....................] - ETA: 0:15<0:27 - loss: 4.6680 
202/567 [=========>....................] - ETA: 0:15<0:27 - loss: 4.6689 
203/567 [=========>....................] - ETA: 0:15<0:27 - loss: 4.6678 
204/567 [=========>....................] - ETA: 0:15<0:27 - loss: 4.6682 
205/567 [=========>....................] - ETA: 0:15<0:27 - loss: 4.6653 
206/567 [=========>....................] - ETA: 0:15<0:27 - loss: 4.6642 
207/567 [=========>....................] - ETA: 0:15<0:27 - loss: 4.6633 
208/567 [==========>...................] - ETA: 0:15<0:27 - loss: 4.6640 
209/567 [==========>...................] - ETA: 0:15<0:26 - loss: 4.6630 
210/567 [==========>...................] - ETA: 0:15<0:26 - loss: 4.6623 
211/567 [==========>...................] - ETA: 0:15<0:26 - loss: 4.6636 
212/567 [==========>...................] - ETA: 0:15<0:26 - loss: 4.6664 
213/567 [==========>...................] - ETA: 0:16<0:26 - loss: 4.6649 
214/567 [==========>...................] - ETA: 0:16<0:26 - loss: 4.6633 
215/567 [==========>...................] - ETA: 0:16<0:26 - loss: 4.6624 
216/567 [==========>...................] - ETA: 0:16<0:26 - loss: 4.6638 
217/567 [==========>...................] - ETA: 0:16<0:26 - loss: 4.6644 
218/567 [==========>...................] - ETA: 0:16<0:26 - loss: 4.6661 
219/567 [==========>...................] - ETA: 0:16<0:26 - loss: 4.6659 
220/567 [==========>...................] - ETA: 0:16<0:26 - loss: 4.6679 
221/567 [==========>...................] - ETA: 0:16<0:26 - loss: 4.6689 
222/567 [==========>...................] - ETA: 0:16<0:25 - loss: 4.6699 
223/567 [==========>...................] - ETA: 0:16<0:25 - loss: 4.6688 
224/567 [==========>...................] - ETA: 0:16<0:25 - loss: 4.6686 
225/567 [==========>...................] - ETA: 0:16<0:25 - loss: 4.6697 
226/567 [==========>...................] - ETA: 0:17<0:25 - loss: 4.6702 
227/567 [===========>..................] - ETA: 0:17<0:25 - loss: 4.6703 
228/567 [===========>..................] - ETA: 0:17<0:25 - loss: 4.6703 
229/567 [===========>..................] - ETA: 0:17<0:25 - loss: 4.6694 
230/567 [===========>..................] - ETA: 0:17<0:25 - loss: 4.6706 
231/567 [===========>..................] - ETA: 0:17<0:25 - loss: 4.6729 
232/567 [===========>..................] - ETA: 0:17<0:25 - loss: 4.6719 
233/567 [===========>..................] - ETA: 0:17<0:25 - loss: 4.6731 
234/567 [===========>..................] - ETA: 0:17<0:25 - loss: 4.6736 
235/567 [===========>..................] - ETA: 0:17<0:24 - loss: 4.6733 
236/567 [===========>..................] - ETA: 0:17<0:24 - loss: 4.6750 
237/567 [===========>..................] - ETA: 0:17<0:24 - loss: 4.6776 
238/567 [===========>..................] - ETA: 0:17<0:24 - loss: 4.6767 
239/567 [===========>..................] - ETA: 0:17<0:24 - loss: 4.6774 
240/567 [===========>..................] - ETA: 0:18<0:24 - loss: 4.6756 
241/567 [===========>..................] - ETA: 0:18<0:24 - loss: 4.6786 
242/567 [===========>..................] - ETA: 0:18<0:24 - loss: 4.6780 
243/567 [===========>..................] - ETA: 0:18<0:24 - loss: 4.6806 
244/567 [===========>..................] - ETA: 0:18<0:24 - loss: 4.6781 
245/567 [===========>..................] - ETA: 0:18<0:24 - loss: 4.6780 
246/567 [============>.................] - ETA: 0:18<0:24 - loss: 4.6794 
247/567 [============>.................] - ETA: 0:18<0:24 - loss: 4.6798 
248/567 [============>.................] - ETA: 0:18<0:24 - loss: 4.6774 
249/567 [============>.................] - ETA: 0:18<0:23 - loss: 4.6801 
250/567 [============>.................] - ETA: 0:18<0:23 - loss: 4.6820 
251/567 [============>.................] - ETA: 0:18<0:23 - loss: 4.6820 
252/567 [============>.................] - ETA: 0:18<0:23 - loss: 4.6829 
253/567 [============>.................] - ETA: 0:19<0:23 - loss: 4.6790 
254/567 [============>.................] - ETA: 0:19<0:23 - loss: 4.6762 
255/567 [============>.................] - ETA: 0:19<0:23 - loss: 4.6778 
256/567 [============>.................] - ETA: 0:19<0:23 - loss: 4.6770 
257/567 [============>.................] - ETA: 0:19<0:23 - loss: 4.6773 
258/567 [============>.................] - ETA: 0:19<0:23 - loss: 4.6789 
259/567 [============>.................] - ETA: 0:19<0:23 - loss: 4.6765 
260/567 [============>.................] - ETA: 0:19<0:23 - loss: 4.6780 
261/567 [============>.................] - ETA: 0:19<0:23 - loss: 4.6739 
262/567 [============>.................] - ETA: 0:19<0:22 - loss: 4.6757 
263/567 [============>.................] - ETA: 0:19<0:22 - loss: 4.6748 
264/567 [============>.................] - ETA: 0:19<0:22 - loss: 4.6739 
265/567 [=============>................] - ETA: 0:19<0:22 - loss: 4.6738 
266/567 [=============>................] - ETA: 0:20<0:22 - loss: 4.6728 
267/567 [=============>................] - ETA: 0:20<0:22 - loss: 4.6724 
268/567 [=============>................] - ETA: 0:20<0:22 - loss: 4.6739 
269/567 [=============>................] - ETA: 0:20<0:22 - loss: 4.6750 
270/567 [=============>................] - ETA: 0:20<0:22 - loss: 4.6764 
271/567 [=============>................] - ETA: 0:20<0:22 - loss: 4.6766 
272/567 [=============>................] - ETA: 0:20<0:22 - loss: 4.6759 
273/567 [=============>................] - ETA: 0:20<0:22 - loss: 4.6727 
274/567 [=============>................] - ETA: 0:20<0:22 - loss: 4.6730 
275/567 [=============>................] - ETA: 0:20<0:21 - loss: 4.6719 
276/567 [=============>................] - ETA: 0:20<0:21 - loss: 4.6718 
277/567 [=============>................] - ETA: 0:20<0:21 - loss: 4.6715 
278/567 [=============>................] - ETA: 0:20<0:21 - loss: 4.6695 
279/567 [=============>................] - ETA: 0:21<0:21 - loss: 4.6696 
280/567 [=============>................] - ETA: 0:21<0:21 - loss: 4.6695 
281/567 [=============>................] - ETA: 0:21<0:21 - loss: 4.6677 
282/567 [=============>................] - ETA: 0:21<0:21 - loss: 4.6673 
283/567 [=============>................] - ETA: 0:21<0:21 - loss: 4.6658 
284/567 [==============>...............] - ETA: 0:21<0:21 - loss: 4.6663 
285/567 [==============>...............] - ETA: 0:21<0:21 - loss: 4.6628 
286/567 [==============>...............] - ETA: 0:21<0:21 - loss: 4.6623 
287/567 [==============>...............] - ETA: 0:21<0:21 - loss: 4.6646 
288/567 [==============>...............] - ETA: 0:21<0:21 - loss: 4.6670 
289/567 [==============>...............] - ETA: 0:21<0:20 - loss: 4.6658 
290/567 [==============>...............] - ETA: 0:21<0:20 - loss: 4.6650 
291/567 [==============>...............] - ETA: 0:21<0:20 - loss: 4.6655 
292/567 [==============>...............] - ETA: 0:21<0:20 - loss: 4.6679 
293/567 [==============>...............] - ETA: 0:22<0:20 - loss: 4.6668 
294/567 [==============>...............] - ETA: 0:22<0:20 - loss: 4.6675 
295/567 [==============>...............] - ETA: 0:22<0:20 - loss: 4.6666 
296/567 [==============>...............] - ETA: 0:22<0:20 - loss: 4.6665 
297/567 [==============>...............] - ETA: 0:22<0:20 - loss: 4.6663 
298/567 [==============>...............] - ETA: 0:22<0:20 - loss: 4.6702 
299/567 [==============>...............] - ETA: 0:22<0:20 - loss: 4.6702 
300/567 [==============>...............] - ETA: 0:22<0:20 - loss: 4.6691 
301/567 [==============>...............] - ETA: 0:22<0:20 - loss: 4.6689 
302/567 [==============>...............] - ETA: 0:22<0:19 - loss: 4.6683 
303/567 [===============>..............] - ETA: 0:22<0:19 - loss: 4.6709 
304/567 [===============>..............] - ETA: 0:22<0:19 - loss: 4.6691 
305/567 [===============>..............] - ETA: 0:22<0:19 - loss: 4.6716 
306/567 [===============>..............] - ETA: 0:23<0:19 - loss: 4.6706 
307/567 [===============>..............] - ETA: 0:23<0:19 - loss: 4.6693 
308/567 [===============>..............] - ETA: 0:23<0:19 - loss: 4.6684 
309/567 [===============>..............] - ETA: 0:23<0:19 - loss: 4.6692 
310/567 [===============>..............] - ETA: 0:23<0:19 - loss: 4.6688 
311/567 [===============>..............] - ETA: 0:23<0:19 - loss: 4.6666 
312/567 [===============>..............] - ETA: 0:23<0:19 - loss: 4.6677 
313/567 [===============>..............] - ETA: 0:23<0:19 - loss: 4.6693 
314/567 [===============>..............] - ETA: 0:23<0:19 - loss: 4.6692 
315/567 [===============>..............] - ETA: 0:23<0:18 - loss: 4.6692 
316/567 [===============>..............] - ETA: 0:23<0:18 - loss: 4.6658 
317/567 [===============>..............] - ETA: 0:23<0:18 - loss: 4.6686 
318/567 [===============>..............] - ETA: 0:23<0:18 - loss: 4.6670 
319/567 [===============>..............] - ETA: 0:24<0:18 - loss: 4.6670 
320/567 [===============>..............] - ETA: 0:24<0:18 - loss: 4.6681 
321/567 [===============>..............] - ETA: 0:24<0:18 - loss: 4.6657 
322/567 [================>.............] - ETA: 0:24<0:18 - loss: 4.6681 
323/567 [================>.............] - ETA: 0:24<0:18 - loss: 4.6684 
324/567 [================>.............] - ETA: 0:24<0:18 - loss: 4.6705 
325/567 [================>.............] - ETA: 0:24<0:18 - loss: 4.6680 
326/567 [================>.............] - ETA: 0:24<0:18 - loss: 4.6688 
327/567 [================>.............] - ETA: 0:24<0:18 - loss: 4.6669 
328/567 [================>.............] - ETA: 0:24<0:18 - loss: 4.6676 
329/567 [================>.............] - ETA: 0:24<0:17 - loss: 4.6695 
330/567 [================>.............] - ETA: 0:24<0:17 - loss: 4.6686 
331/567 [================>.............] - ETA: 0:24<0:17 - loss: 4.6695 
332/567 [================>.............] - ETA: 0:25<0:17 - loss: 4.6719 
333/567 [================>.............] - ETA: 0:25<0:17 - loss: 4.6711 
334/567 [================>.............] - ETA: 0:25<0:17 - loss: 4.6711 
335/567 [================>.............] - ETA: 0:25<0:17 - loss: 4.6715 
336/567 [================>.............] - ETA: 0:25<0:17 - loss: 4.6730 
337/567 [================>.............] - ETA: 0:25<0:17 - loss: 4.6711 
338/567 [================>.............] - ETA: 0:25<0:17 - loss: 4.6695 
339/567 [================>.............] - ETA: 0:25<0:17 - loss: 4.6691 
340/567 [================>.............] - ETA: 0:25<0:17 - loss: 4.6700 
341/567 [=================>............] - ETA: 0:25<0:17 - loss: 4.6693 
342/567 [=================>............] - ETA: 0:25<0:16 - loss: 4.6685 
343/567 [=================>............] - ETA: 0:25<0:16 - loss: 4.6679 
344/567 [=================>............] - ETA: 0:25<0:16 - loss: 4.6699 
345/567 [=================>............] - ETA: 0:26<0:16 - loss: 4.6695 
346/567 [=================>............] - ETA: 0:26<0:16 - loss: 4.6691 
347/567 [=================>............] - ETA: 0:26<0:16 - loss: 4.6686 
348/567 [=================>............] - ETA: 0:26<0:16 - loss: 4.6716 
349/567 [=================>............] - ETA: 0:26<0:16 - loss: 4.6686 
350/567 [=================>............] - ETA: 0:26<0:16 - loss: 4.6680 
351/567 [=================>............] - ETA: 0:26<0:16 - loss: 4.6692 
352/567 [=================>............] - ETA: 0:26<0:16 - loss: 4.6713 
353/567 [=================>............] - ETA: 0:26<0:16 - loss: 4.6749 
354/567 [=================>............] - ETA: 0:26<0:16 - loss: 4.6774 
355/567 [=================>............] - ETA: 0:26<0:15 - loss: 4.6767 
356/567 [=================>............] - ETA: 0:26<0:15 - loss: 4.6755 
357/567 [=================>............] - ETA: 0:26<0:15 - loss: 4.6757 
358/567 [=================>............] - ETA: 0:27<0:15 - loss: 4.6762 
359/567 [=================>............] - ETA: 0:27<0:15 - loss: 4.6778 
360/567 [==================>...........] - ETA: 0:27<0:15 - loss: 4.6772 
361/567 [==================>...........] - ETA: 0:27<0:15 - loss: 4.6768 
362/567 [==================>...........] - ETA: 0:27<0:15 - loss: 4.6747 
363/567 [==================>...........] - ETA: 0:27<0:15 - loss: 4.6746 
364/567 [==================>...........] - ETA: 0:27<0:15 - loss: 4.6748 
365/567 [==================>...........] - ETA: 0:27<0:15 - loss: 4.6752 
366/567 [==================>...........] - ETA: 0:27<0:15 - loss: 4.6772 
367/567 [==================>...........] - ETA: 0:27<0:15 - loss: 4.6779 
368/567 [==================>...........] - ETA: 0:27<0:15 - loss: 4.6753 
369/567 [==================>...........] - ETA: 0:27<0:14 - loss: 4.6740 
370/567 [==================>...........] - ETA: 0:27<0:14 - loss: 4.6720 
371/567 [==================>...........] - ETA: 0:27<0:14 - loss: 4.6738 
372/567 [==================>...........] - ETA: 0:28<0:14 - loss: 4.6756 
373/567 [==================>...........] - ETA: 0:28<0:14 - loss: 4.6774 
374/567 [==================>...........] - ETA: 0:28<0:14 - loss: 4.6766 
375/567 [==================>...........] - ETA: 0:28<0:14 - loss: 4.6795 
376/567 [==================>...........] - ETA: 0:28<0:14 - loss: 4.6757 
377/567 [==================>...........] - ETA: 0:28<0:14 - loss: 4.6750 
378/567 [===================>..........] - ETA: 0:28<0:14 - loss: 4.6770 
379/567 [===================>..........] - ETA: 0:28<0:14 - loss: 4.6771 
380/567 [===================>..........] - ETA: 0:28<0:14 - loss: 4.6769 
381/567 [===================>..........] - ETA: 0:28<0:14 - loss: 4.6767 
382/567 [===================>..........] - ETA: 0:28<0:13 - loss: 4.6773 
383/567 [===================>..........] - ETA: 0:28<0:13 - loss: 4.6778 
384/567 [===================>..........] - ETA: 0:28<0:13 - loss: 4.6754 
385/567 [===================>..........] - ETA: 0:29<0:13 - loss: 4.6753 
386/567 [===================>..........] - ETA: 0:29<0:13 - loss: 4.6740 
387/567 [===================>..........] - ETA: 0:29<0:13 - loss: 4.6723 
388/567 [===================>..........] - ETA: 0:29<0:13 - loss: 4.6700 
389/567 [===================>..........] - ETA: 0:29<0:13 - loss: 4.6710 
390/567 [===================>..........] - ETA: 0:29<0:13 - loss: 4.6710 
391/567 [===================>..........] - ETA: 0:29<0:13 - loss: 4.6705 
392/567 [===================>..........] - ETA: 0:29<0:13 - loss: 4.6686 
393/567 [===================>..........] - ETA: 0:29<0:13 - loss: 4.6698 
394/567 [===================>..........] - ETA: 0:29<0:13 - loss: 4.6679 
395/567 [===================>..........] - ETA: 0:29<0:12 - loss: 4.6691 
396/567 [===================>..........] - ETA: 0:29<0:12 - loss: 4.6712 
397/567 [====================>.........] - ETA: 0:29<0:12 - loss: 4.6711 
398/567 [====================>.........] - ETA: 0:30<0:12 - loss: 4.6682 
399/567 [====================>.........] - ETA: 0:30<0:12 - loss: 4.6646 
400/567 [====================>.........] - ETA: 0:30<0:12 - loss: 4.6656 
401/567 [====================>.........] - ETA: 0:30<0:12 - loss: 4.6647 
402/567 [====================>.........] - ETA: 0:30<0:12 - loss: 4.6689 
403/567 [====================>.........] - ETA: 0:30<0:12 - loss: 4.6674 
404/567 [====================>.........] - ETA: 0:30<0:12 - loss: 4.6667 
405/567 [====================>.........] - ETA: 0:30<0:12 - loss: 4.6661 
406/567 [====================>.........] - ETA: 0:30<0:12 - loss: 4.6680 
407/567 [====================>.........] - ETA: 0:30<0:12 - loss: 4.6693 
408/567 [====================>.........] - ETA: 0:30<0:12 - loss: 4.6710 
409/567 [====================>.........] - ETA: 0:30<0:11 - loss: 4.6709 
410/567 [====================>.........] - ETA: 0:30<0:11 - loss: 4.6720 
411/567 [====================>.........] - ETA: 0:31<0:11 - loss: 4.6732 
412/567 [====================>.........] - ETA: 0:31<0:11 - loss: 4.6725 
413/567 [====================>.........] - ETA: 0:31<0:11 - loss: 4.6726 
414/567 [====================>.........] - ETA: 0:31<0:11 - loss: 4.6748 
415/567 [====================>.........] - ETA: 0:31<0:11 - loss: 4.6755 
416/567 [=====================>........] - ETA: 0:31<0:11 - loss: 4.6782 
417/567 [=====================>........] - ETA: 0:31<0:11 - loss: 4.6761 
418/567 [=====================>........] - ETA: 0:31<0:11 - loss: 4.6763 
419/567 [=====================>........] - ETA: 0:31<0:11 - loss: 4.6782 
420/567 [=====================>........] - ETA: 0:31<0:11 - loss: 4.6772 
421/567 [=====================>........] - ETA: 0:31<0:11 - loss: 4.6785 
422/567 [=====================>........] - ETA: 0:31<0:10 - loss: 4.6757 
423/567 [=====================>........] - ETA: 0:31<0:10 - loss: 4.6770 
424/567 [=====================>........] - ETA: 0:32<0:10 - loss: 4.6749 
425/567 [=====================>........] - ETA: 0:32<0:10 - loss: 4.6769 
426/567 [=====================>........] - ETA: 0:32<0:10 - loss: 4.6769 
427/567 [=====================>........] - ETA: 0:32<0:10 - loss: 4.6776 
428/567 [=====================>........] - ETA: 0:32<0:10 - loss: 4.6748 
429/567 [=====================>........] - ETA: 0:32<0:10 - loss: 4.6713 
430/567 [=====================>........] - ETA: 0:32<0:10 - loss: 4.6730 
431/567 [=====================>........] - ETA: 0:32<0:10 - loss: 4.6709 
432/567 [=====================>........] - ETA: 0:32<0:10 - loss: 4.6706 
433/567 [=====================>........] - ETA: 0:32<0:10 - loss: 4.6722 
434/567 [=====================>........] - ETA: 0:32<0:10 - loss: 4.6723 
435/567 [======================>.......] - ETA: 0:32<0:09 - loss: 4.6723 
436/567 [======================>.......] - ETA: 0:32<0:09 - loss: 4.6725 
437/567 [======================>.......] - ETA: 0:32<0:09 - loss: 4.6708 
438/567 [======================>.......] - ETA: 0:33<0:09 - loss: 4.6729 
439/567 [======================>.......] - ETA: 0:33<0:09 - loss: 4.6747 
440/567 [======================>.......] - ETA: 0:33<0:09 - loss: 4.6737 
441/567 [======================>.......] - ETA: 0:33<0:09 - loss: 4.6726 
442/567 [======================>.......] - ETA: 0:33<0:09 - loss: 4.6739 
443/567 [======================>.......] - ETA: 0:33<0:09 - loss: 4.6750 
444/567 [======================>.......] - ETA: 0:33<0:09 - loss: 4.6760 
445/567 [======================>.......] - ETA: 0:33<0:09 - loss: 4.6763 
446/567 [======================>.......] - ETA: 0:33<0:09 - loss: 4.6743 
447/567 [======================>.......] - ETA: 0:33<0:09 - loss: 4.6741 
448/567 [======================>.......] - ETA: 0:33<0:08 - loss: 4.6723 
449/567 [======================>.......] - ETA: 0:33<0:08 - loss: 4.6721 
450/567 [======================>.......] - ETA: 0:33<0:08 - loss: 4.6708 
451/567 [======================>.......] - ETA: 0:34<0:08 - loss: 4.6686 
452/567 [======================>.......] - ETA: 0:34<0:08 - loss: 4.6641 
453/567 [======================>.......] - ETA: 0:34<0:08 - loss: 4.6645 
454/567 [=======================>......] - ETA: 0:34<0:08 - loss: 4.6663 
455/567 [=======================>......] - ETA: 0:34<0:08 - loss: 4.6635 
456/567 [=======================>......] - ETA: 0:34<0:08 - loss: 4.6635 
457/567 [=======================>......] - ETA: 0:34<0:08 - loss: 4.6634 
458/567 [=======================>......] - ETA: 0:34<0:08 - loss: 4.6597 
459/567 [=======================>......] - ETA: 0:34<0:08 - loss: 4.6601 
460/567 [=======================>......] - ETA: 0:34<0:08 - loss: 4.6594 
461/567 [=======================>......] - ETA: 0:34<0:08 - loss: 4.6617 
462/567 [=======================>......] - ETA: 0:34<0:07 - loss: 4.6625 
463/567 [=======================>......] - ETA: 0:34<0:07 - loss: 4.6643 
464/567 [=======================>......] - ETA: 0:35<0:07 - loss: 4.6640 
465/567 [=======================>......] - ETA: 0:35<0:07 - loss: 4.6620 
466/567 [=======================>......] - ETA: 0:35<0:07 - loss: 4.6592 
467/567 [=======================>......] - ETA: 0:35<0:07 - loss: 4.6582 
468/567 [=======================>......] - ETA: 0:35<0:07 - loss: 4.6581 
469/567 [=======================>......] - ETA: 0:35<0:07 - loss: 4.6579 
470/567 [=======================>......] - ETA: 0:35<0:07 - loss: 4.6595 
471/567 [=======================>......] - ETA: 0:35<0:07 - loss: 4.6559 
472/567 [=======================>......] - ETA: 0:35<0:07 - loss: 4.6540 
473/567 [========================>.....] - ETA: 0:35<0:07 - loss: 4.6533 
474/567 [========================>.....] - ETA: 0:35<0:07 - loss: 4.6552 
475/567 [========================>.....] - ETA: 0:35<0:06 - loss: 4.6541 
476/567 [========================>.....] - ETA: 0:35<0:06 - loss: 4.6576 
477/567 [========================>.....] - ETA: 0:35<0:06 - loss: 4.6559 
478/567 [========================>.....] - ETA: 0:36<0:06 - loss: 4.6548 
479/567 [========================>.....] - ETA: 0:36<0:06 - loss: 4.6542 
480/567 [========================>.....] - ETA: 0:36<0:06 - loss: 4.6536 
481/567 [========================>.....] - ETA: 0:36<0:06 - loss: 4.6509 
482/567 [========================>.....] - ETA: 0:36<0:06 - loss: 4.6481 
483/567 [========================>.....] - ETA: 0:36<0:06 - loss: 4.6480 
484/567 [========================>.....] - ETA: 0:36<0:06 - loss: 4.6515 
485/567 [========================>.....] - ETA: 0:36<0:06 - loss: 4.6535 
486/567 [========================>.....] - ETA: 0:36<0:06 - loss: 4.6548 
487/567 [========================>.....] - ETA: 0:36<0:06 - loss: 4.6564 
488/567 [========================>.....] - ETA: 0:36<0:05 - loss: 4.6558 
489/567 [========================>.....] - ETA: 0:36<0:05 - loss: 4.6567 
490/567 [========================>.....] - ETA: 0:36<0:05 - loss: 4.6569 
491/567 [========================>.....] - ETA: 0:37<0:05 - loss: 4.6557 
492/567 [=========================>....] - ETA: 0:37<0:05 - loss: 4.6565 
493/567 [=========================>....] - ETA: 0:37<0:05 - loss: 4.6567 
494/567 [=========================>....] - ETA: 0:37<0:05 - loss: 4.6554 
495/567 [=========================>....] - ETA: 0:37<0:05 - loss: 4.6525 
496/567 [=========================>....] - ETA: 0:37<0:05 - loss: 4.6493 
497/567 [=========================>....] - ETA: 0:37<0:05 - loss: 4.6493 
498/567 [=========================>....] - ETA: 0:37<0:05 - loss: 4.6506 
499/567 [=========================>....] - ETA: 0:37<0:05 - loss: 4.6517 
500/567 [=========================>....] - ETA: 0:37<0:05 - loss: 4.6540 
501/567 [=========================>....] - ETA: 0:37<0:04 - loss: 4.6569 
502/567 [=========================>....] - ETA: 0:37<0:04 - loss: 4.6528 
503/567 [=========================>....] - ETA: 0:37<0:04 - loss: 4.6535 
504/567 [=========================>....] - ETA: 0:38<0:04 - loss: 4.6519 
505/567 [=========================>....] - ETA: 0:38<0:04 - loss: 4.6522 
506/567 [=========================>....] - ETA: 0:38<0:04 - loss: 4.6530 
507/567 [=========================>....] - ETA: 0:38<0:04 - loss: 4.6533 
508/567 [=========================>....] - ETA: 0:38<0:04 - loss: 4.6529 
509/567 [=========================>....] - ETA: 0:38<0:04 - loss: 4.6528 
510/567 [=========================>....] - ETA: 0:38<0:04 - loss: 4.6536 
511/567 [==========================>...] - ETA: 0:38<0:04 - loss: 4.6535 
512/567 [==========================>...] - ETA: 0:38<0:04 - loss: 4.6525 
513/567 [==========================>...] - ETA: 0:38<0:04 - loss: 4.6507 
514/567 [==========================>...] - ETA: 0:38<0:03 - loss: 4.6495 
515/567 [==========================>...] - ETA: 0:38<0:03 - loss: 4.6458 
516/567 [==========================>...] - ETA: 0:38<0:03 - loss: 4.6419 
517/567 [==========================>...] - ETA: 0:38<0:03 - loss: 4.6445 
518/567 [==========================>...] - ETA: 0:39<0:03 - loss: 4.6434 
519/567 [==========================>...] - ETA: 0:39<0:03 - loss: 4.6414 
520/567 [==========================>...] - ETA: 0:39<0:03 - loss: 4.6399 
521/567 [==========================>...] - ETA: 0:39<0:03 - loss: 4.6395 
522/567 [==========================>...] - ETA: 0:39<0:03 - loss: 4.6404 
523/567 [==========================>...] - ETA: 0:39<0:03 - loss: 4.6374 
524/567 [==========================>...] - ETA: 0:39<0:03 - loss: 4.6376 
525/567 [==========================>...] - ETA: 0:39<0:03 - loss: 4.6369 
526/567 [==========================>...] - ETA: 0:39<0:03 - loss: 4.6380 
527/567 [==========================>...] - ETA: 0:39<0:03 - loss: 4.6387 
528/567 [==========================>...] - ETA: 0:39<0:02 - loss: 4.6415 
529/567 [==========================>...] - ETA: 0:39<0:02 - loss: 4.6434 
530/567 [===========================>..] - ETA: 0:39<0:02 - loss: 4.6396 
531/567 [===========================>..] - ETA: 0:40<0:02 - loss: 4.6393 
532/567 [===========================>..] - ETA: 0:40<0:02 - loss: 4.6397 
533/567 [===========================>..] - ETA: 0:40<0:02 - loss: 4.6407 
534/567 [===========================>..] - ETA: 0:40<0:02 - loss: 4.6398 
535/567 [===========================>..] - ETA: 0:40<0:02 - loss: 4.6414 
536/567 [===========================>..] - ETA: 0:40<0:02 - loss: 4.6402 
537/567 [===========================>..] - ETA: 0:40<0:02 - loss: 4.6422 
538/567 [===========================>..] - ETA: 0:40<0:02 - loss: 4.6415 
539/567 [===========================>..] - ETA: 0:40<0:02 - loss: 4.6393 
540/567 [===========================>..] - ETA: 0:40<0:02 - loss: 4.6393 
541/567 [===========================>..] - ETA: 0:40<0:01 - loss: 4.6408 
542/567 [===========================>..] - ETA: 0:40<0:01 - loss: 4.6386 
543/567 [===========================>..] - ETA: 0:40<0:01 - loss: 4.6375 
544/567 [===========================>..] - ETA: 0:41<0:01 - loss: 4.6375 
545/567 [===========================>..] - ETA: 0:41<0:01 - loss: 4.6363 
546/567 [===========================>..] - ETA: 0:41<0:01 - loss: 4.6396 
547/567 [===========================>..] - ETA: 0:41<0:01 - loss: 4.6377 
548/567 [===========================>..] - ETA: 0:41<0:01 - loss: 4.6376 
549/567 [============================>.] - ETA: 0:41<0:01 - loss: 4.6389 
550/567 [============================>.] - ETA: 0:41<0:01 - loss: 4.6413 
551/567 [============================>.] - ETA: 0:41<0:01 - loss: 4.6430 
552/567 [============================>.] - ETA: 0:41<0:01 - loss: 4.6468 
553/567 [============================>.] - ETA: 0:41<0:01 - loss: 4.6466 
554/567 [============================>.] - ETA: 0:41<0:00 - loss: 4.6449 
555/567 [============================>.] - ETA: 0:41<0:00 - loss: 4.6494 
556/567 [============================>.] - ETA: 0:41<0:00 - loss: 4.6504 
557/567 [============================>.] - ETA: 0:42<0:00 - loss: 4.6524 
558/567 [============================>.] - ETA: 0:42<0:00 - loss: 4.6555 
559/567 [============================>.] - ETA: 0:42<0:00 - loss: 4.6540 
560/567 [============================>.] - ETA: 0:42<0:00 - loss: 4.6517 
561/567 [============================>.] - ETA: 0:42<0:00 - loss: 4.6499 
562/567 [============================>.] - ETA: 0:42<0:00 - loss: 4.6487 
563/567 [============================>.] - ETA: 0:42<0:00 - loss: 4.6475 
564/567 [============================>.] - ETA: 0:42<0:00 - loss: 4.6479 
565/567 [============================>.] - ETA: 0:42<0:00 - loss: 4.6529 
566/567 [============================>.] - ETA: 0:42<0:00 - loss: 4.6560 
567/567 [==============================] - 0:42 75ms/step - loss: 4.6558 
2024-07-06 23:26:50 - Finish Epoch: 13/20 - loss: 4.6549
日晃百花色    花散千滩声
  0%|                                                                                                                                                    | 0/4 [00:00<?, ?it/s] 50%|██████████████████████████████████████████████████████████████████████                                                                      | 2/4 [00:00<00:00, 18.15it/s]100%|████████████████████████████████████████████████████████████████████████████████████████████████████████████████████████████████████████████| 4/4 [00:00<00:00, 18.16it/s]100%|████████████████████████████████████████████████████████████████████████████████████████████████████████████████████████████████████████████| 4/4 [00:00<00:00, 18.14it/s]
  0%|                                                                                                                                                    | 0/4 [00:00<?, ?it/s] 50%|██████████████████████████████████████████████████████████████████████                                                                      | 2/4 [00:00<00:00, 18.17it/s]100%|████████████████████████████████████████████████████████████████████████████████████████████████████████████████████████████████████████████| 4/4 [00:00<00:00, 18.15it/s]100%|████████████████████████████████████████████████████████████████████████████████████████████████████████████████████████████████████████████| 4/4 [00:00<00:00, 18.14it/s]
valid_data: {'rouge-1': 0.1999999962500001, 'rouge-2': 0.0, 'rouge-l': 0.1999999962500001, 'bleu': 0.042837825901745355, 'best_bleu': 0.05526973245727603}
test_data: {'rouge-1': 0.1999999962500001, 'rouge-2': 0.0, 'rouge-l': 0.1999999962500001, 'bleu': 0.042837825901745355}

2024-07-06 23:26:50 - Start  Epoch: 14/20

  1/567 [..............................] - ETA: 0:00<0:44 - loss: 4.6516 
  2/567 [..............................] - ETA: 0:00<0:43 - loss: 4.6510 
  3/567 [..............................] - ETA: 0:00<0:43 - loss: 4.6463 
  4/567 [..............................] - ETA: 0:00<0:42 - loss: 4.6456 
  5/567 [..............................] - ETA: 0:00<0:42 - loss: 4.6404 
  6/567 [..............................] - ETA: 0:00<0:42 - loss: 4.6382 
  7/567 [..............................] - ETA: 0:00<0:42 - loss: 4.6337 
  8/567 [..............................] - ETA: 0:00<0:42 - loss: 4.6291 
  9/567 [..............................] - ETA: 0:00<0:42 - loss: 4.6252 
 10/567 [..............................] - ETA: 0:00<0:42 - loss: 4.6232 
 11/567 [..............................] - ETA: 0:00<0:42 - loss: 4.6176 
 12/567 [..............................] - ETA: 0:00<0:42 - loss: 4.6122 
 13/567 [..............................] - ETA: 0:00<0:41 - loss: 4.6096 
 14/567 [..............................] - ETA: 0:01<0:41 - loss: 4.6079 
 15/567 [..............................] - ETA: 0:01<0:41 - loss: 4.6081 
 16/567 [..............................] - ETA: 0:01<0:41 - loss: 4.6044 
 17/567 [..............................] - ETA: 0:01<0:41 - loss: 4.6002 
 18/567 [..............................] - ETA: 0:01<0:41 - loss: 4.5950 
 19/567 [>.............................] - ETA: 0:01<0:41 - loss: 4.5899 
 20/567 [>.............................] - ETA: 0:01<0:41 - loss: 4.5858 
 21/567 [>.............................] - ETA: 0:01<0:41 - loss: 4.5821 
 22/567 [>.............................] - ETA: 0:01<0:40 - loss: 4.5776 
 23/567 [>.............................] - ETA: 0:01<0:40 - loss: 4.5739 
 24/567 [>.............................] - ETA: 0:01<0:40 - loss: 4.5725 
 25/567 [>.............................] - ETA: 0:01<0:40 - loss: 4.5674 
 26/567 [>.............................] - ETA: 0:01<0:40 - loss: 4.5660 
 27/567 [>.............................] - ETA: 0:02<0:40 - loss: 4.5647 
 28/567 [>.............................] - ETA: 0:02<0:40 - loss: 4.5618 
 29/567 [>.............................] - ETA: 0:02<0:40 - loss: 4.5590 
 30/567 [>.............................] - ETA: 0:02<0:40 - loss: 4.5564 
 31/567 [>.............................] - ETA: 0:02<0:40 - loss: 4.5537 
 32/567 [>.............................] - ETA: 0:02<0:40 - loss: 4.5502 
 33/567 [>.............................] - ETA: 0:02<0:40 - loss: 4.5470 
 34/567 [>.............................] - ETA: 0:02<0:39 - loss: 4.5415 
 35/567 [>.............................] - ETA: 0:02<0:39 - loss: 4.5367 
 36/567 [>.............................] - ETA: 0:02<0:39 - loss: 4.5318 
 37/567 [>.............................] - ETA: 0:02<0:39 - loss: 4.5309 
 38/567 [=>............................] - ETA: 0:02<0:39 - loss: 4.5252 
 39/567 [=>............................] - ETA: 0:02<0:39 - loss: 4.5226 
 40/567 [=>............................] - ETA: 0:02<0:39 - loss: 4.5172 
 41/567 [=>............................] - ETA: 0:03<0:39 - loss: 4.5138 
 42/567 [=>............................] - ETA: 0:03<0:39 - loss: 4.5105 
 43/567 [=>............................] - ETA: 0:03<0:39 - loss: 4.5050 
 44/567 [=>............................] - ETA: 0:03<0:39 - loss: 4.4995 
 45/567 [=>............................] - ETA: 0:03<0:39 - loss: 4.4939 
 46/567 [=>............................] - ETA: 0:03<0:39 - loss: 4.4923 
 47/567 [=>............................] - ETA: 0:03<0:39 - loss: 4.4890 
 48/567 [=>............................] - ETA: 0:03<0:39 - loss: 4.4861 
 49/567 [=>............................] - ETA: 0:03<0:38 - loss: 4.4841 
 50/567 [=>............................] - ETA: 0:03<0:38 - loss: 4.4801 
 51/567 [=>............................] - ETA: 0:03<0:38 - loss: 4.4756 
 52/567 [=>............................] - ETA: 0:03<0:38 - loss: 4.4730 
 53/567 [=>............................] - ETA: 0:03<0:38 - loss: 4.4697 
 54/567 [=>............................] - ETA: 0:04<0:38 - loss: 4.4650 
 55/567 [=>............................] - ETA: 0:04<0:38 - loss: 4.4618 
 56/567 [=>............................] - ETA: 0:04<0:38 - loss: 4.4580 
 57/567 [==>...........................] - ETA: 0:04<0:38 - loss: 4.4550 
 58/567 [==>...........................] - ETA: 0:04<0:38 - loss: 4.4520 
 59/567 [==>...........................] - ETA: 0:04<0:38 - loss: 4.4474 
 60/567 [==>...........................] - ETA: 0:04<0:38 - loss: 4.4435 
 61/567 [==>...........................] - ETA: 0:04<0:38 - loss: 4.4390 
 62/567 [==>...........................] - ETA: 0:04<0:38 - loss: 4.4350 
 63/567 [==>...........................] - ETA: 0:04<0:37 - loss: 4.4327 
 64/567 [==>...........................] - ETA: 0:04<0:37 - loss: 4.4308 
 65/567 [==>...........................] - ETA: 0:04<0:37 - loss: 4.4281 
 66/567 [==>...........................] - ETA: 0:04<0:37 - loss: 4.4225 
 67/567 [==>...........................] - ETA: 0:05<0:37 - loss: 4.4204 
 68/567 [==>...........................] - ETA: 0:05<0:37 - loss: 4.4166 
 69/567 [==>...........................] - ETA: 0:05<0:37 - loss: 4.4157 
 70/567 [==>...........................] - ETA: 0:05<0:37 - loss: 4.4114 
 71/567 [==>...........................] - ETA: 0:05<0:37 - loss: 4.4077 
 72/567 [==>...........................] - ETA: 0:05<0:37 - loss: 4.4044 
 73/567 [==>...........................] - ETA: 0:05<0:37 - loss: 4.4006 
 74/567 [==>...........................] - ETA: 0:05<0:37 - loss: 4.3963 
 75/567 [==>...........................] - ETA: 0:05<0:37 - loss: 4.3920 
 76/567 [===>..........................] - ETA: 0:05<0:36 - loss: 4.3866 
 77/567 [===>..........................] - ETA: 0:05<0:36 - loss: 4.3823 
 78/567 [===>..........................] - ETA: 0:05<0:36 - loss: 4.3782 
 79/567 [===>..........................] - ETA: 0:05<0:36 - loss: 4.3735 
 80/567 [===>..........................] - ETA: 0:06<0:36 - loss: 4.3726 
 81/567 [===>..........................] - ETA: 0:06<0:36 - loss: 4.3699 
 82/567 [===>..........................] - ETA: 0:06<0:36 - loss: 4.3646 
 83/567 [===>..........................] - ETA: 0:06<0:36 - loss: 4.3604 
 84/567 [===>..........................] - ETA: 0:06<0:36 - loss: 4.3568 
 85/567 [===>..........................] - ETA: 0:06<0:36 - loss: 4.3517 
 86/567 [===>..........................] - ETA: 0:06<0:36 - loss: 4.3488 
 87/567 [===>..........................] - ETA: 0:06<0:36 - loss: 4.3450 
 88/567 [===>..........................] - ETA: 0:06<0:36 - loss: 4.3391 
 89/567 [===>..........................] - ETA: 0:06<0:35 - loss: 4.3335 
 90/567 [===>..........................] - ETA: 0:06<0:35 - loss: 4.3305 
 91/567 [===>..........................] - ETA: 0:06<0:35 - loss: 4.3269 
 92/567 [===>..........................] - ETA: 0:06<0:35 - loss: 4.3232 
 93/567 [===>..........................] - ETA: 0:06<0:35 - loss: 4.3220 
 94/567 [===>..........................] - ETA: 0:07<0:35 - loss: 4.3194 
 95/567 [====>.........................] - ETA: 0:07<0:35 - loss: 4.3177 
 96/567 [====>.........................] - ETA: 0:07<0:35 - loss: 4.3155 
 97/567 [====>.........................] - ETA: 0:07<0:35 - loss: 4.3125 
 98/567 [====>.........................] - ETA: 0:07<0:35 - loss: 4.3054 
 99/567 [====>.........................] - ETA: 0:07<0:35 - loss: 4.3011 
100/567 [====>.........................] - ETA: 0:07<0:35 - loss: 4.2976 
101/567 [====>.........................] - ETA: 0:07<0:35 - loss: 4.3005 
102/567 [====>.........................] - ETA: 0:07<0:34 - loss: 4.2974 
103/567 [====>.........................] - ETA: 0:07<0:34 - loss: 4.2993 
104/567 [====>.........................] - ETA: 0:07<0:34 - loss: 4.2975 
105/567 [====>.........................] - ETA: 0:07<0:34 - loss: 4.3012 
106/567 [====>.........................] - ETA: 0:07<0:34 - loss: 4.3004 
107/567 [====>.........................] - ETA: 0:08<0:34 - loss: 4.2992 
108/567 [====>.........................] - ETA: 0:08<0:34 - loss: 4.3000 
109/567 [====>.........................] - ETA: 0:08<0:34 - loss: 4.3024 
110/567 [====>.........................] - ETA: 0:08<0:34 - loss: 4.3027 
111/567 [====>.........................] - ETA: 0:08<0:34 - loss: 4.3066 
112/567 [====>.........................] - ETA: 0:08<0:34 - loss: 4.3089 
113/567 [====>.........................] - ETA: 0:08<0:34 - loss: 4.3088 
114/567 [=====>........................] - ETA: 0:08<0:34 - loss: 4.3063 
115/567 [=====>........................] - ETA: 0:08<0:34 - loss: 4.3052 
116/567 [=====>........................] - ETA: 0:08<0:33 - loss: 4.3069 
117/567 [=====>........................] - ETA: 0:08<0:33 - loss: 4.3060 
118/567 [=====>........................] - ETA: 0:08<0:33 - loss: 4.3057 
119/567 [=====>........................] - ETA: 0:08<0:33 - loss: 4.3068 
120/567 [=====>........................] - ETA: 0:09<0:33 - loss: 4.3076 
121/567 [=====>........................] - ETA: 0:09<0:33 - loss: 4.3089 
122/567 [=====>........................] - ETA: 0:09<0:33 - loss: 4.3087 
123/567 [=====>........................] - ETA: 0:09<0:33 - loss: 4.3101 
124/567 [=====>........................] - ETA: 0:09<0:33 - loss: 4.3097 
125/567 [=====>........................] - ETA: 0:09<0:33 - loss: 4.3115 
126/567 [=====>........................] - ETA: 0:09<0:33 - loss: 4.3087 
127/567 [=====>........................] - ETA: 0:09<0:33 - loss: 4.3091 
128/567 [=====>........................] - ETA: 0:09<0:33 - loss: 4.3099 
129/567 [=====>........................] - ETA: 0:09<0:32 - loss: 4.3110 
130/567 [=====>........................] - ETA: 0:09<0:32 - loss: 4.3102 
131/567 [=====>........................] - ETA: 0:09<0:32 - loss: 4.3073 
132/567 [=====>........................] - ETA: 0:09<0:32 - loss: 4.3059 
133/567 [======>.......................] - ETA: 0:10<0:32 - loss: 4.3035 
134/567 [======>.......................] - ETA: 0:10<0:32 - loss: 4.3028 
135/567 [======>.......................] - ETA: 0:10<0:32 - loss: 4.3062 
136/567 [======>.......................] - ETA: 0:10<0:32 - loss: 4.3076 
137/567 [======>.......................] - ETA: 0:10<0:32 - loss: 4.3086 
138/567 [======>.......................] - ETA: 0:10<0:32 - loss: 4.3093 
139/567 [======>.......................] - ETA: 0:10<0:32 - loss: 4.3074 
140/567 [======>.......................] - ETA: 0:10<0:32 - loss: 4.3071 
141/567 [======>.......................] - ETA: 0:10<0:32 - loss: 4.3068 
142/567 [======>.......................] - ETA: 0:10<0:31 - loss: 4.3069 
143/567 [======>.......................] - ETA: 0:10<0:31 - loss: 4.3100 
144/567 [======>.......................] - ETA: 0:10<0:31 - loss: 4.3097 
145/567 [======>.......................] - ETA: 0:10<0:31 - loss: 4.3124 
146/567 [======>.......................] - ETA: 0:10<0:31 - loss: 4.3122 
147/567 [======>.......................] - ETA: 0:11<0:31 - loss: 4.3129 
148/567 [======>.......................] - ETA: 0:11<0:31 - loss: 4.3140 
149/567 [======>.......................] - ETA: 0:11<0:31 - loss: 4.3147 
150/567 [======>.......................] - ETA: 0:11<0:31 - loss: 4.3138 
151/567 [======>.......................] - ETA: 0:11<0:31 - loss: 4.3140 
152/567 [=======>......................] - ETA: 0:11<0:31 - loss: 4.3151 
153/567 [=======>......................] - ETA: 0:11<0:31 - loss: 4.3141 
154/567 [=======>......................] - ETA: 0:11<0:31 - loss: 4.3139 
155/567 [=======>......................] - ETA: 0:11<0:31 - loss: 4.3144 
156/567 [=======>......................] - ETA: 0:11<0:30 - loss: 4.3174 
157/567 [=======>......................] - ETA: 0:11<0:30 - loss: 4.3158 
158/567 [=======>......................] - ETA: 0:11<0:30 - loss: 4.3142 
159/567 [=======>......................] - ETA: 0:11<0:30 - loss: 4.3140 
160/567 [=======>......................] - ETA: 0:12<0:30 - loss: 4.3150 
161/567 [=======>......................] - ETA: 0:12<0:30 - loss: 4.3160 
162/567 [=======>......................] - ETA: 0:12<0:30 - loss: 4.3154 
163/567 [=======>......................] - ETA: 0:12<0:30 - loss: 4.3169 
164/567 [=======>......................] - ETA: 0:12<0:30 - loss: 4.3167 
165/567 [=======>......................] - ETA: 0:12<0:30 - loss: 4.3181 
166/567 [=======>......................] - ETA: 0:12<0:30 - loss: 4.3188 
167/567 [=======>......................] - ETA: 0:12<0:30 - loss: 4.3189 
168/567 [=======>......................] - ETA: 0:12<0:30 - loss: 4.3187 
169/567 [=======>......................] - ETA: 0:12<0:30 - loss: 4.3185 
170/567 [=======>......................] - ETA: 0:12<0:29 - loss: 4.3187 
171/567 [========>.....................] - ETA: 0:12<0:29 - loss: 4.3192 
172/567 [========>.....................] - ETA: 0:12<0:29 - loss: 4.3199 
173/567 [========>.....................] - ETA: 0:13<0:29 - loss: 4.3211 
174/567 [========>.....................] - ETA: 0:13<0:29 - loss: 4.3199 
175/567 [========>.....................] - ETA: 0:13<0:29 - loss: 4.3225 
176/567 [========>.....................] - ETA: 0:13<0:29 - loss: 4.3241 
177/567 [========>.....................] - ETA: 0:13<0:29 - loss: 4.3255 
178/567 [========>.....................] - ETA: 0:13<0:29 - loss: 4.3280 
179/567 [========>.....................] - ETA: 0:13<0:29 - loss: 4.3275 
180/567 [========>.....................] - ETA: 0:13<0:29 - loss: 4.3278 
181/567 [========>.....................] - ETA: 0:13<0:29 - loss: 4.3283 
182/567 [========>.....................] - ETA: 0:13<0:29 - loss: 4.3276 
183/567 [========>.....................] - ETA: 0:13<0:28 - loss: 4.3266 
184/567 [========>.....................] - ETA: 0:13<0:28 - loss: 4.3264 
185/567 [========>.....................] - ETA: 0:13<0:28 - loss: 4.3288 
186/567 [========>.....................] - ETA: 0:14<0:28 - loss: 4.3284 
187/567 [========>.....................] - ETA: 0:14<0:28 - loss: 4.3296 
188/567 [========>.....................] - ETA: 0:14<0:28 - loss: 4.3334 
189/567 [=========>....................] - ETA: 0:14<0:28 - loss: 4.3353 
190/567 [=========>....................] - ETA: 0:14<0:28 - loss: 4.3348 
191/567 [=========>....................] - ETA: 0:14<0:28 - loss: 4.3330 
192/567 [=========>....................] - ETA: 0:14<0:28 - loss: 4.3351 
193/567 [=========>....................] - ETA: 0:14<0:28 - loss: 4.3327 
194/567 [=========>....................] - ETA: 0:14<0:28 - loss: 4.3335 
195/567 [=========>....................] - ETA: 0:14<0:28 - loss: 4.3340 
196/567 [=========>....................] - ETA: 0:14<0:27 - loss: 4.3333 
197/567 [=========>....................] - ETA: 0:14<0:27 - loss: 4.3334 
198/567 [=========>....................] - ETA: 0:14<0:27 - loss: 4.3345 
199/567 [=========>....................] - ETA: 0:15<0:27 - loss: 4.3352 
200/567 [=========>....................] - ETA: 0:15<0:27 - loss: 4.3351 
201/567 [=========>....................] - ETA: 0:15<0:27 - loss: 4.3320 
202/567 [=========>....................] - ETA: 0:15<0:27 - loss: 4.3329 
203/567 [=========>....................] - ETA: 0:15<0:27 - loss: 4.3333 
204/567 [=========>....................] - ETA: 0:15<0:27 - loss: 4.3341 
205/567 [=========>....................] - ETA: 0:15<0:27 - loss: 4.3307 
206/567 [=========>....................] - ETA: 0:15<0:27 - loss: 4.3307 
207/567 [=========>....................] - ETA: 0:15<0:27 - loss: 4.3329 
208/567 [==========>...................] - ETA: 0:15<0:27 - loss: 4.3318 
209/567 [==========>...................] - ETA: 0:15<0:27 - loss: 4.3287 
210/567 [==========>...................] - ETA: 0:15<0:26 - loss: 4.3292 
211/567 [==========>...................] - ETA: 0:15<0:26 - loss: 4.3273 
212/567 [==========>...................] - ETA: 0:16<0:26 - loss: 4.3271 
213/567 [==========>...................] - ETA: 0:16<0:26 - loss: 4.3286 
214/567 [==========>...................] - ETA: 0:16<0:26 - loss: 4.3334 
215/567 [==========>...................] - ETA: 0:16<0:26 - loss: 4.3323 
216/567 [==========>...................] - ETA: 0:16<0:26 - loss: 4.3324 
217/567 [==========>...................] - ETA: 0:16<0:26 - loss: 4.3320 
218/567 [==========>...................] - ETA: 0:16<0:26 - loss: 4.3340 
219/567 [==========>...................] - ETA: 0:16<0:26 - loss: 4.3326 
220/567 [==========>...................] - ETA: 0:16<0:26 - loss: 4.3332 
221/567 [==========>...................] - ETA: 0:16<0:26 - loss: 4.3323 
222/567 [==========>...................] - ETA: 0:16<0:26 - loss: 4.3324 
223/567 [==========>...................] - ETA: 0:16<0:25 - loss: 4.3305 
224/567 [==========>...................] - ETA: 0:16<0:25 - loss: 4.3298 
225/567 [==========>...................] - ETA: 0:16<0:25 - loss: 4.3278 
226/567 [==========>...................] - ETA: 0:17<0:25 - loss: 4.3280 
227/567 [===========>..................] - ETA: 0:17<0:25 - loss: 4.3275 
228/567 [===========>..................] - ETA: 0:17<0:25 - loss: 4.3296 
229/567 [===========>..................] - ETA: 0:17<0:25 - loss: 4.3283 
230/567 [===========>..................] - ETA: 0:17<0:25 - loss: 4.3307 
231/567 [===========>..................] - ETA: 0:17<0:25 - loss: 4.3337 
232/567 [===========>..................] - ETA: 0:17<0:25 - loss: 4.3352 
233/567 [===========>..................] - ETA: 0:17<0:25 - loss: 4.3349 
234/567 [===========>..................] - ETA: 0:17<0:25 - loss: 4.3356 
235/567 [===========>..................] - ETA: 0:17<0:25 - loss: 4.3324 
236/567 [===========>..................] - ETA: 0:17<0:24 - loss: 4.3328 
237/567 [===========>..................] - ETA: 0:17<0:24 - loss: 4.3314 
238/567 [===========>..................] - ETA: 0:17<0:24 - loss: 4.3333 
239/567 [===========>..................] - ETA: 0:18<0:24 - loss: 4.3342 
240/567 [===========>..................] - ETA: 0:18<0:24 - loss: 4.3361 
241/567 [===========>..................] - ETA: 0:18<0:24 - loss: 4.3359 
242/567 [===========>..................] - ETA: 0:18<0:24 - loss: 4.3391 
243/567 [===========>..................] - ETA: 0:18<0:24 - loss: 4.3390 
244/567 [===========>..................] - ETA: 0:18<0:24 - loss: 4.3411 
245/567 [===========>..................] - ETA: 0:18<0:24 - loss: 4.3409 
246/567 [============>.................] - ETA: 0:18<0:24 - loss: 4.3393 
247/567 [============>.................] - ETA: 0:18<0:24 - loss: 4.3404 
248/567 [============>.................] - ETA: 0:18<0:24 - loss: 4.3417 
249/567 [============>.................] - ETA: 0:18<0:23 - loss: 4.3442 
250/567 [============>.................] - ETA: 0:18<0:23 - loss: 4.3441 
251/567 [============>.................] - ETA: 0:18<0:23 - loss: 4.3461 
252/567 [============>.................] - ETA: 0:19<0:23 - loss: 4.3441 
253/567 [============>.................] - ETA: 0:19<0:23 - loss: 4.3459 
254/567 [============>.................] - ETA: 0:19<0:23 - loss: 4.3461 
255/567 [============>.................] - ETA: 0:19<0:23 - loss: 4.3469 
256/567 [============>.................] - ETA: 0:19<0:23 - loss: 4.3459 
257/567 [============>.................] - ETA: 0:19<0:23 - loss: 4.3493 
258/567 [============>.................] - ETA: 0:19<0:23 - loss: 4.3518 
259/567 [============>.................] - ETA: 0:19<0:23 - loss: 4.3515 
260/567 [============>.................] - ETA: 0:19<0:23 - loss: 4.3535 
261/567 [============>.................] - ETA: 0:19<0:23 - loss: 4.3554 
262/567 [============>.................] - ETA: 0:19<0:23 - loss: 4.3585 
263/567 [============>.................] - ETA: 0:19<0:22 - loss: 4.3582 
264/567 [============>.................] - ETA: 0:19<0:22 - loss: 4.3572 
265/567 [=============>................] - ETA: 0:20<0:22 - loss: 4.3559 
266/567 [=============>................] - ETA: 0:20<0:22 - loss: 4.3567 
267/567 [=============>................] - ETA: 0:20<0:22 - loss: 4.3593 
268/567 [=============>................] - ETA: 0:20<0:22 - loss: 4.3584 
269/567 [=============>................] - ETA: 0:20<0:22 - loss: 4.3550 
270/567 [=============>................] - ETA: 0:20<0:22 - loss: 4.3558 
271/567 [=============>................] - ETA: 0:20<0:22 - loss: 4.3550 
272/567 [=============>................] - ETA: 0:20<0:22 - loss: 4.3569 
273/567 [=============>................] - ETA: 0:20<0:22 - loss: 4.3574 
274/567 [=============>................] - ETA: 0:20<0:22 - loss: 4.3577 
275/567 [=============>................] - ETA: 0:20<0:22 - loss: 4.3561 
276/567 [=============>................] - ETA: 0:20<0:21 - loss: 4.3562 
277/567 [=============>................] - ETA: 0:20<0:21 - loss: 4.3540 
278/567 [=============>................] - ETA: 0:20<0:21 - loss: 4.3537 
279/567 [=============>................] - ETA: 0:21<0:21 - loss: 4.3542 
280/567 [=============>................] - ETA: 0:21<0:21 - loss: 4.3533 
281/567 [=============>................] - ETA: 0:21<0:21 - loss: 4.3518 
282/567 [=============>................] - ETA: 0:21<0:21 - loss: 4.3529 
283/567 [=============>................] - ETA: 0:21<0:21 - loss: 4.3529 
284/567 [==============>...............] - ETA: 0:21<0:21 - loss: 4.3551 
285/567 [==============>...............] - ETA: 0:21<0:21 - loss: 4.3538 
286/567 [==============>...............] - ETA: 0:21<0:21 - loss: 4.3525 
287/567 [==============>...............] - ETA: 0:21<0:21 - loss: 4.3497 
288/567 [==============>...............] - ETA: 0:21<0:21 - loss: 4.3461 
289/567 [==============>...............] - ETA: 0:21<0:20 - loss: 4.3457 
290/567 [==============>...............] - ETA: 0:21<0:20 - loss: 4.3435 
291/567 [==============>...............] - ETA: 0:21<0:20 - loss: 4.3444 
292/567 [==============>...............] - ETA: 0:22<0:20 - loss: 4.3438 
293/567 [==============>...............] - ETA: 0:22<0:20 - loss: 4.3447 
294/567 [==============>...............] - ETA: 0:22<0:20 - loss: 4.3436 
295/567 [==============>...............] - ETA: 0:22<0:20 - loss: 4.3447 
296/567 [==============>...............] - ETA: 0:22<0:20 - loss: 4.3440 
297/567 [==============>...............] - ETA: 0:22<0:20 - loss: 4.3446 
298/567 [==============>...............] - ETA: 0:22<0:20 - loss: 4.3473 
299/567 [==============>...............] - ETA: 0:22<0:20 - loss: 4.3453 
300/567 [==============>...............] - ETA: 0:22<0:20 - loss: 4.3465 
301/567 [==============>...............] - ETA: 0:22<0:20 - loss: 4.3499 
302/567 [==============>...............] - ETA: 0:22<0:20 - loss: 4.3513 
303/567 [===============>..............] - ETA: 0:22<0:19 - loss: 4.3514 
304/567 [===============>..............] - ETA: 0:22<0:19 - loss: 4.3505 
305/567 [===============>..............] - ETA: 0:23<0:19 - loss: 4.3514 
306/567 [===============>..............] - ETA: 0:23<0:19 - loss: 4.3520 
307/567 [===============>..............] - ETA: 0:23<0:19 - loss: 4.3527 
308/567 [===============>..............] - ETA: 0:23<0:19 - loss: 4.3526 
309/567 [===============>..............] - ETA: 0:23<0:19 - loss: 4.3545 
310/567 [===============>..............] - ETA: 0:23<0:19 - loss: 4.3556 
311/567 [===============>..............] - ETA: 0:23<0:19 - loss: 4.3578 
312/567 [===============>..............] - ETA: 0:23<0:19 - loss: 4.3597 
313/567 [===============>..............] - ETA: 0:23<0:19 - loss: 4.3603 
314/567 [===============>..............] - ETA: 0:23<0:19 - loss: 4.3575 
315/567 [===============>..............] - ETA: 0:23<0:19 - loss: 4.3585 
316/567 [===============>..............] - ETA: 0:23<0:18 - loss: 4.3557 
317/567 [===============>..............] - ETA: 0:23<0:18 - loss: 4.3551 
318/567 [===============>..............] - ETA: 0:23<0:18 - loss: 4.3556 
319/567 [===============>..............] - ETA: 0:24<0:18 - loss: 4.3589 
320/567 [===============>..............] - ETA: 0:24<0:18 - loss: 4.3592 
321/567 [===============>..............] - ETA: 0:24<0:18 - loss: 4.3593 
322/567 [================>.............] - ETA: 0:24<0:18 - loss: 4.3588 
323/567 [================>.............] - ETA: 0:24<0:18 - loss: 4.3623 
324/567 [================>.............] - ETA: 0:24<0:18 - loss: 4.3646 
325/567 [================>.............] - ETA: 0:24<0:18 - loss: 4.3662 
326/567 [================>.............] - ETA: 0:24<0:18 - loss: 4.3688 
327/567 [================>.............] - ETA: 0:24<0:18 - loss: 4.3682 
328/567 [================>.............] - ETA: 0:24<0:18 - loss: 4.3692 
329/567 [================>.............] - ETA: 0:24<0:17 - loss: 4.3715 
330/567 [================>.............] - ETA: 0:24<0:17 - loss: 4.3701 
331/567 [================>.............] - ETA: 0:24<0:17 - loss: 4.3701 
332/567 [================>.............] - ETA: 0:25<0:17 - loss: 4.3717 
333/567 [================>.............] - ETA: 0:25<0:17 - loss: 4.3745 
334/567 [================>.............] - ETA: 0:25<0:17 - loss: 4.3764 
335/567 [================>.............] - ETA: 0:25<0:17 - loss: 4.3783 
336/567 [================>.............] - ETA: 0:25<0:17 - loss: 4.3788 
337/567 [================>.............] - ETA: 0:25<0:17 - loss: 4.3800 
338/567 [================>.............] - ETA: 0:25<0:17 - loss: 4.3779 
339/567 [================>.............] - ETA: 0:25<0:17 - loss: 4.3769 
340/567 [================>.............] - ETA: 0:25<0:17 - loss: 4.3768 
341/567 [=================>............] - ETA: 0:25<0:17 - loss: 4.3750 
342/567 [=================>............] - ETA: 0:25<0:16 - loss: 4.3709 
343/567 [=================>............] - ETA: 0:25<0:16 - loss: 4.3679 
344/567 [=================>............] - ETA: 0:25<0:16 - loss: 4.3676 
345/567 [=================>............] - ETA: 0:26<0:16 - loss: 4.3681 
346/567 [=================>............] - ETA: 0:26<0:16 - loss: 4.3664 
347/567 [=================>............] - ETA: 0:26<0:16 - loss: 4.3644 
348/567 [=================>............] - ETA: 0:26<0:16 - loss: 4.3634 
349/567 [=================>............] - ETA: 0:26<0:16 - loss: 4.3649 
350/567 [=================>............] - ETA: 0:26<0:16 - loss: 4.3653 
351/567 [=================>............] - ETA: 0:26<0:16 - loss: 4.3636 
352/567 [=================>............] - ETA: 0:26<0:16 - loss: 4.3641 
353/567 [=================>............] - ETA: 0:26<0:16 - loss: 4.3632 
354/567 [=================>............] - ETA: 0:26<0:16 - loss: 4.3621 
355/567 [=================>............] - ETA: 0:26<0:16 - loss: 4.3617 
356/567 [=================>............] - ETA: 0:26<0:15 - loss: 4.3633 
357/567 [=================>............] - ETA: 0:26<0:15 - loss: 4.3610 
358/567 [=================>............] - ETA: 0:27<0:15 - loss: 4.3608 
359/567 [=================>............] - ETA: 0:27<0:15 - loss: 4.3614 
360/567 [==================>...........] - ETA: 0:27<0:15 - loss: 4.3616 
361/567 [==================>...........] - ETA: 0:27<0:15 - loss: 4.3587 
362/567 [==================>...........] - ETA: 0:27<0:15 - loss: 4.3562 
363/567 [==================>...........] - ETA: 0:27<0:15 - loss: 4.3557 
364/567 [==================>...........] - ETA: 0:27<0:15 - loss: 4.3553 
365/567 [==================>...........] - ETA: 0:27<0:15 - loss: 4.3537 
366/567 [==================>...........] - ETA: 0:27<0:15 - loss: 4.3496 
367/567 [==================>...........] - ETA: 0:27<0:15 - loss: 4.3501 
368/567 [==================>...........] - ETA: 0:27<0:15 - loss: 4.3501 
369/567 [==================>...........] - ETA: 0:27<0:14 - loss: 4.3526 
370/567 [==================>...........] - ETA: 0:27<0:14 - loss: 4.3545 
371/567 [==================>...........] - ETA: 0:28<0:14 - loss: 4.3541 
372/567 [==================>...........] - ETA: 0:28<0:14 - loss: 4.3551 
373/567 [==================>...........] - ETA: 0:28<0:14 - loss: 4.3561 
374/567 [==================>...........] - ETA: 0:28<0:14 - loss: 4.3581 
375/567 [==================>...........] - ETA: 0:28<0:14 - loss: 4.3587 
376/567 [==================>...........] - ETA: 0:28<0:14 - loss: 4.3615 
377/567 [==================>...........] - ETA: 0:28<0:14 - loss: 4.3645 
378/567 [===================>..........] - ETA: 0:28<0:14 - loss: 4.3625 
379/567 [===================>..........] - ETA: 0:28<0:14 - loss: 4.3624 
380/567 [===================>..........] - ETA: 0:28<0:14 - loss: 4.3634 
381/567 [===================>..........] - ETA: 0:28<0:14 - loss: 4.3657 
382/567 [===================>..........] - ETA: 0:28<0:13 - loss: 4.3672 
383/567 [===================>..........] - ETA: 0:28<0:13 - loss: 4.3689 
384/567 [===================>..........] - ETA: 0:28<0:13 - loss: 4.3668 
385/567 [===================>..........] - ETA: 0:29<0:13 - loss: 4.3657 
386/567 [===================>..........] - ETA: 0:29<0:13 - loss: 4.3677 
387/567 [===================>..........] - ETA: 0:29<0:13 - loss: 4.3701 
388/567 [===================>..........] - ETA: 0:29<0:13 - loss: 4.3718 
389/567 [===================>..........] - ETA: 0:29<0:13 - loss: 4.3730 
390/567 [===================>..........] - ETA: 0:29<0:13 - loss: 4.3759 
391/567 [===================>..........] - ETA: 0:29<0:13 - loss: 4.3768 
392/567 [===================>..........] - ETA: 0:29<0:13 - loss: 4.3763 
393/567 [===================>..........] - ETA: 0:29<0:13 - loss: 4.3767 
394/567 [===================>..........] - ETA: 0:29<0:13 - loss: 4.3780 
395/567 [===================>..........] - ETA: 0:29<0:12 - loss: 4.3791 
396/567 [===================>..........] - ETA: 0:29<0:12 - loss: 4.3827 
397/567 [====================>.........] - ETA: 0:29<0:12 - loss: 4.3828 
398/567 [====================>.........] - ETA: 0:30<0:12 - loss: 4.3819 
399/567 [====================>.........] - ETA: 0:30<0:12 - loss: 4.3843 
400/567 [====================>.........] - ETA: 0:30<0:12 - loss: 4.3860 
401/567 [====================>.........] - ETA: 0:30<0:12 - loss: 4.3846 
402/567 [====================>.........] - ETA: 0:30<0:12 - loss: 4.3830 
403/567 [====================>.........] - ETA: 0:30<0:12 - loss: 4.3832 
404/567 [====================>.........] - ETA: 0:30<0:12 - loss: 4.3850 
405/567 [====================>.........] - ETA: 0:30<0:12 - loss: 4.3850 
406/567 [====================>.........] - ETA: 0:30<0:12 - loss: 4.3841 
407/567 [====================>.........] - ETA: 0:30<0:12 - loss: 4.3841 
408/567 [====================>.........] - ETA: 0:30<0:11 - loss: 4.3861 
409/567 [====================>.........] - ETA: 0:30<0:11 - loss: 4.3845 
410/567 [====================>.........] - ETA: 0:30<0:11 - loss: 4.3792 
411/567 [====================>.........] - ETA: 0:31<0:11 - loss: 4.3756 
412/567 [====================>.........] - ETA: 0:31<0:11 - loss: 4.3711 
413/567 [====================>.........] - ETA: 0:31<0:11 - loss: 4.3709 
414/567 [====================>.........] - ETA: 0:31<0:11 - loss: 4.3729 
415/567 [====================>.........] - ETA: 0:31<0:11 - loss: 4.3749 
416/567 [=====================>........] - ETA: 0:31<0:11 - loss: 4.3783 
417/567 [=====================>........] - ETA: 0:31<0:11 - loss: 4.3800 
418/567 [=====================>........] - ETA: 0:31<0:11 - loss: 4.3798 
419/567 [=====================>........] - ETA: 0:31<0:11 - loss: 4.3762 
420/567 [=====================>........] - ETA: 0:31<0:11 - loss: 4.3776 
421/567 [=====================>........] - ETA: 0:31<0:11 - loss: 4.3767 
422/567 [=====================>........] - ETA: 0:31<0:10 - loss: 4.3769 
423/567 [=====================>........] - ETA: 0:31<0:10 - loss: 4.3748 
424/567 [=====================>........] - ETA: 0:32<0:10 - loss: 4.3748 
425/567 [=====================>........] - ETA: 0:32<0:10 - loss: 4.3747 
426/567 [=====================>........] - ETA: 0:32<0:10 - loss: 4.3742 
427/567 [=====================>........] - ETA: 0:32<0:10 - loss: 4.3764 
428/567 [=====================>........] - ETA: 0:32<0:10 - loss: 4.3759 
429/567 [=====================>........] - ETA: 0:32<0:10 - loss: 4.3772 
430/567 [=====================>........] - ETA: 0:32<0:10 - loss: 4.3785 
431/567 [=====================>........] - ETA: 0:32<0:10 - loss: 4.3787 
432/567 [=====================>........] - ETA: 0:32<0:10 - loss: 4.3760 
433/567 [=====================>........] - ETA: 0:32<0:10 - loss: 4.3735 
434/567 [=====================>........] - ETA: 0:32<0:10 - loss: 4.3728 
435/567 [======================>.......] - ETA: 0:32<0:09 - loss: 4.3726 
436/567 [======================>.......] - ETA: 0:32<0:09 - loss: 4.3743 
437/567 [======================>.......] - ETA: 0:32<0:09 - loss: 4.3752 
438/567 [======================>.......] - ETA: 0:33<0:09 - loss: 4.3766 
439/567 [======================>.......] - ETA: 0:33<0:09 - loss: 4.3786 
440/567 [======================>.......] - ETA: 0:33<0:09 - loss: 4.3811 
441/567 [======================>.......] - ETA: 0:33<0:09 - loss: 4.3830 
442/567 [======================>.......] - ETA: 0:33<0:09 - loss: 4.3828 
443/567 [======================>.......] - ETA: 0:33<0:09 - loss: 4.3841 
444/567 [======================>.......] - ETA: 0:33<0:09 - loss: 4.3860 
445/567 [======================>.......] - ETA: 0:33<0:09 - loss: 4.3858 
446/567 [======================>.......] - ETA: 0:33<0:09 - loss: 4.3884 
447/567 [======================>.......] - ETA: 0:33<0:09 - loss: 4.3882 
448/567 [======================>.......] - ETA: 0:33<0:08 - loss: 4.3904 
449/567 [======================>.......] - ETA: 0:33<0:08 - loss: 4.3891 
450/567 [======================>.......] - ETA: 0:33<0:08 - loss: 4.3886 
451/567 [======================>.......] - ETA: 0:34<0:08 - loss: 4.3887 
452/567 [======================>.......] - ETA: 0:34<0:08 - loss: 4.3884 
453/567 [======================>.......] - ETA: 0:34<0:08 - loss: 4.3897 
454/567 [=======================>......] - ETA: 0:34<0:08 - loss: 4.3916 
455/567 [=======================>......] - ETA: 0:34<0:08 - loss: 4.3923 
456/567 [=======================>......] - ETA: 0:34<0:08 - loss: 4.3906 
457/567 [=======================>......] - ETA: 0:34<0:08 - loss: 4.3914 
458/567 [=======================>......] - ETA: 0:34<0:08 - loss: 4.3909 
459/567 [=======================>......] - ETA: 0:34<0:08 - loss: 4.3918 
460/567 [=======================>......] - ETA: 0:34<0:08 - loss: 4.3915 
461/567 [=======================>......] - ETA: 0:34<0:08 - loss: 4.3911 
462/567 [=======================>......] - ETA: 0:34<0:07 - loss: 4.3933 
463/567 [=======================>......] - ETA: 0:34<0:07 - loss: 4.3948 
464/567 [=======================>......] - ETA: 0:35<0:07 - loss: 4.3969 
465/567 [=======================>......] - ETA: 0:35<0:07 - loss: 4.3983 
466/567 [=======================>......] - ETA: 0:35<0:07 - loss: 4.4013 
467/567 [=======================>......] - ETA: 0:35<0:07 - loss: 4.4009 
468/567 [=======================>......] - ETA: 0:35<0:07 - loss: 4.4007 
469/567 [=======================>......] - ETA: 0:35<0:07 - loss: 4.3986 
470/567 [=======================>......] - ETA: 0:35<0:07 - loss: 4.3951 
471/567 [=======================>......] - ETA: 0:35<0:07 - loss: 4.3984 
472/567 [=======================>......] - ETA: 0:35<0:07 - loss: 4.3972 
473/567 [========================>.....] - ETA: 0:35<0:07 - loss: 4.3968 
474/567 [========================>.....] - ETA: 0:35<0:07 - loss: 4.3958 
475/567 [========================>.....] - ETA: 0:35<0:06 - loss: 4.3974 
476/567 [========================>.....] - ETA: 0:35<0:06 - loss: 4.3944 
477/567 [========================>.....] - ETA: 0:36<0:06 - loss: 4.3933 
478/567 [========================>.....] - ETA: 0:36<0:06 - loss: 4.3959 
479/567 [========================>.....] - ETA: 0:36<0:06 - loss: 4.3970 
480/567 [========================>.....] - ETA: 0:36<0:06 - loss: 4.3948 
481/567 [========================>.....] - ETA: 0:36<0:06 - loss: 4.3925 
482/567 [========================>.....] - ETA: 0:36<0:06 - loss: 4.3902 
483/567 [========================>.....] - ETA: 0:36<0:06 - loss: 4.3893 
484/567 [========================>.....] - ETA: 0:36<0:06 - loss: 4.3895 
485/567 [========================>.....] - ETA: 0:36<0:06 - loss: 4.3896 
486/567 [========================>.....] - ETA: 0:36<0:06 - loss: 4.3864 
487/567 [========================>.....] - ETA: 0:36<0:06 - loss: 4.3846 
488/567 [========================>.....] - ETA: 0:36<0:05 - loss: 4.3850 
489/567 [========================>.....] - ETA: 0:36<0:05 - loss: 4.3855 
490/567 [========================>.....] - ETA: 0:37<0:05 - loss: 4.3840 
491/567 [========================>.....] - ETA: 0:37<0:05 - loss: 4.3847 
492/567 [=========================>....] - ETA: 0:37<0:05 - loss: 4.3864 
493/567 [=========================>....] - ETA: 0:37<0:05 - loss: 4.3864 
494/567 [=========================>....] - ETA: 0:37<0:05 - loss: 4.3865 
495/567 [=========================>....] - ETA: 0:37<0:05 - loss: 4.3832 
496/567 [=========================>....] - ETA: 0:37<0:05 - loss: 4.3797 
497/567 [=========================>....] - ETA: 0:37<0:05 - loss: 4.3788 
498/567 [=========================>....] - ETA: 0:37<0:05 - loss: 4.3755 
499/567 [=========================>....] - ETA: 0:37<0:05 - loss: 4.3749 
500/567 [=========================>....] - ETA: 0:37<0:05 - loss: 4.3747 
501/567 [=========================>....] - ETA: 0:37<0:04 - loss: 4.3767 
502/567 [=========================>....] - ETA: 0:37<0:04 - loss: 4.3772 
503/567 [=========================>....] - ETA: 0:37<0:04 - loss: 4.3768 
504/567 [=========================>....] - ETA: 0:38<0:04 - loss: 4.3775 
505/567 [=========================>....] - ETA: 0:38<0:04 - loss: 4.3804 
506/567 [=========================>....] - ETA: 0:38<0:04 - loss: 4.3817 
507/567 [=========================>....] - ETA: 0:38<0:04 - loss: 4.3792 
508/567 [=========================>....] - ETA: 0:38<0:04 - loss: 4.3784 
509/567 [=========================>....] - ETA: 0:38<0:04 - loss: 4.3797 
510/567 [=========================>....] - ETA: 0:38<0:04 - loss: 4.3851 
511/567 [==========================>...] - ETA: 0:38<0:04 - loss: 4.3868 
512/567 [==========================>...] - ETA: 0:38<0:04 - loss: 4.3898 
513/567 [==========================>...] - ETA: 0:38<0:04 - loss: 4.3896 
514/567 [==========================>...] - ETA: 0:38<0:04 - loss: 4.3868 
515/567 [==========================>...] - ETA: 0:38<0:03 - loss: 4.3852 
516/567 [==========================>...] - ETA: 0:38<0:03 - loss: 4.3836 
517/567 [==========================>...] - ETA: 0:39<0:03 - loss: 4.3865 
518/567 [==========================>...] - ETA: 0:39<0:03 - loss: 4.3865 
519/567 [==========================>...] - ETA: 0:39<0:03 - loss: 4.3893 
520/567 [==========================>...] - ETA: 0:39<0:03 - loss: 4.3876 
521/567 [==========================>...] - ETA: 0:39<0:03 - loss: 4.3898 
522/567 [==========================>...] - ETA: 0:39<0:03 - loss: 4.3903 
523/567 [==========================>...] - ETA: 0:39<0:03 - loss: 4.3904 
524/567 [==========================>...] - ETA: 0:39<0:03 - loss: 4.3889 
525/567 [==========================>...] - ETA: 0:39<0:03 - loss: 4.3885 
526/567 [==========================>...] - ETA: 0:39<0:03 - loss: 4.3870 
527/567 [==========================>...] - ETA: 0:39<0:03 - loss: 4.3863 
528/567 [==========================>...] - ETA: 0:39<0:02 - loss: 4.3844 
529/567 [==========================>...] - ETA: 0:39<0:02 - loss: 4.3826 
530/567 [===========================>..] - ETA: 0:40<0:02 - loss: 4.3806 
531/567 [===========================>..] - ETA: 0:40<0:02 - loss: 4.3818 
532/567 [===========================>..] - ETA: 0:40<0:02 - loss: 4.3839 
533/567 [===========================>..] - ETA: 0:40<0:02 - loss: 4.3840 
534/567 [===========================>..] - ETA: 0:40<0:02 - loss: 4.3813 
535/567 [===========================>..] - ETA: 0:40<0:02 - loss: 4.3810 
536/567 [===========================>..] - ETA: 0:40<0:02 - loss: 4.3798 
537/567 [===========================>..] - ETA: 0:40<0:02 - loss: 4.3773 
538/567 [===========================>..] - ETA: 0:40<0:02 - loss: 4.3789 
539/567 [===========================>..] - ETA: 0:40<0:02 - loss: 4.3773 
540/567 [===========================>..] - ETA: 0:40<0:02 - loss: 4.3757 
541/567 [===========================>..] - ETA: 0:40<0:01 - loss: 4.3757 
542/567 [===========================>..] - ETA: 0:40<0:01 - loss: 4.3766 
543/567 [===========================>..] - ETA: 0:40<0:01 - loss: 4.3795 
544/567 [===========================>..] - ETA: 0:41<0:01 - loss: 4.3793 
545/567 [===========================>..] - ETA: 0:41<0:01 - loss: 4.3765 
546/567 [===========================>..] - ETA: 0:41<0:01 - loss: 4.3771 
547/567 [===========================>..] - ETA: 0:41<0:01 - loss: 4.3811 
548/567 [===========================>..] - ETA: 0:41<0:01 - loss: 4.3792 
549/567 [============================>.] - ETA: 0:41<0:01 - loss: 4.3778 
550/567 [============================>.] - ETA: 0:41<0:01 - loss: 4.3785 
551/567 [============================>.] - ETA: 0:41<0:01 - loss: 4.3780 
552/567 [============================>.] - ETA: 0:41<0:01 - loss: 4.3785 
553/567 [============================>.] - ETA: 0:41<0:01 - loss: 4.3767 
554/567 [============================>.] - ETA: 0:41<0:00 - loss: 4.3768 
555/567 [============================>.] - ETA: 0:41<0:00 - loss: 4.3788 
556/567 [============================>.] - ETA: 0:41<0:00 - loss: 4.3795 
557/567 [============================>.] - ETA: 0:42<0:00 - loss: 4.3815 
558/567 [============================>.] - ETA: 0:42<0:00 - loss: 4.3783 
559/567 [============================>.] - ETA: 0:42<0:00 - loss: 4.3767 
560/567 [============================>.] - ETA: 0:42<0:00 - loss: 4.3778 
561/567 [============================>.] - ETA: 0:42<0:00 - loss: 4.3790 
562/567 [============================>.] - ETA: 0:42<0:00 - loss: 4.3804 
563/567 [============================>.] - ETA: 0:42<0:00 - loss: 4.3786 
564/567 [============================>.] - ETA: 0:42<0:00 - loss: 4.3779 
565/567 [============================>.] - ETA: 0:42<0:00 - loss: 4.3764 
566/567 [============================>.] - ETA: 0:42<0:00 - loss: 4.3761 
567/567 [==============================] - 0:42 75ms/step - loss: 4.3741 
2024-07-06 23:27:33 - Finish Epoch: 14/20 - loss: 4.3521
日晃百花色    风动五陵寒
  0%|                                                                                                                                                    | 0/4 [00:00<?, ?it/s] 50%|██████████████████████████████████████████████████████████████████████                                                                      | 2/4 [00:00<00:00, 18.10it/s]100%|████████████████████████████████████████████████████████████████████████████████████████████████████████████████████████████████████████████| 4/4 [00:00<00:00, 18.14it/s]100%|████████████████████████████████████████████████████████████████████████████████████████████████████████████████████████████████████████████| 4/4 [00:00<00:00, 18.11it/s]
  0%|                                                                                                                                                    | 0/4 [00:00<?, ?it/s] 50%|██████████████████████████████████████████████████████████████████████                                                                      | 2/4 [00:00<00:00, 18.12it/s]100%|████████████████████████████████████████████████████████████████████████████████████████████████████████████████████████████████████████████| 4/4 [00:00<00:00, 18.10it/s]100%|████████████████████████████████████████████████████████████████████████████████████████████████████████████████████████████████████████████| 4/4 [00:00<00:00, 18.09it/s]
valid_data: {'rouge-1': 0.2999999962500001, 'rouge-2': 0.06249999875000002, 'rouge-l': 0.2999999962500001, 'bleu': 0.060841537496024466, 'best_bleu': 0.060841537496024466}
test_data: {'rouge-1': 0.2999999962500001, 'rouge-2': 0.06249999875000002, 'rouge-l': 0.2999999962500001, 'bleu': 0.060841537496024466}

2024-07-06 23:27:34 - Start  Epoch: 15/20

  1/567 [..............................] - ETA: 0:00<0:44 - loss: 4.3680 
  2/567 [..............................] - ETA: 0:00<0:43 - loss: 4.3652 
  3/567 [..............................] - ETA: 0:00<0:43 - loss: 4.3621 
  4/567 [..............................] - ETA: 0:00<0:43 - loss: 4.3564 
  5/567 [..............................] - ETA: 0:00<0:42 - loss: 4.3526 
  6/567 [..............................] - ETA: 0:00<0:42 - loss: 4.3476 
  7/567 [..............................] - ETA: 0:00<0:42 - loss: 4.3446 
  8/567 [..............................] - ETA: 0:00<0:42 - loss: 4.3385 
  9/567 [..............................] - ETA: 0:00<0:42 - loss: 4.3354 
 10/567 [..............................] - ETA: 0:00<0:41 - loss: 4.3340 
 11/567 [..............................] - ETA: 0:00<0:41 - loss: 4.3300 
 12/567 [..............................] - ETA: 0:00<0:41 - loss: 4.3225 
 13/567 [..............................] - ETA: 0:00<0:41 - loss: 4.3206 
 14/567 [..............................] - ETA: 0:01<0:41 - loss: 4.3172 
 15/567 [..............................] - ETA: 0:01<0:41 - loss: 4.3154 
 16/567 [..............................] - ETA: 0:01<0:41 - loss: 4.3106 
 17/567 [..............................] - ETA: 0:01<0:41 - loss: 4.3076 
 18/567 [..............................] - ETA: 0:01<0:41 - loss: 4.3024 
 19/567 [>.............................] - ETA: 0:01<0:41 - loss: 4.2987 
 20/567 [>.............................] - ETA: 0:01<0:41 - loss: 4.2971 
 21/567 [>.............................] - ETA: 0:01<0:40 - loss: 4.2923 
 22/567 [>.............................] - ETA: 0:01<0:41 - loss: 4.2853 
 23/567 [>.............................] - ETA: 0:01<0:40 - loss: 4.2809 
 24/567 [>.............................] - ETA: 0:01<0:40 - loss: 4.2773 
 25/567 [>.............................] - ETA: 0:01<0:40 - loss: 4.2718 
 26/567 [>.............................] - ETA: 0:01<0:40 - loss: 4.2709 
 27/567 [>.............................] - ETA: 0:02<0:40 - loss: 4.2635 
 28/567 [>.............................] - ETA: 0:02<0:40 - loss: 4.2594 
 29/567 [>.............................] - ETA: 0:02<0:40 - loss: 4.2546 
 30/567 [>.............................] - ETA: 0:02<0:40 - loss: 4.2521 
 31/567 [>.............................] - ETA: 0:02<0:40 - loss: 4.2506 
 32/567 [>.............................] - ETA: 0:02<0:40 - loss: 4.2462 
 33/567 [>.............................] - ETA: 0:02<0:40 - loss: 4.2416 
 34/567 [>.............................] - ETA: 0:02<0:40 - loss: 4.2374 
 35/567 [>.............................] - ETA: 0:02<0:40 - loss: 4.2313 
 36/567 [>.............................] - ETA: 0:02<0:39 - loss: 4.2259 
 37/567 [>.............................] - ETA: 0:02<0:39 - loss: 4.2211 
 38/567 [=>............................] - ETA: 0:02<0:39 - loss: 4.2152 
 39/567 [=>............................] - ETA: 0:02<0:39 - loss: 4.2086 
 40/567 [=>............................] - ETA: 0:03<0:39 - loss: 4.2068 
 41/567 [=>............................] - ETA: 0:03<0:39 - loss: 4.2021 
 42/567 [=>............................] - ETA: 0:03<0:39 - loss: 4.1980 
 43/567 [=>............................] - ETA: 0:03<0:39 - loss: 4.1899 
 44/567 [=>............................] - ETA: 0:03<0:39 - loss: 4.1861 
 45/567 [=>............................] - ETA: 0:03<0:39 - loss: 4.1816 
 46/567 [=>............................] - ETA: 0:03<0:39 - loss: 4.1767 
 47/567 [=>............................] - ETA: 0:03<0:39 - loss: 4.1762 
 48/567 [=>............................] - ETA: 0:03<0:38 - loss: 4.1719 
 49/567 [=>............................] - ETA: 0:03<0:38 - loss: 4.1673 
 50/567 [=>............................] - ETA: 0:03<0:38 - loss: 4.1611 
 51/567 [=>............................] - ETA: 0:03<0:38 - loss: 4.1529 
 52/567 [=>............................] - ETA: 0:03<0:38 - loss: 4.1456 
 53/567 [=>............................] - ETA: 0:03<0:38 - loss: 4.1439 
 54/567 [=>............................] - ETA: 0:04<0:38 - loss: 4.1366 
 55/567 [=>............................] - ETA: 0:04<0:38 - loss: 4.1314 
 56/567 [=>............................] - ETA: 0:04<0:38 - loss: 4.1276 
 57/567 [==>...........................] - ETA: 0:04<0:38 - loss: 4.1242 
 58/567 [==>...........................] - ETA: 0:04<0:38 - loss: 4.1207 
 59/567 [==>...........................] - ETA: 0:04<0:38 - loss: 4.1173 
 60/567 [==>...........................] - ETA: 0:04<0:38 - loss: 4.1147 
 61/567 [==>...........................] - ETA: 0:04<0:37 - loss: 4.1118 
 62/567 [==>...........................] - ETA: 0:04<0:37 - loss: 4.1057 
 63/567 [==>...........................] - ETA: 0:04<0:37 - loss: 4.1038 
 64/567 [==>...........................] - ETA: 0:04<0:37 - loss: 4.0965 
 65/567 [==>...........................] - ETA: 0:04<0:37 - loss: 4.0934 
 66/567 [==>...........................] - ETA: 0:04<0:37 - loss: 4.0883 
 67/567 [==>...........................] - ETA: 0:05<0:37 - loss: 4.0896 
 68/567 [==>...........................] - ETA: 0:05<0:37 - loss: 4.0875 
 69/567 [==>...........................] - ETA: 0:05<0:37 - loss: 4.0828 
 70/567 [==>...........................] - ETA: 0:05<0:37 - loss: 4.0798 
 71/567 [==>...........................] - ETA: 0:05<0:37 - loss: 4.0742 
 72/567 [==>...........................] - ETA: 0:05<0:37 - loss: 4.0733 
 73/567 [==>...........................] - ETA: 0:05<0:37 - loss: 4.0693 
 74/567 [==>...........................] - ETA: 0:05<0:36 - loss: 4.0642 
 75/567 [==>...........................] - ETA: 0:05<0:36 - loss: 4.0615 
 76/567 [===>..........................] - ETA: 0:05<0:36 - loss: 4.0536 
 77/567 [===>..........................] - ETA: 0:05<0:36 - loss: 4.0472 
 78/567 [===>..........................] - ETA: 0:05<0:36 - loss: 4.0455 
 79/567 [===>..........................] - ETA: 0:05<0:36 - loss: 4.0392 
 80/567 [===>..........................] - ETA: 0:06<0:36 - loss: 4.0327 
 81/567 [===>..........................] - ETA: 0:06<0:36 - loss: 4.0302 
 82/567 [===>..........................] - ETA: 0:06<0:36 - loss: 4.0278 
 83/567 [===>..........................] - ETA: 0:06<0:36 - loss: 4.0241 
 84/567 [===>..........................] - ETA: 0:06<0:36 - loss: 4.0225 
 85/567 [===>..........................] - ETA: 0:06<0:36 - loss: 4.0186 
 86/567 [===>..........................] - ETA: 0:06<0:36 - loss: 4.0166 
 87/567 [===>..........................] - ETA: 0:06<0:36 - loss: 4.0108 
 88/567 [===>..........................] - ETA: 0:06<0:35 - loss: 4.0054 
 89/567 [===>..........................] - ETA: 0:06<0:35 - loss: 4.0015 
 90/567 [===>..........................] - ETA: 0:06<0:35 - loss: 3.9964 
 91/567 [===>..........................] - ETA: 0:06<0:35 - loss: 3.9963 
 92/567 [===>..........................] - ETA: 0:06<0:35 - loss: 3.9926 
 93/567 [===>..........................] - ETA: 0:06<0:35 - loss: 3.9861 
 94/567 [===>..........................] - ETA: 0:07<0:35 - loss: 3.9823 
 95/567 [====>.........................] - ETA: 0:07<0:35 - loss: 3.9783 
 96/567 [====>.........................] - ETA: 0:07<0:35 - loss: 3.9746 
 97/567 [====>.........................] - ETA: 0:07<0:35 - loss: 3.9715 
 98/567 [====>.........................] - ETA: 0:07<0:35 - loss: 3.9671 
 99/567 [====>.........................] - ETA: 0:07<0:35 - loss: 3.9633 
100/567 [====>.........................] - ETA: 0:07<0:35 - loss: 3.9602 
101/567 [====>.........................] - ETA: 0:07<0:35 - loss: 3.9626 
102/567 [====>.........................] - ETA: 0:07<0:34 - loss: 3.9629 
103/567 [====>.........................] - ETA: 0:07<0:34 - loss: 3.9616 
104/567 [====>.........................] - ETA: 0:07<0:34 - loss: 3.9584 
105/567 [====>.........................] - ETA: 0:07<0:34 - loss: 3.9534 
106/567 [====>.........................] - ETA: 0:07<0:34 - loss: 3.9525 
107/567 [====>.........................] - ETA: 0:08<0:34 - loss: 3.9536 
108/567 [====>.........................] - ETA: 0:08<0:34 - loss: 3.9551 
109/567 [====>.........................] - ETA: 0:08<0:34 - loss: 3.9539 
110/567 [====>.........................] - ETA: 0:08<0:34 - loss: 3.9511 
111/567 [====>.........................] - ETA: 0:08<0:34 - loss: 3.9492 
112/567 [====>.........................] - ETA: 0:08<0:34 - loss: 3.9506 
113/567 [====>.........................] - ETA: 0:08<0:34 - loss: 3.9521 
114/567 [=====>........................] - ETA: 0:08<0:34 - loss: 3.9513 
115/567 [=====>........................] - ETA: 0:08<0:33 - loss: 3.9520 
116/567 [=====>........................] - ETA: 0:08<0:33 - loss: 3.9549 
117/567 [=====>........................] - ETA: 0:08<0:33 - loss: 3.9558 
118/567 [=====>........................] - ETA: 0:08<0:33 - loss: 3.9589 
119/567 [=====>........................] - ETA: 0:08<0:33 - loss: 3.9597 
120/567 [=====>........................] - ETA: 0:09<0:33 - loss: 3.9572 
121/567 [=====>........................] - ETA: 0:09<0:33 - loss: 3.9582 
122/567 [=====>........................] - ETA: 0:09<0:33 - loss: 3.9590 
123/567 [=====>........................] - ETA: 0:09<0:33 - loss: 3.9581 
124/567 [=====>........................] - ETA: 0:09<0:33 - loss: 3.9569 
125/567 [=====>........................] - ETA: 0:09<0:33 - loss: 3.9571 
126/567 [=====>........................] - ETA: 0:09<0:33 - loss: 3.9535 
127/567 [=====>........................] - ETA: 0:09<0:33 - loss: 3.9566 
128/567 [=====>........................] - ETA: 0:09<0:32 - loss: 3.9596 
129/567 [=====>........................] - ETA: 0:09<0:32 - loss: 3.9619 
130/567 [=====>........................] - ETA: 0:09<0:32 - loss: 3.9617 
131/567 [=====>........................] - ETA: 0:09<0:32 - loss: 3.9610 
132/567 [=====>........................] - ETA: 0:09<0:32 - loss: 3.9599 
133/567 [======>.......................] - ETA: 0:09<0:32 - loss: 3.9581 
134/567 [======>.......................] - ETA: 0:10<0:32 - loss: 3.9573 
135/567 [======>.......................] - ETA: 0:10<0:32 - loss: 3.9583 
136/567 [======>.......................] - ETA: 0:10<0:32 - loss: 3.9613 
137/567 [======>.......................] - ETA: 0:10<0:32 - loss: 3.9616 
138/567 [======>.......................] - ETA: 0:10<0:32 - loss: 3.9624 
139/567 [======>.......................] - ETA: 0:10<0:32 - loss: 3.9637 
140/567 [======>.......................] - ETA: 0:10<0:32 - loss: 3.9622 
141/567 [======>.......................] - ETA: 0:10<0:31 - loss: 3.9633 
142/567 [======>.......................] - ETA: 0:10<0:31 - loss: 3.9629 
143/567 [======>.......................] - ETA: 0:10<0:31 - loss: 3.9662 
144/567 [======>.......................] - ETA: 0:10<0:31 - loss: 3.9659 
145/567 [======>.......................] - ETA: 0:10<0:31 - loss: 3.9667 
146/567 [======>.......................] - ETA: 0:10<0:31 - loss: 3.9662 
147/567 [======>.......................] - ETA: 0:11<0:31 - loss: 3.9652 
148/567 [======>.......................] - ETA: 0:11<0:31 - loss: 3.9665 
149/567 [======>.......................] - ETA: 0:11<0:31 - loss: 3.9669 
150/567 [======>.......................] - ETA: 0:11<0:31 - loss: 3.9673 
151/567 [======>.......................] - ETA: 0:11<0:31 - loss: 3.9714 
152/567 [=======>......................] - ETA: 0:11<0:31 - loss: 3.9742 
153/567 [=======>......................] - ETA: 0:11<0:31 - loss: 3.9707 
154/567 [=======>......................] - ETA: 0:11<0:30 - loss: 3.9730 
155/567 [=======>......................] - ETA: 0:11<0:30 - loss: 3.9745 
156/567 [=======>......................] - ETA: 0:11<0:30 - loss: 3.9748 
157/567 [=======>......................] - ETA: 0:11<0:30 - loss: 3.9749 
158/567 [=======>......................] - ETA: 0:11<0:30 - loss: 3.9757 
159/567 [=======>......................] - ETA: 0:11<0:30 - loss: 3.9746 
160/567 [=======>......................] - ETA: 0:12<0:30 - loss: 3.9726 
161/567 [=======>......................] - ETA: 0:12<0:30 - loss: 3.9718 
162/567 [=======>......................] - ETA: 0:12<0:30 - loss: 3.9741 
163/567 [=======>......................] - ETA: 0:12<0:30 - loss: 3.9745 
164/567 [=======>......................] - ETA: 0:12<0:30 - loss: 3.9786 
165/567 [=======>......................] - ETA: 0:12<0:30 - loss: 3.9769 
166/567 [=======>......................] - ETA: 0:12<0:30 - loss: 3.9798 
167/567 [=======>......................] - ETA: 0:12<0:30 - loss: 3.9749 
168/567 [=======>......................] - ETA: 0:12<0:29 - loss: 3.9735 
169/567 [=======>......................] - ETA: 0:12<0:29 - loss: 3.9742 
170/567 [=======>......................] - ETA: 0:12<0:29 - loss: 3.9753 
171/567 [========>.....................] - ETA: 0:12<0:29 - loss: 3.9744 
172/567 [========>.....................] - ETA: 0:12<0:29 - loss: 3.9701 
173/567 [========>.....................] - ETA: 0:12<0:29 - loss: 3.9705 
174/567 [========>.....................] - ETA: 0:13<0:29 - loss: 3.9698 
175/567 [========>.....................] - ETA: 0:13<0:29 - loss: 3.9708 
176/567 [========>.....................] - ETA: 0:13<0:29 - loss: 3.9712 
177/567 [========>.....................] - ETA: 0:13<0:29 - loss: 3.9751 
178/567 [========>.....................] - ETA: 0:13<0:29 - loss: 3.9766 
179/567 [========>.....................] - ETA: 0:13<0:29 - loss: 3.9789 
180/567 [========>.....................] - ETA: 0:13<0:29 - loss: 3.9789 
181/567 [========>.....................] - ETA: 0:13<0:28 - loss: 3.9782 
182/567 [========>.....................] - ETA: 0:13<0:28 - loss: 3.9772 
183/567 [========>.....................] - ETA: 0:13<0:28 - loss: 3.9757 
184/567 [========>.....................] - ETA: 0:13<0:28 - loss: 3.9749 
185/567 [========>.....................] - ETA: 0:13<0:28 - loss: 3.9779 
186/567 [========>.....................] - ETA: 0:13<0:28 - loss: 3.9779 
187/567 [========>.....................] - ETA: 0:14<0:28 - loss: 3.9795 
188/567 [========>.....................] - ETA: 0:14<0:28 - loss: 3.9801 
189/567 [=========>....................] - ETA: 0:14<0:28 - loss: 3.9799 
190/567 [=========>....................] - ETA: 0:14<0:28 - loss: 3.9808 
191/567 [=========>....................] - ETA: 0:14<0:28 - loss: 3.9800 
192/567 [=========>....................] - ETA: 0:14<0:28 - loss: 3.9825 
193/567 [=========>....................] - ETA: 0:14<0:28 - loss: 3.9848 
194/567 [=========>....................] - ETA: 0:14<0:28 - loss: 3.9848 
195/567 [=========>....................] - ETA: 0:14<0:27 - loss: 3.9838 
196/567 [=========>....................] - ETA: 0:14<0:27 - loss: 3.9856 
197/567 [=========>....................] - ETA: 0:14<0:27 - loss: 3.9851 
198/567 [=========>....................] - ETA: 0:14<0:27 - loss: 3.9848 
199/567 [=========>....................] - ETA: 0:14<0:27 - loss: 3.9848 
200/567 [=========>....................] - ETA: 0:15<0:27 - loss: 3.9860 
201/567 [=========>....................] - ETA: 0:15<0:27 - loss: 3.9842 
202/567 [=========>....................] - ETA: 0:15<0:27 - loss: 3.9820 
203/567 [=========>....................] - ETA: 0:15<0:27 - loss: 3.9844 
204/567 [=========>....................] - ETA: 0:15<0:27 - loss: 3.9891 
205/567 [=========>....................] - ETA: 0:15<0:27 - loss: 3.9929 
206/567 [=========>....................] - ETA: 0:15<0:27 - loss: 3.9940 
207/567 [=========>....................] - ETA: 0:15<0:27 - loss: 3.9936 
208/567 [==========>...................] - ETA: 0:15<0:26 - loss: 3.9949 
209/567 [==========>...................] - ETA: 0:15<0:26 - loss: 3.9970 
210/567 [==========>...................] - ETA: 0:15<0:26 - loss: 3.9981 
211/567 [==========>...................] - ETA: 0:15<0:26 - loss: 3.9983 
212/567 [==========>...................] - ETA: 0:15<0:26 - loss: 4.0000 
213/567 [==========>...................] - ETA: 0:15<0:26 - loss: 3.9977 
214/567 [==========>...................] - ETA: 0:16<0:26 - loss: 3.9984 
215/567 [==========>...................] - ETA: 0:16<0:26 - loss: 3.9982 
216/567 [==========>...................] - ETA: 0:16<0:26 - loss: 3.9961 
217/567 [==========>...................] - ETA: 0:16<0:26 - loss: 3.9957 
218/567 [==========>...................] - ETA: 0:16<0:26 - loss: 3.9957 
219/567 [==========>...................] - ETA: 0:16<0:26 - loss: 3.9947 
220/567 [==========>...................] - ETA: 0:16<0:26 - loss: 3.9966 
221/567 [==========>...................] - ETA: 0:16<0:25 - loss: 3.9961 
222/567 [==========>...................] - ETA: 0:16<0:25 - loss: 3.9987 
223/567 [==========>...................] - ETA: 0:16<0:25 - loss: 4.0016 
224/567 [==========>...................] - ETA: 0:16<0:25 - loss: 4.0020 
225/567 [==========>...................] - ETA: 0:16<0:25 - loss: 4.0009 
226/567 [==========>...................] - ETA: 0:16<0:25 - loss: 4.0054 
227/567 [===========>..................] - ETA: 0:17<0:25 - loss: 4.0059 
228/567 [===========>..................] - ETA: 0:17<0:25 - loss: 4.0046 
229/567 [===========>..................] - ETA: 0:17<0:25 - loss: 4.0071 
230/567 [===========>..................] - ETA: 0:17<0:25 - loss: 4.0061 
231/567 [===========>..................] - ETA: 0:17<0:25 - loss: 4.0058 
232/567 [===========>..................] - ETA: 0:17<0:25 - loss: 4.0078 
233/567 [===========>..................] - ETA: 0:17<0:25 - loss: 4.0094 
234/567 [===========>..................] - ETA: 0:17<0:25 - loss: 4.0110 
235/567 [===========>..................] - ETA: 0:17<0:24 - loss: 4.0128 
236/567 [===========>..................] - ETA: 0:17<0:24 - loss: 4.0100 
237/567 [===========>..................] - ETA: 0:17<0:24 - loss: 4.0082 
238/567 [===========>..................] - ETA: 0:17<0:24 - loss: 4.0059 
239/567 [===========>..................] - ETA: 0:17<0:24 - loss: 4.0058 
240/567 [===========>..................] - ETA: 0:18<0:24 - loss: 4.0078 
241/567 [===========>..................] - ETA: 0:18<0:24 - loss: 4.0071 
242/567 [===========>..................] - ETA: 0:18<0:24 - loss: 4.0077 
243/567 [===========>..................] - ETA: 0:18<0:24 - loss: 4.0062 
244/567 [===========>..................] - ETA: 0:18<0:24 - loss: 4.0070 
245/567 [===========>..................] - ETA: 0:18<0:24 - loss: 4.0049 
246/567 [============>.................] - ETA: 0:18<0:24 - loss: 4.0052 
247/567 [============>.................] - ETA: 0:18<0:24 - loss: 4.0032 
248/567 [============>.................] - ETA: 0:18<0:23 - loss: 4.0025 
249/567 [============>.................] - ETA: 0:18<0:23 - loss: 4.0035 
250/567 [============>.................] - ETA: 0:18<0:23 - loss: 4.0038 
251/567 [============>.................] - ETA: 0:18<0:23 - loss: 4.0030 
252/567 [============>.................] - ETA: 0:18<0:23 - loss: 4.0015 
253/567 [============>.................] - ETA: 0:19<0:23 - loss: 4.0031 
254/567 [============>.................] - ETA: 0:19<0:23 - loss: 4.0043 
255/567 [============>.................] - ETA: 0:19<0:23 - loss: 4.0055 
256/567 [============>.................] - ETA: 0:19<0:23 - loss: 4.0068 
257/567 [============>.................] - ETA: 0:19<0:23 - loss: 4.0093 
258/567 [============>.................] - ETA: 0:19<0:23 - loss: 4.0098 
259/567 [============>.................] - ETA: 0:19<0:23 - loss: 4.0109 
260/567 [============>.................] - ETA: 0:19<0:23 - loss: 4.0096 
261/567 [============>.................] - ETA: 0:19<0:23 - loss: 4.0103 
262/567 [============>.................] - ETA: 0:19<0:22 - loss: 4.0116 
263/567 [============>.................] - ETA: 0:19<0:22 - loss: 4.0108 
264/567 [============>.................] - ETA: 0:19<0:22 - loss: 4.0089 
265/567 [=============>................] - ETA: 0:19<0:22 - loss: 4.0091 
266/567 [=============>................] - ETA: 0:19<0:22 - loss: 4.0070 
267/567 [=============>................] - ETA: 0:20<0:22 - loss: 4.0127 
268/567 [=============>................] - ETA: 0:20<0:22 - loss: 4.0138 
269/567 [=============>................] - ETA: 0:20<0:22 - loss: 4.0153 
270/567 [=============>................] - ETA: 0:20<0:22 - loss: 4.0166 
271/567 [=============>................] - ETA: 0:20<0:22 - loss: 4.0188 
272/567 [=============>................] - ETA: 0:20<0:22 - loss: 4.0210 
273/567 [=============>................] - ETA: 0:20<0:22 - loss: 4.0231 
274/567 [=============>................] - ETA: 0:20<0:22 - loss: 4.0255 
275/567 [=============>................] - ETA: 0:20<0:21 - loss: 4.0234 
276/567 [=============>................] - ETA: 0:20<0:21 - loss: 4.0247 
277/567 [=============>................] - ETA: 0:20<0:21 - loss: 4.0224 
278/567 [=============>................] - ETA: 0:20<0:21 - loss: 4.0220 
279/567 [=============>................] - ETA: 0:20<0:21 - loss: 4.0215 
280/567 [=============>................] - ETA: 0:21<0:21 - loss: 4.0233 
281/567 [=============>................] - ETA: 0:21<0:21 - loss: 4.0232 
282/567 [=============>................] - ETA: 0:21<0:21 - loss: 4.0244 
283/567 [=============>................] - ETA: 0:21<0:21 - loss: 4.0260 
284/567 [==============>...............] - ETA: 0:21<0:21 - loss: 4.0240 
285/567 [==============>...............] - ETA: 0:21<0:21 - loss: 4.0230 
286/567 [==============>...............] - ETA: 0:21<0:21 - loss: 4.0223 
287/567 [==============>...............] - ETA: 0:21<0:21 - loss: 4.0236 
288/567 [==============>...............] - ETA: 0:21<0:20 - loss: 4.0222 
289/567 [==============>...............] - ETA: 0:21<0:20 - loss: 4.0218 
290/567 [==============>...............] - ETA: 0:21<0:20 - loss: 4.0220 
291/567 [==============>...............] - ETA: 0:21<0:20 - loss: 4.0223 
292/567 [==============>...............] - ETA: 0:21<0:20 - loss: 4.0206 
293/567 [==============>...............] - ETA: 0:22<0:20 - loss: 4.0202 
294/567 [==============>...............] - ETA: 0:22<0:20 - loss: 4.0202 
295/567 [==============>...............] - ETA: 0:22<0:20 - loss: 4.0217 
296/567 [==============>...............] - ETA: 0:22<0:20 - loss: 4.0211 
297/567 [==============>...............] - ETA: 0:22<0:20 - loss: 4.0229 
298/567 [==============>...............] - ETA: 0:22<0:20 - loss: 4.0259 
299/567 [==============>...............] - ETA: 0:22<0:20 - loss: 4.0271 
300/567 [==============>...............] - ETA: 0:22<0:20 - loss: 4.0264 
301/567 [==============>...............] - ETA: 0:22<0:20 - loss: 4.0288 
302/567 [==============>...............] - ETA: 0:22<0:19 - loss: 4.0301 
303/567 [===============>..............] - ETA: 0:22<0:19 - loss: 4.0280 
304/567 [===============>..............] - ETA: 0:22<0:19 - loss: 4.0273 
305/567 [===============>..............] - ETA: 0:22<0:19 - loss: 4.0287 
306/567 [===============>..............] - ETA: 0:23<0:19 - loss: 4.0284 
307/567 [===============>..............] - ETA: 0:23<0:19 - loss: 4.0291 
308/567 [===============>..............] - ETA: 0:23<0:19 - loss: 4.0295 
309/567 [===============>..............] - ETA: 0:23<0:19 - loss: 4.0315 
310/567 [===============>..............] - ETA: 0:23<0:19 - loss: 4.0294 
311/567 [===============>..............] - ETA: 0:23<0:19 - loss: 4.0317 
312/567 [===============>..............] - ETA: 0:23<0:19 - loss: 4.0310 
313/567 [===============>..............] - ETA: 0:23<0:19 - loss: 4.0361 
314/567 [===============>..............] - ETA: 0:23<0:19 - loss: 4.0372 
315/567 [===============>..............] - ETA: 0:23<0:18 - loss: 4.0381 
316/567 [===============>..............] - ETA: 0:23<0:18 - loss: 4.0406 
317/567 [===============>..............] - ETA: 0:23<0:18 - loss: 4.0409 
318/567 [===============>..............] - ETA: 0:23<0:18 - loss: 4.0385 
319/567 [===============>..............] - ETA: 0:24<0:18 - loss: 4.0404 
320/567 [===============>..............] - ETA: 0:24<0:18 - loss: 4.0409 
321/567 [===============>..............] - ETA: 0:24<0:18 - loss: 4.0410 
322/567 [================>.............] - ETA: 0:24<0:18 - loss: 4.0396 
323/567 [================>.............] - ETA: 0:24<0:18 - loss: 4.0383 
324/567 [================>.............] - ETA: 0:24<0:18 - loss: 4.0387 
325/567 [================>.............] - ETA: 0:24<0:18 - loss: 4.0384 
326/567 [================>.............] - ETA: 0:24<0:18 - loss: 4.0349 
327/567 [================>.............] - ETA: 0:24<0:18 - loss: 4.0341 
328/567 [================>.............] - ETA: 0:24<0:18 - loss: 4.0335 
329/567 [================>.............] - ETA: 0:24<0:17 - loss: 4.0313 
330/567 [================>.............] - ETA: 0:24<0:17 - loss: 4.0317 
331/567 [================>.............] - ETA: 0:24<0:17 - loss: 4.0309 
332/567 [================>.............] - ETA: 0:25<0:17 - loss: 4.0318 
333/567 [================>.............] - ETA: 0:25<0:17 - loss: 4.0321 
334/567 [================>.............] - ETA: 0:25<0:17 - loss: 4.0317 
335/567 [================>.............] - ETA: 0:25<0:17 - loss: 4.0305 
336/567 [================>.............] - ETA: 0:25<0:17 - loss: 4.0317 
337/567 [================>.............] - ETA: 0:25<0:17 - loss: 4.0343 
338/567 [================>.............] - ETA: 0:25<0:17 - loss: 4.0373 
339/567 [================>.............] - ETA: 0:25<0:17 - loss: 4.0383 
340/567 [================>.............] - ETA: 0:25<0:17 - loss: 4.0385 
341/567 [=================>............] - ETA: 0:25<0:17 - loss: 4.0413 
342/567 [=================>............] - ETA: 0:25<0:16 - loss: 4.0431 
343/567 [=================>............] - ETA: 0:25<0:16 - loss: 4.0433 
344/567 [=================>............] - ETA: 0:25<0:16 - loss: 4.0430 
345/567 [=================>............] - ETA: 0:25<0:16 - loss: 4.0442 
346/567 [=================>............] - ETA: 0:26<0:16 - loss: 4.0459 
347/567 [=================>............] - ETA: 0:26<0:16 - loss: 4.0465 
348/567 [=================>............] - ETA: 0:26<0:16 - loss: 4.0465 
349/567 [=================>............] - ETA: 0:26<0:16 - loss: 4.0453 
350/567 [=================>............] - ETA: 0:26<0:16 - loss: 4.0454 
351/567 [=================>............] - ETA: 0:26<0:16 - loss: 4.0460 
352/567 [=================>............] - ETA: 0:26<0:16 - loss: 4.0465 
353/567 [=================>............] - ETA: 0:26<0:16 - loss: 4.0487 
354/567 [=================>............] - ETA: 0:26<0:16 - loss: 4.0484 
355/567 [=================>............] - ETA: 0:26<0:15 - loss: 4.0466 
356/567 [=================>............] - ETA: 0:26<0:15 - loss: 4.0464 
357/567 [=================>............] - ETA: 0:26<0:15 - loss: 4.0448 
358/567 [=================>............] - ETA: 0:26<0:15 - loss: 4.0460 
359/567 [=================>............] - ETA: 0:27<0:15 - loss: 4.0479 
360/567 [==================>...........] - ETA: 0:27<0:15 - loss: 4.0494 
361/567 [==================>...........] - ETA: 0:27<0:15 - loss: 4.0475 
362/567 [==================>...........] - ETA: 0:27<0:15 - loss: 4.0447 
363/567 [==================>...........] - ETA: 0:27<0:15 - loss: 4.0432 
364/567 [==================>...........] - ETA: 0:27<0:15 - loss: 4.0450 
365/567 [==================>...........] - ETA: 0:27<0:15 - loss: 4.0451 
366/567 [==================>...........] - ETA: 0:27<0:15 - loss: 4.0447 
367/567 [==================>...........] - ETA: 0:27<0:15 - loss: 4.0418 
368/567 [==================>...........] - ETA: 0:27<0:14 - loss: 4.0432 
369/567 [==================>...........] - ETA: 0:27<0:14 - loss: 4.0406 
370/567 [==================>...........] - ETA: 0:27<0:14 - loss: 4.0379 
371/567 [==================>...........] - ETA: 0:27<0:14 - loss: 4.0393 
372/567 [==================>...........] - ETA: 0:28<0:14 - loss: 4.0404 
373/567 [==================>...........] - ETA: 0:28<0:14 - loss: 4.0366 
374/567 [==================>...........] - ETA: 0:28<0:14 - loss: 4.0360 
375/567 [==================>...........] - ETA: 0:28<0:14 - loss: 4.0368 
376/567 [==================>...........] - ETA: 0:28<0:14 - loss: 4.0360 
377/567 [==================>...........] - ETA: 0:28<0:14 - loss: 4.0377 
378/567 [===================>..........] - ETA: 0:28<0:14 - loss: 4.0381 
379/567 [===================>..........] - ETA: 0:28<0:14 - loss: 4.0385 
380/567 [===================>..........] - ETA: 0:28<0:14 - loss: 4.0389 
381/567 [===================>..........] - ETA: 0:28<0:14 - loss: 4.0375 
382/567 [===================>..........] - ETA: 0:28<0:13 - loss: 4.0368 
383/567 [===================>..........] - ETA: 0:28<0:13 - loss: 4.0356 
384/567 [===================>..........] - ETA: 0:28<0:13 - loss: 4.0386 
385/567 [===================>..........] - ETA: 0:28<0:13 - loss: 4.0388 
386/567 [===================>..........] - ETA: 0:29<0:13 - loss: 4.0420 
387/567 [===================>..........] - ETA: 0:29<0:13 - loss: 4.0402 
388/567 [===================>..........] - ETA: 0:29<0:13 - loss: 4.0408 
389/567 [===================>..........] - ETA: 0:29<0:13 - loss: 4.0421 
390/567 [===================>..........] - ETA: 0:29<0:13 - loss: 4.0430 
391/567 [===================>..........] - ETA: 0:29<0:13 - loss: 4.0434 
392/567 [===================>..........] - ETA: 0:29<0:13 - loss: 4.0441 
393/567 [===================>..........] - ETA: 0:29<0:13 - loss: 4.0438 
394/567 [===================>..........] - ETA: 0:29<0:13 - loss: 4.0459 
395/567 [===================>..........] - ETA: 0:29<0:12 - loss: 4.0427 
396/567 [===================>..........] - ETA: 0:29<0:12 - loss: 4.0421 
397/567 [====================>.........] - ETA: 0:29<0:12 - loss: 4.0424 
398/567 [====================>.........] - ETA: 0:29<0:12 - loss: 4.0432 
399/567 [====================>.........] - ETA: 0:30<0:12 - loss: 4.0427 
400/567 [====================>.........] - ETA: 0:30<0:12 - loss: 4.0432 
401/567 [====================>.........] - ETA: 0:30<0:12 - loss: 4.0435 
402/567 [====================>.........] - ETA: 0:30<0:12 - loss: 4.0446 
403/567 [====================>.........] - ETA: 0:30<0:12 - loss: 4.0455 
404/567 [====================>.........] - ETA: 0:30<0:12 - loss: 4.0471 
405/567 [====================>.........] - ETA: 0:30<0:12 - loss: 4.0493 
406/567 [====================>.........] - ETA: 0:30<0:12 - loss: 4.0493 
407/567 [====================>.........] - ETA: 0:30<0:12 - loss: 4.0487 
408/567 [====================>.........] - ETA: 0:30<0:11 - loss: 4.0462 
409/567 [====================>.........] - ETA: 0:30<0:11 - loss: 4.0445 
410/567 [====================>.........] - ETA: 0:30<0:11 - loss: 4.0477 
411/567 [====================>.........] - ETA: 0:30<0:11 - loss: 4.0468 
412/567 [====================>.........] - ETA: 0:31<0:11 - loss: 4.0467 
413/567 [====================>.........] - ETA: 0:31<0:11 - loss: 4.0416 
414/567 [====================>.........] - ETA: 0:31<0:11 - loss: 4.0419 
415/567 [====================>.........] - ETA: 0:31<0:11 - loss: 4.0437 
416/567 [=====================>........] - ETA: 0:31<0:11 - loss: 4.0418 
417/567 [=====================>........] - ETA: 0:31<0:11 - loss: 4.0437 
418/567 [=====================>........] - ETA: 0:31<0:11 - loss: 4.0447 
419/567 [=====================>........] - ETA: 0:31<0:11 - loss: 4.0441 
420/567 [=====================>........] - ETA: 0:31<0:11 - loss: 4.0428 
421/567 [=====================>........] - ETA: 0:31<0:10 - loss: 4.0444 
422/567 [=====================>........] - ETA: 0:31<0:10 - loss: 4.0444 
423/567 [=====================>........] - ETA: 0:31<0:10 - loss: 4.0425 
424/567 [=====================>........] - ETA: 0:31<0:10 - loss: 4.0424 
425/567 [=====================>........] - ETA: 0:32<0:10 - loss: 4.0443 
426/567 [=====================>........] - ETA: 0:32<0:10 - loss: 4.0459 
427/567 [=====================>........] - ETA: 0:32<0:10 - loss: 4.0453 
428/567 [=====================>........] - ETA: 0:32<0:10 - loss: 4.0458 
429/567 [=====================>........] - ETA: 0:32<0:10 - loss: 4.0468 
430/567 [=====================>........] - ETA: 0:32<0:10 - loss: 4.0469 
431/567 [=====================>........] - ETA: 0:32<0:10 - loss: 4.0472 
432/567 [=====================>........] - ETA: 0:32<0:10 - loss: 4.0474 
433/567 [=====================>........] - ETA: 0:32<0:10 - loss: 4.0475 
434/567 [=====================>........] - ETA: 0:32<0:10 - loss: 4.0459 
435/567 [======================>.......] - ETA: 0:32<0:09 - loss: 4.0471 
436/567 [======================>.......] - ETA: 0:32<0:09 - loss: 4.0464 
437/567 [======================>.......] - ETA: 0:32<0:09 - loss: 4.0461 
438/567 [======================>.......] - ETA: 0:32<0:09 - loss: 4.0462 
439/567 [======================>.......] - ETA: 0:33<0:09 - loss: 4.0469 
440/567 [======================>.......] - ETA: 0:33<0:09 - loss: 4.0478 
441/567 [======================>.......] - ETA: 0:33<0:09 - loss: 4.0466 
442/567 [======================>.......] - ETA: 0:33<0:09 - loss: 4.0458 
443/567 [======================>.......] - ETA: 0:33<0:09 - loss: 4.0482 
444/567 [======================>.......] - ETA: 0:33<0:09 - loss: 4.0485 
445/567 [======================>.......] - ETA: 0:33<0:09 - loss: 4.0491 
446/567 [======================>.......] - ETA: 0:33<0:09 - loss: 4.0488 
447/567 [======================>.......] - ETA: 0:33<0:09 - loss: 4.0507 
448/567 [======================>.......] - ETA: 0:33<0:08 - loss: 4.0523 
449/567 [======================>.......] - ETA: 0:33<0:08 - loss: 4.0564 
450/567 [======================>.......] - ETA: 0:33<0:08 - loss: 4.0560 
451/567 [======================>.......] - ETA: 0:33<0:08 - loss: 4.0571 
452/567 [======================>.......] - ETA: 0:34<0:08 - loss: 4.0581 
453/567 [======================>.......] - ETA: 0:34<0:08 - loss: 4.0573 
454/567 [=======================>......] - ETA: 0:34<0:08 - loss: 4.0586 
455/567 [=======================>......] - ETA: 0:34<0:08 - loss: 4.0632 
456/567 [=======================>......] - ETA: 0:34<0:08 - loss: 4.0629 
457/567 [=======================>......] - ETA: 0:34<0:08 - loss: 4.0626 
458/567 [=======================>......] - ETA: 0:34<0:08 - loss: 4.0597 
459/567 [=======================>......] - ETA: 0:34<0:08 - loss: 4.0599 
460/567 [=======================>......] - ETA: 0:34<0:08 - loss: 4.0607 
461/567 [=======================>......] - ETA: 0:34<0:07 - loss: 4.0637 
462/567 [=======================>......] - ETA: 0:34<0:07 - loss: 4.0663 
463/567 [=======================>......] - ETA: 0:34<0:07 - loss: 4.0689 
464/567 [=======================>......] - ETA: 0:34<0:07 - loss: 4.0670 
465/567 [=======================>......] - ETA: 0:35<0:07 - loss: 4.0680 
466/567 [=======================>......] - ETA: 0:35<0:07 - loss: 4.0691 
467/567 [=======================>......] - ETA: 0:35<0:07 - loss: 4.0694 
468/567 [=======================>......] - ETA: 0:35<0:07 - loss: 4.0693 
469/567 [=======================>......] - ETA: 0:35<0:07 - loss: 4.0728 
470/567 [=======================>......] - ETA: 0:35<0:07 - loss: 4.0738 
471/567 [=======================>......] - ETA: 0:35<0:07 - loss: 4.0732 
472/567 [=======================>......] - ETA: 0:35<0:07 - loss: 4.0728 
473/567 [========================>.....] - ETA: 0:35<0:07 - loss: 4.0733 
474/567 [========================>.....] - ETA: 0:35<0:07 - loss: 4.0739 
475/567 [========================>.....] - ETA: 0:35<0:06 - loss: 4.0746 
476/567 [========================>.....] - ETA: 0:35<0:06 - loss: 4.0777 
477/567 [========================>.....] - ETA: 0:35<0:06 - loss: 4.0752 
478/567 [========================>.....] - ETA: 0:36<0:06 - loss: 4.0751 
479/567 [========================>.....] - ETA: 0:36<0:06 - loss: 4.0759 
480/567 [========================>.....] - ETA: 0:36<0:06 - loss: 4.0755 
481/567 [========================>.....] - ETA: 0:36<0:06 - loss: 4.0775 
482/567 [========================>.....] - ETA: 0:36<0:06 - loss: 4.0788 
483/567 [========================>.....] - ETA: 0:36<0:06 - loss: 4.0822 
484/567 [========================>.....] - ETA: 0:36<0:06 - loss: 4.0820 
485/567 [========================>.....] - ETA: 0:36<0:06 - loss: 4.0810 
486/567 [========================>.....] - ETA: 0:36<0:06 - loss: 4.0787 
487/567 [========================>.....] - ETA: 0:36<0:06 - loss: 4.0824 
488/567 [========================>.....] - ETA: 0:36<0:05 - loss: 4.0801 
489/567 [========================>.....] - ETA: 0:36<0:05 - loss: 4.0798 
490/567 [========================>.....] - ETA: 0:36<0:05 - loss: 4.0810 
491/567 [========================>.....] - ETA: 0:37<0:05 - loss: 4.0803 
492/567 [=========================>....] - ETA: 0:37<0:05 - loss: 4.0805 
493/567 [=========================>....] - ETA: 0:37<0:05 - loss: 4.0786 
494/567 [=========================>....] - ETA: 0:37<0:05 - loss: 4.0788 
495/567 [=========================>....] - ETA: 0:37<0:05 - loss: 4.0798 
496/567 [=========================>....] - ETA: 0:37<0:05 - loss: 4.0807 
497/567 [=========================>....] - ETA: 0:37<0:05 - loss: 4.0791 
498/567 [=========================>....] - ETA: 0:37<0:05 - loss: 4.0765 
499/567 [=========================>....] - ETA: 0:37<0:05 - loss: 4.0774 
500/567 [=========================>....] - ETA: 0:37<0:05 - loss: 4.0779 
501/567 [=========================>....] - ETA: 0:37<0:04 - loss: 4.0770 
502/567 [=========================>....] - ETA: 0:37<0:04 - loss: 4.0780 
503/567 [=========================>....] - ETA: 0:37<0:04 - loss: 4.0784 
504/567 [=========================>....] - ETA: 0:38<0:04 - loss: 4.0778 
505/567 [=========================>....] - ETA: 0:38<0:04 - loss: 4.0766 
506/567 [=========================>....] - ETA: 0:38<0:04 - loss: 4.0789 
507/567 [=========================>....] - ETA: 0:38<0:04 - loss: 4.0797 
508/567 [=========================>....] - ETA: 0:38<0:04 - loss: 4.0810 
509/567 [=========================>....] - ETA: 0:38<0:04 - loss: 4.0819 
510/567 [=========================>....] - ETA: 0:38<0:04 - loss: 4.0800 
511/567 [==========================>...] - ETA: 0:38<0:04 - loss: 4.0813 
512/567 [==========================>...] - ETA: 0:38<0:04 - loss: 4.0838 
513/567 [==========================>...] - ETA: 0:38<0:04 - loss: 4.0865 
514/567 [==========================>...] - ETA: 0:38<0:03 - loss: 4.0865 
515/567 [==========================>...] - ETA: 0:38<0:03 - loss: 4.0848 
516/567 [==========================>...] - ETA: 0:38<0:03 - loss: 4.0867 
517/567 [==========================>...] - ETA: 0:38<0:03 - loss: 4.0829 
518/567 [==========================>...] - ETA: 0:39<0:03 - loss: 4.0841 
519/567 [==========================>...] - ETA: 0:39<0:03 - loss: 4.0851 
520/567 [==========================>...] - ETA: 0:39<0:03 - loss: 4.0860 
521/567 [==========================>...] - ETA: 0:39<0:03 - loss: 4.0862 
522/567 [==========================>...] - ETA: 0:39<0:03 - loss: 4.0882 
523/567 [==========================>...] - ETA: 0:39<0:03 - loss: 4.0899 
524/567 [==========================>...] - ETA: 0:39<0:03 - loss: 4.0917 
525/567 [==========================>...] - ETA: 0:39<0:03 - loss: 4.0903 
526/567 [==========================>...] - ETA: 0:39<0:03 - loss: 4.0895 
527/567 [==========================>...] - ETA: 0:39<0:03 - loss: 4.0897 
528/567 [==========================>...] - ETA: 0:39<0:02 - loss: 4.0891 
529/567 [==========================>...] - ETA: 0:39<0:02 - loss: 4.0879 
530/567 [===========================>..] - ETA: 0:39<0:02 - loss: 4.0892 
531/567 [===========================>..] - ETA: 0:40<0:02 - loss: 4.0903 
532/567 [===========================>..] - ETA: 0:40<0:02 - loss: 4.0880 
533/567 [===========================>..] - ETA: 0:40<0:02 - loss: 4.0864 
534/567 [===========================>..] - ETA: 0:40<0:02 - loss: 4.0859 
535/567 [===========================>..] - ETA: 0:40<0:02 - loss: 4.0875 
536/567 [===========================>..] - ETA: 0:40<0:02 - loss: 4.0897 
537/567 [===========================>..] - ETA: 0:40<0:02 - loss: 4.0902 
538/567 [===========================>..] - ETA: 0:40<0:02 - loss: 4.0903 
539/567 [===========================>..] - ETA: 0:40<0:02 - loss: 4.0897 
540/567 [===========================>..] - ETA: 0:40<0:02 - loss: 4.0887 
541/567 [===========================>..] - ETA: 0:40<0:01 - loss: 4.0859 
542/567 [===========================>..] - ETA: 0:40<0:01 - loss: 4.0856 
543/567 [===========================>..] - ETA: 0:40<0:01 - loss: 4.0845 
544/567 [===========================>..] - ETA: 0:41<0:01 - loss: 4.0842 
545/567 [===========================>..] - ETA: 0:41<0:01 - loss: 4.0843 
546/567 [===========================>..] - ETA: 0:41<0:01 - loss: 4.0820 
547/567 [===========================>..] - ETA: 0:41<0:01 - loss: 4.0813 
548/567 [===========================>..] - ETA: 0:41<0:01 - loss: 4.0812 
549/567 [============================>.] - ETA: 0:41<0:01 - loss: 4.0794 
550/567 [============================>.] - ETA: 0:41<0:01 - loss: 4.0787 
551/567 [============================>.] - ETA: 0:41<0:01 - loss: 4.0802 
552/567 [============================>.] - ETA: 0:41<0:01 - loss: 4.0787 
553/567 [============================>.] - ETA: 0:41<0:01 - loss: 4.0785 
554/567 [============================>.] - ETA: 0:41<0:00 - loss: 4.0776 
555/567 [============================>.] - ETA: 0:41<0:00 - loss: 4.0752 
556/567 [============================>.] - ETA: 0:41<0:00 - loss: 4.0742 
557/567 [============================>.] - ETA: 0:42<0:00 - loss: 4.0731 
558/567 [============================>.] - ETA: 0:42<0:00 - loss: 4.0747 
559/567 [============================>.] - ETA: 0:42<0:00 - loss: 4.0731 
560/567 [============================>.] - ETA: 0:42<0:00 - loss: 4.0720 
561/567 [============================>.] - ETA: 0:42<0:00 - loss: 4.0694 
562/567 [============================>.] - ETA: 0:42<0:00 - loss: 4.0685 
563/567 [============================>.] - ETA: 0:42<0:00 - loss: 4.0661 
564/567 [============================>.] - ETA: 0:42<0:00 - loss: 4.0664 
565/567 [============================>.] - ETA: 0:42<0:00 - loss: 4.0685 
566/567 [============================>.] - ETA: 0:42<0:00 - loss: 4.0679 
567/567 [==============================] - 0:42 75ms/step - loss: 4.0682 
2024-07-06 23:28:17 - Finish Epoch: 15/20 - loss: 4.0237
日晃百花色    风动五陵寒
  0%|                                                                                                                                                    | 0/4 [00:00<?, ?it/s] 50%|██████████████████████████████████████████████████████████████████████                                                                      | 2/4 [00:00<00:00, 17.64it/s]100%|████████████████████████████████████████████████████████████████████████████████████████████████████████████████████████████████████████████| 4/4 [00:00<00:00, 17.61it/s]100%|████████████████████████████████████████████████████████████████████████████████████████████████████████████████████████████████████████████| 4/4 [00:00<00:00, 17.60it/s]
  0%|                                                                                                                                                    | 0/4 [00:00<?, ?it/s] 50%|██████████████████████████████████████████████████████████████████████                                                                      | 2/4 [00:00<00:00, 17.05it/s]100%|████████████████████████████████████████████████████████████████████████████████████████████████████████████████████████████████████████████| 4/4 [00:00<00:00, 17.34it/s]100%|████████████████████████████████████████████████████████████████████████████████████████████████████████████████████████████████████████████| 4/4 [00:00<00:00, 17.29it/s]
valid_data: {'rouge-1': 0.15555555182098776, 'rouge-2': 0.0, 'rouge-l': 0.15555555182098776, 'bleu': 0.04250701534098643, 'best_bleu': 0.060841537496024466}
test_data: {'rouge-1': 0.15555555182098776, 'rouge-2': 0.0, 'rouge-l': 0.15555555182098776, 'bleu': 0.04250701534098643}

2024-07-06 23:28:18 - Start  Epoch: 16/20

  1/567 [..............................] - ETA: 0:00<0:44 - loss: 4.0632 
  2/567 [..............................] - ETA: 0:00<0:43 - loss: 4.0570 
  3/567 [..............................] - ETA: 0:00<0:43 - loss: 4.0522 
  4/567 [..............................] - ETA: 0:00<0:42 - loss: 4.0467 
  5/567 [..............................] - ETA: 0:00<0:42 - loss: 4.0411 
  6/567 [..............................] - ETA: 0:00<0:42 - loss: 4.0388 
  7/567 [..............................] - ETA: 0:00<0:42 - loss: 4.0326 
  8/567 [..............................] - ETA: 0:00<0:42 - loss: 4.0270 
  9/567 [..............................] - ETA: 0:00<0:41 - loss: 4.0207 
 10/567 [..............................] - ETA: 0:00<0:41 - loss: 4.0193 
 11/567 [..............................] - ETA: 0:00<0:41 - loss: 4.0146 
 12/567 [..............................] - ETA: 0:00<0:41 - loss: 4.0088 
 13/567 [..............................] - ETA: 0:00<0:41 - loss: 4.0002 
 14/567 [..............................] - ETA: 0:01<0:41 - loss: 3.9954 
 15/567 [..............................] - ETA: 0:01<0:41 - loss: 3.9896 
 16/567 [..............................] - ETA: 0:01<0:41 - loss: 3.9828 
 17/567 [..............................] - ETA: 0:01<0:41 - loss: 3.9775 
 18/567 [..............................] - ETA: 0:01<0:41 - loss: 3.9737 
 19/567 [>.............................] - ETA: 0:01<0:41 - loss: 3.9710 
 20/567 [>.............................] - ETA: 0:01<0:41 - loss: 3.9638 
 21/567 [>.............................] - ETA: 0:01<0:41 - loss: 3.9593 
 22/567 [>.............................] - ETA: 0:01<0:41 - loss: 3.9551 
 23/567 [>.............................] - ETA: 0:01<0:41 - loss: 3.9465 
 24/567 [>.............................] - ETA: 0:01<0:41 - loss: 3.9426 
 25/567 [>.............................] - ETA: 0:01<0:41 - loss: 3.9393 
 26/567 [>.............................] - ETA: 0:01<0:41 - loss: 3.9365 
 27/567 [>.............................] - ETA: 0:02<0:40 - loss: 3.9326 
 28/567 [>.............................] - ETA: 0:02<0:41 - loss: 3.9282 
 29/567 [>.............................] - ETA: 0:02<0:40 - loss: 3.9225 
 30/567 [>.............................] - ETA: 0:02<0:40 - loss: 3.9167 
 31/567 [>.............................] - ETA: 0:02<0:40 - loss: 3.9131 
 32/567 [>.............................] - ETA: 0:02<0:40 - loss: 3.9078 
 33/567 [>.............................] - ETA: 0:02<0:40 - loss: 3.9008 
 34/567 [>.............................] - ETA: 0:02<0:40 - loss: 3.8963 
 35/567 [>.............................] - ETA: 0:02<0:40 - loss: 3.8930 
 36/567 [>.............................] - ETA: 0:02<0:40 - loss: 3.8867 
 37/567 [>.............................] - ETA: 0:02<0:40 - loss: 3.8809 
 38/567 [=>............................] - ETA: 0:02<0:40 - loss: 3.8732 
 39/567 [=>............................] - ETA: 0:02<0:40 - loss: 3.8655 
 40/567 [=>............................] - ETA: 0:03<0:40 - loss: 3.8592 
 41/567 [=>............................] - ETA: 0:03<0:40 - loss: 3.8547 
 42/567 [=>............................] - ETA: 0:03<0:39 - loss: 3.8484 
 43/567 [=>............................] - ETA: 0:03<0:39 - loss: 3.8451 
 44/567 [=>............................] - ETA: 0:03<0:39 - loss: 3.8401 
 45/567 [=>............................] - ETA: 0:03<0:39 - loss: 3.8358 
 46/567 [=>............................] - ETA: 0:03<0:39 - loss: 3.8299 
 47/567 [=>............................] - ETA: 0:03<0:39 - loss: 3.8264 
 48/567 [=>............................] - ETA: 0:03<0:39 - loss: 3.8199 
 49/567 [=>............................] - ETA: 0:03<0:39 - loss: 3.8113 
 50/567 [=>............................] - ETA: 0:03<0:39 - loss: 3.8073 
 51/567 [=>............................] - ETA: 0:03<0:39 - loss: 3.8010 
 52/567 [=>............................] - ETA: 0:03<0:39 - loss: 3.7969 
 53/567 [=>............................] - ETA: 0:04<0:39 - loss: 3.7914 
 54/567 [=>............................] - ETA: 0:04<0:39 - loss: 3.7852 
 55/567 [=>............................] - ETA: 0:04<0:38 - loss: 3.7802 
 56/567 [=>............................] - ETA: 0:04<0:38 - loss: 3.7761 
 57/567 [==>...........................] - ETA: 0:04<0:38 - loss: 3.7698 
 58/567 [==>...........................] - ETA: 0:04<0:38 - loss: 3.7649 
 59/567 [==>...........................] - ETA: 0:04<0:38 - loss: 3.7608 
 60/567 [==>...........................] - ETA: 0:04<0:38 - loss: 3.7571 
 61/567 [==>...........................] - ETA: 0:04<0:38 - loss: 3.7536 
 62/567 [==>...........................] - ETA: 0:04<0:38 - loss: 3.7482 
 63/567 [==>...........................] - ETA: 0:04<0:38 - loss: 3.7418 
 64/567 [==>...........................] - ETA: 0:04<0:38 - loss: 3.7363 
 65/567 [==>...........................] - ETA: 0:04<0:38 - loss: 3.7332 
 66/567 [==>...........................] - ETA: 0:05<0:38 - loss: 3.7306 
 67/567 [==>...........................] - ETA: 0:05<0:38 - loss: 3.7268 
 68/567 [==>...........................] - ETA: 0:05<0:37 - loss: 3.7207 
 69/567 [==>...........................] - ETA: 0:05<0:37 - loss: 3.7156 
 70/567 [==>...........................] - ETA: 0:05<0:37 - loss: 3.7094 
 71/567 [==>...........................] - ETA: 0:05<0:37 - loss: 3.7041 
 72/567 [==>...........................] - ETA: 0:05<0:37 - loss: 3.6985 
 73/567 [==>...........................] - ETA: 0:05<0:37 - loss: 3.6936 
 74/567 [==>...........................] - ETA: 0:05<0:37 - loss: 3.6916 
 75/567 [==>...........................] - ETA: 0:05<0:37 - loss: 3.6842 
 76/567 [===>..........................] - ETA: 0:05<0:37 - loss: 3.6825 
 77/567 [===>..........................] - ETA: 0:05<0:37 - loss: 3.6786 
 78/567 [===>..........................] - ETA: 0:05<0:37 - loss: 3.6768 
 79/567 [===>..........................] - ETA: 0:06<0:37 - loss: 3.6738 
 80/567 [===>..........................] - ETA: 0:06<0:36 - loss: 3.6669 
 81/567 [===>..........................] - ETA: 0:06<0:36 - loss: 3.6629 
 82/567 [===>..........................] - ETA: 0:06<0:36 - loss: 3.6571 
 83/567 [===>..........................] - ETA: 0:06<0:36 - loss: 3.6542 
 84/567 [===>..........................] - ETA: 0:06<0:36 - loss: 3.6472 
 85/567 [===>..........................] - ETA: 0:06<0:36 - loss: 3.6439 
 86/567 [===>..........................] - ETA: 0:06<0:36 - loss: 3.6366 
 87/567 [===>..........................] - ETA: 0:06<0:36 - loss: 3.6322 
 88/567 [===>..........................] - ETA: 0:06<0:36 - loss: 3.6268 
 89/567 [===>..........................] - ETA: 0:06<0:36 - loss: 3.6220 
 90/567 [===>..........................] - ETA: 0:06<0:36 - loss: 3.6178 
 91/567 [===>..........................] - ETA: 0:06<0:36 - loss: 3.6108 
 92/567 [===>..........................] - ETA: 0:06<0:36 - loss: 3.6058 
 93/567 [===>..........................] - ETA: 0:07<0:36 - loss: 3.6018 
 94/567 [===>..........................] - ETA: 0:07<0:35 - loss: 3.5988 
 95/567 [====>.........................] - ETA: 0:07<0:35 - loss: 3.5952 
 96/567 [====>.........................] - ETA: 0:07<0:35 - loss: 3.5916 
 97/567 [====>.........................] - ETA: 0:07<0:35 - loss: 3.5883 
 98/567 [====>.........................] - ETA: 0:07<0:35 - loss: 3.5809 
 99/567 [====>.........................] - ETA: 0:07<0:35 - loss: 3.5786 
100/567 [====>.........................] - ETA: 0:07<0:35 - loss: 3.5727 
101/567 [====>.........................] - ETA: 0:07<0:35 - loss: 3.5735 
102/567 [====>.........................] - ETA: 0:07<0:35 - loss: 3.5719 
103/567 [====>.........................] - ETA: 0:07<0:35 - loss: 3.5739 
104/567 [====>.........................] - ETA: 0:07<0:35 - loss: 3.5741 
105/567 [====>.........................] - ETA: 0:07<0:35 - loss: 3.5759 
106/567 [====>.........................] - ETA: 0:08<0:35 - loss: 3.5743 
107/567 [====>.........................] - ETA: 0:08<0:34 - loss: 3.5772 
108/567 [====>.........................] - ETA: 0:08<0:34 - loss: 3.5792 
109/567 [====>.........................] - ETA: 0:08<0:34 - loss: 3.5797 
110/567 [====>.........................] - ETA: 0:08<0:34 - loss: 3.5774 
111/567 [====>.........................] - ETA: 0:08<0:34 - loss: 3.5784 
112/567 [====>.........................] - ETA: 0:08<0:34 - loss: 3.5785 
113/567 [====>.........................] - ETA: 0:08<0:34 - loss: 3.5820 
114/567 [=====>........................] - ETA: 0:08<0:34 - loss: 3.5835 
115/567 [=====>........................] - ETA: 0:08<0:34 - loss: 3.5830 
116/567 [=====>........................] - ETA: 0:08<0:34 - loss: 3.5844 
117/567 [=====>........................] - ETA: 0:08<0:34 - loss: 3.5863 
118/567 [=====>........................] - ETA: 0:08<0:34 - loss: 3.5882 
119/567 [=====>........................] - ETA: 0:09<0:34 - loss: 3.5855 
120/567 [=====>........................] - ETA: 0:09<0:33 - loss: 3.5870 
121/567 [=====>........................] - ETA: 0:09<0:33 - loss: 3.5875 
122/567 [=====>........................] - ETA: 0:09<0:33 - loss: 3.5870 
123/567 [=====>........................] - ETA: 0:09<0:33 - loss: 3.5889 
124/567 [=====>........................] - ETA: 0:09<0:33 - loss: 3.5873 
125/567 [=====>........................] - ETA: 0:09<0:33 - loss: 3.5882 
126/567 [=====>........................] - ETA: 0:09<0:33 - loss: 3.5890 
127/567 [=====>........................] - ETA: 0:09<0:33 - loss: 3.5871 
128/567 [=====>........................] - ETA: 0:09<0:33 - loss: 3.5887 
129/567 [=====>........................] - ETA: 0:09<0:33 - loss: 3.5910 
130/567 [=====>........................] - ETA: 0:09<0:33 - loss: 3.5926 
131/567 [=====>........................] - ETA: 0:09<0:33 - loss: 3.5949 
132/567 [=====>........................] - ETA: 0:10<0:33 - loss: 3.5952 
133/567 [======>.......................] - ETA: 0:10<0:32 - loss: 3.5977 
134/567 [======>.......................] - ETA: 0:10<0:32 - loss: 3.5976 
135/567 [======>.......................] - ETA: 0:10<0:32 - loss: 3.5961 
136/567 [======>.......................] - ETA: 0:10<0:32 - loss: 3.5979 
137/567 [======>.......................] - ETA: 0:10<0:32 - loss: 3.5965 
138/567 [======>.......................] - ETA: 0:10<0:32 - loss: 3.5985 
139/567 [======>.......................] - ETA: 0:10<0:32 - loss: 3.5988 
140/567 [======>.......................] - ETA: 0:10<0:32 - loss: 3.6001 
141/567 [======>.......................] - ETA: 0:10<0:32 - loss: 3.6003 
142/567 [======>.......................] - ETA: 0:10<0:32 - loss: 3.6035 
143/567 [======>.......................] - ETA: 0:10<0:32 - loss: 3.6034 
144/567 [======>.......................] - ETA: 0:10<0:32 - loss: 3.6034 
145/567 [======>.......................] - ETA: 0:11<0:32 - loss: 3.6020 
146/567 [======>.......................] - ETA: 0:11<0:32 - loss: 3.6050 
147/567 [======>.......................] - ETA: 0:11<0:31 - loss: 3.6029 
148/567 [======>.......................] - ETA: 0:11<0:31 - loss: 3.6019 
149/567 [======>.......................] - ETA: 0:11<0:31 - loss: 3.6043 
150/567 [======>.......................] - ETA: 0:11<0:31 - loss: 3.6084 
151/567 [======>.......................] - ETA: 0:11<0:31 - loss: 3.6130 
152/567 [=======>......................] - ETA: 0:11<0:31 - loss: 3.6112 
153/567 [=======>......................] - ETA: 0:11<0:31 - loss: 3.6118 
154/567 [=======>......................] - ETA: 0:11<0:31 - loss: 3.6127 
155/567 [=======>......................] - ETA: 0:11<0:31 - loss: 3.6137 
156/567 [=======>......................] - ETA: 0:11<0:31 - loss: 3.6142 
157/567 [=======>......................] - ETA: 0:11<0:31 - loss: 3.6149 
158/567 [=======>......................] - ETA: 0:12<0:31 - loss: 3.6166 
159/567 [=======>......................] - ETA: 0:12<0:31 - loss: 3.6175 
160/567 [=======>......................] - ETA: 0:12<0:30 - loss: 3.6167 
161/567 [=======>......................] - ETA: 0:12<0:30 - loss: 3.6172 
162/567 [=======>......................] - ETA: 0:12<0:30 - loss: 3.6155 
163/567 [=======>......................] - ETA: 0:12<0:30 - loss: 3.6166 
164/567 [=======>......................] - ETA: 0:12<0:30 - loss: 3.6173 
165/567 [=======>......................] - ETA: 0:12<0:30 - loss: 3.6184 
166/567 [=======>......................] - ETA: 0:12<0:30 - loss: 3.6202 
167/567 [=======>......................] - ETA: 0:12<0:30 - loss: 3.6218 
168/567 [=======>......................] - ETA: 0:12<0:30 - loss: 3.6212 
169/567 [=======>......................] - ETA: 0:12<0:30 - loss: 3.6230 
170/567 [=======>......................] - ETA: 0:12<0:30 - loss: 3.6238 
171/567 [========>.....................] - ETA: 0:12<0:30 - loss: 3.6240 
172/567 [========>.....................] - ETA: 0:13<0:30 - loss: 3.6255 
173/567 [========>.....................] - ETA: 0:13<0:29 - loss: 3.6271 
174/567 [========>.....................] - ETA: 0:13<0:29 - loss: 3.6285 
175/567 [========>.....................] - ETA: 0:13<0:29 - loss: 3.6314 
176/567 [========>.....................] - ETA: 0:13<0:29 - loss: 3.6279 
177/567 [========>.....................] - ETA: 0:13<0:29 - loss: 3.6278 
178/567 [========>.....................] - ETA: 0:13<0:29 - loss: 3.6273 
179/567 [========>.....................] - ETA: 0:13<0:29 - loss: 3.6290 
180/567 [========>.....................] - ETA: 0:13<0:29 - loss: 3.6327 
181/567 [========>.....................] - ETA: 0:13<0:29 - loss: 3.6324 
182/567 [========>.....................] - ETA: 0:13<0:29 - loss: 3.6317 
183/567 [========>.....................] - ETA: 0:13<0:29 - loss: 3.6331 
184/567 [========>.....................] - ETA: 0:13<0:29 - loss: 3.6320 
185/567 [========>.....................] - ETA: 0:14<0:29 - loss: 3.6309 
186/567 [========>.....................] - ETA: 0:14<0:28 - loss: 3.6327 
187/567 [========>.....................] - ETA: 0:14<0:28 - loss: 3.6341 
188/567 [========>.....................] - ETA: 0:14<0:28 - loss: 3.6337 
189/567 [=========>....................] - ETA: 0:14<0:28 - loss: 3.6353 
190/567 [=========>....................] - ETA: 0:14<0:28 - loss: 3.6369 
191/567 [=========>....................] - ETA: 0:14<0:28 - loss: 3.6396 
192/567 [=========>....................] - ETA: 0:14<0:28 - loss: 3.6414 
193/567 [=========>....................] - ETA: 0:14<0:28 - loss: 3.6418 
194/567 [=========>....................] - ETA: 0:14<0:28 - loss: 3.6432 
195/567 [=========>....................] - ETA: 0:14<0:28 - loss: 3.6425 
196/567 [=========>....................] - ETA: 0:14<0:28 - loss: 3.6427 
197/567 [=========>....................] - ETA: 0:14<0:28 - loss: 3.6429 
198/567 [=========>....................] - ETA: 0:15<0:28 - loss: 3.6422 
199/567 [=========>....................] - ETA: 0:15<0:27 - loss: 3.6420 
200/567 [=========>....................] - ETA: 0:15<0:27 - loss: 3.6462 
201/567 [=========>....................] - ETA: 0:15<0:27 - loss: 3.6462 
202/567 [=========>....................] - ETA: 0:15<0:27 - loss: 3.6487 
203/567 [=========>....................] - ETA: 0:15<0:27 - loss: 3.6491 
204/567 [=========>....................] - ETA: 0:15<0:27 - loss: 3.6483 
205/567 [=========>....................] - ETA: 0:15<0:27 - loss: 3.6481 
206/567 [=========>....................] - ETA: 0:15<0:27 - loss: 3.6494 
207/567 [=========>....................] - ETA: 0:15<0:27 - loss: 3.6483 
208/567 [==========>...................] - ETA: 0:15<0:27 - loss: 3.6476 
209/567 [==========>...................] - ETA: 0:15<0:27 - loss: 3.6483 
210/567 [==========>...................] - ETA: 0:15<0:27 - loss: 3.6478 
211/567 [==========>...................] - ETA: 0:16<0:27 - loss: 3.6478 
212/567 [==========>...................] - ETA: 0:16<0:26 - loss: 3.6501 
213/567 [==========>...................] - ETA: 0:16<0:26 - loss: 3.6489 
214/567 [==========>...................] - ETA: 0:16<0:26 - loss: 3.6491 
215/567 [==========>...................] - ETA: 0:16<0:26 - loss: 3.6512 
216/567 [==========>...................] - ETA: 0:16<0:26 - loss: 3.6492 
217/567 [==========>...................] - ETA: 0:16<0:26 - loss: 3.6497 
218/567 [==========>...................] - ETA: 0:16<0:26 - loss: 3.6500 
219/567 [==========>...................] - ETA: 0:16<0:26 - loss: 3.6503 
220/567 [==========>...................] - ETA: 0:16<0:26 - loss: 3.6498 
221/567 [==========>...................] - ETA: 0:16<0:26 - loss: 3.6498 
222/567 [==========>...................] - ETA: 0:16<0:26 - loss: 3.6508 
223/567 [==========>...................] - ETA: 0:16<0:26 - loss: 3.6509 
224/567 [==========>...................] - ETA: 0:16<0:26 - loss: 3.6525 
225/567 [==========>...................] - ETA: 0:17<0:25 - loss: 3.6506 
226/567 [==========>...................] - ETA: 0:17<0:25 - loss: 3.6509 
227/567 [===========>..................] - ETA: 0:17<0:25 - loss: 3.6517 
228/567 [===========>..................] - ETA: 0:17<0:25 - loss: 3.6510 
229/567 [===========>..................] - ETA: 0:17<0:25 - loss: 3.6486 
230/567 [===========>..................] - ETA: 0:17<0:25 - loss: 3.6482 
231/567 [===========>..................] - ETA: 0:17<0:25 - loss: 3.6468 
232/567 [===========>..................] - ETA: 0:17<0:25 - loss: 3.6477 
233/567 [===========>..................] - ETA: 0:17<0:25 - loss: 3.6458 
234/567 [===========>..................] - ETA: 0:17<0:25 - loss: 3.6460 
235/567 [===========>..................] - ETA: 0:17<0:25 - loss: 3.6469 
236/567 [===========>..................] - ETA: 0:17<0:25 - loss: 3.6474 
237/567 [===========>..................] - ETA: 0:17<0:25 - loss: 3.6501 
238/567 [===========>..................] - ETA: 0:18<0:24 - loss: 3.6511 
239/567 [===========>..................] - ETA: 0:18<0:24 - loss: 3.6527 
240/567 [===========>..................] - ETA: 0:18<0:24 - loss: 3.6531 
241/567 [===========>..................] - ETA: 0:18<0:24 - loss: 3.6542 
242/567 [===========>..................] - ETA: 0:18<0:24 - loss: 3.6513 
243/567 [===========>..................] - ETA: 0:18<0:24 - loss: 3.6515 
244/567 [===========>..................] - ETA: 0:18<0:24 - loss: 3.6509 
245/567 [===========>..................] - ETA: 0:18<0:24 - loss: 3.6504 
246/567 [============>.................] - ETA: 0:18<0:24 - loss: 3.6494 
247/567 [============>.................] - ETA: 0:18<0:24 - loss: 3.6511 
248/567 [============>.................] - ETA: 0:18<0:24 - loss: 3.6553 
249/567 [============>.................] - ETA: 0:18<0:24 - loss: 3.6554 
250/567 [============>.................] - ETA: 0:18<0:24 - loss: 3.6548 
251/567 [============>.................] - ETA: 0:19<0:23 - loss: 3.6534 
252/567 [============>.................] - ETA: 0:19<0:23 - loss: 3.6548 
253/567 [============>.................] - ETA: 0:19<0:23 - loss: 3.6550 
254/567 [============>.................] - ETA: 0:19<0:23 - loss: 3.6554 
255/567 [============>.................] - ETA: 0:19<0:23 - loss: 3.6534 
256/567 [============>.................] - ETA: 0:19<0:23 - loss: 3.6535 
257/567 [============>.................] - ETA: 0:19<0:23 - loss: 3.6551 
258/567 [============>.................] - ETA: 0:19<0:23 - loss: 3.6560 
259/567 [============>.................] - ETA: 0:19<0:23 - loss: 3.6568 
260/567 [============>.................] - ETA: 0:19<0:23 - loss: 3.6581 
261/567 [============>.................] - ETA: 0:19<0:23 - loss: 3.6564 
262/567 [============>.................] - ETA: 0:19<0:23 - loss: 3.6590 
263/567 [============>.................] - ETA: 0:19<0:23 - loss: 3.6605 
264/567 [============>.................] - ETA: 0:20<0:22 - loss: 3.6601 
265/567 [=============>................] - ETA: 0:20<0:22 - loss: 3.6587 
266/567 [=============>................] - ETA: 0:20<0:22 - loss: 3.6573 
267/567 [=============>................] - ETA: 0:20<0:22 - loss: 3.6535 
268/567 [=============>................] - ETA: 0:20<0:22 - loss: 3.6535 
269/567 [=============>................] - ETA: 0:20<0:22 - loss: 3.6504 
270/567 [=============>................] - ETA: 0:20<0:22 - loss: 3.6501 
271/567 [=============>................] - ETA: 0:20<0:22 - loss: 3.6507 
272/567 [=============>................] - ETA: 0:20<0:22 - loss: 3.6491 
273/567 [=============>................] - ETA: 0:20<0:22 - loss: 3.6475 
274/567 [=============>................] - ETA: 0:20<0:22 - loss: 3.6488 
275/567 [=============>................] - ETA: 0:20<0:22 - loss: 3.6503 
276/567 [=============>................] - ETA: 0:20<0:22 - loss: 3.6542 
277/567 [=============>................] - ETA: 0:20<0:21 - loss: 3.6573 
278/567 [=============>................] - ETA: 0:21<0:21 - loss: 3.6578 
279/567 [=============>................] - ETA: 0:21<0:21 - loss: 3.6567 
280/567 [=============>................] - ETA: 0:21<0:21 - loss: 3.6574 
281/567 [=============>................] - ETA: 0:21<0:21 - loss: 3.6585 
282/567 [=============>................] - ETA: 0:21<0:21 - loss: 3.6607 
283/567 [=============>................] - ETA: 0:21<0:21 - loss: 3.6591 
284/567 [==============>...............] - ETA: 0:21<0:21 - loss: 3.6607 
285/567 [==============>...............] - ETA: 0:21<0:21 - loss: 3.6627 
286/567 [==============>...............] - ETA: 0:21<0:21 - loss: 3.6637 
287/567 [==============>...............] - ETA: 0:21<0:21 - loss: 3.6629 
288/567 [==============>...............] - ETA: 0:21<0:21 - loss: 3.6643 
289/567 [==============>...............] - ETA: 0:21<0:21 - loss: 3.6664 
290/567 [==============>...............] - ETA: 0:21<0:20 - loss: 3.6648 
291/567 [==============>...............] - ETA: 0:22<0:20 - loss: 3.6659 
292/567 [==============>...............] - ETA: 0:22<0:20 - loss: 3.6631 
293/567 [==============>...............] - ETA: 0:22<0:20 - loss: 3.6645 
294/567 [==============>...............] - ETA: 0:22<0:20 - loss: 3.6670 
295/567 [==============>...............] - ETA: 0:22<0:20 - loss: 3.6694 
296/567 [==============>...............] - ETA: 0:22<0:20 - loss: 3.6708 
297/567 [==============>...............] - ETA: 0:22<0:20 - loss: 3.6705 
298/567 [==============>...............] - ETA: 0:22<0:20 - loss: 3.6722 
299/567 [==============>...............] - ETA: 0:22<0:20 - loss: 3.6754 
300/567 [==============>...............] - ETA: 0:22<0:20 - loss: 3.6727 
301/567 [==============>...............] - ETA: 0:22<0:20 - loss: 3.6723 
302/567 [==============>...............] - ETA: 0:22<0:20 - loss: 3.6727 
303/567 [===============>..............] - ETA: 0:22<0:19 - loss: 3.6716 
304/567 [===============>..............] - ETA: 0:23<0:19 - loss: 3.6729 
305/567 [===============>..............] - ETA: 0:23<0:19 - loss: 3.6740 
306/567 [===============>..............] - ETA: 0:23<0:19 - loss: 3.6736 
307/567 [===============>..............] - ETA: 0:23<0:19 - loss: 3.6755 
308/567 [===============>..............] - ETA: 0:23<0:19 - loss: 3.6768 
309/567 [===============>..............] - ETA: 0:23<0:19 - loss: 3.6772 
310/567 [===============>..............] - ETA: 0:23<0:19 - loss: 3.6796 
311/567 [===============>..............] - ETA: 0:23<0:19 - loss: 3.6793 
312/567 [===============>..............] - ETA: 0:23<0:19 - loss: 3.6777 
313/567 [===============>..............] - ETA: 0:23<0:19 - loss: 3.6805 
314/567 [===============>..............] - ETA: 0:23<0:19 - loss: 3.6818 
315/567 [===============>..............] - ETA: 0:23<0:19 - loss: 3.6800 
316/567 [===============>..............] - ETA: 0:23<0:18 - loss: 3.6814 
317/567 [===============>..............] - ETA: 0:23<0:18 - loss: 3.6800 
318/567 [===============>..............] - ETA: 0:24<0:18 - loss: 3.6779 
319/567 [===============>..............] - ETA: 0:24<0:18 - loss: 3.6778 
320/567 [===============>..............] - ETA: 0:24<0:18 - loss: 3.6764 
321/567 [===============>..............] - ETA: 0:24<0:18 - loss: 3.6795 
322/567 [================>.............] - ETA: 0:24<0:18 - loss: 3.6773 
323/567 [================>.............] - ETA: 0:24<0:18 - loss: 3.6786 
324/567 [================>.............] - ETA: 0:24<0:18 - loss: 3.6791 
325/567 [================>.............] - ETA: 0:24<0:18 - loss: 3.6803 
326/567 [================>.............] - ETA: 0:24<0:18 - loss: 3.6830 
327/567 [================>.............] - ETA: 0:24<0:18 - loss: 3.6827 
328/567 [================>.............] - ETA: 0:24<0:18 - loss: 3.6839 
329/567 [================>.............] - ETA: 0:24<0:18 - loss: 3.6852 
330/567 [================>.............] - ETA: 0:24<0:17 - loss: 3.6857 
331/567 [================>.............] - ETA: 0:25<0:17 - loss: 3.6862 
332/567 [================>.............] - ETA: 0:25<0:17 - loss: 3.6862 
333/567 [================>.............] - ETA: 0:25<0:17 - loss: 3.6881 
334/567 [================>.............] - ETA: 0:25<0:17 - loss: 3.6883 
335/567 [================>.............] - ETA: 0:25<0:17 - loss: 3.6889 
336/567 [================>.............] - ETA: 0:25<0:17 - loss: 3.6887 
337/567 [================>.............] - ETA: 0:25<0:17 - loss: 3.6883 
338/567 [================>.............] - ETA: 0:25<0:17 - loss: 3.6889 
339/567 [================>.............] - ETA: 0:25<0:17 - loss: 3.6901 
340/567 [================>.............] - ETA: 0:25<0:17 - loss: 3.6907 
341/567 [=================>............] - ETA: 0:25<0:17 - loss: 3.6906 
342/567 [=================>............] - ETA: 0:25<0:17 - loss: 3.6905 
343/567 [=================>............] - ETA: 0:25<0:16 - loss: 3.6929 
344/567 [=================>............] - ETA: 0:26<0:16 - loss: 3.6945 
345/567 [=================>............] - ETA: 0:26<0:16 - loss: 3.6958 
346/567 [=================>............] - ETA: 0:26<0:16 - loss: 3.6954 
347/567 [=================>............] - ETA: 0:26<0:16 - loss: 3.6965 
348/567 [=================>............] - ETA: 0:26<0:16 - loss: 3.6942 
349/567 [=================>............] - ETA: 0:26<0:16 - loss: 3.6937 
350/567 [=================>............] - ETA: 0:26<0:16 - loss: 3.6921 
351/567 [=================>............] - ETA: 0:26<0:16 - loss: 3.6916 
352/567 [=================>............] - ETA: 0:26<0:16 - loss: 3.6935 
353/567 [=================>............] - ETA: 0:26<0:16 - loss: 3.6959 
354/567 [=================>............] - ETA: 0:26<0:16 - loss: 3.6952 
355/567 [=================>............] - ETA: 0:26<0:16 - loss: 3.6969 
356/567 [=================>............] - ETA: 0:26<0:15 - loss: 3.6989 
357/567 [=================>............] - ETA: 0:27<0:15 - loss: 3.6982 
358/567 [=================>............] - ETA: 0:27<0:15 - loss: 3.6970 
359/567 [=================>............] - ETA: 0:27<0:15 - loss: 3.6978 
360/567 [==================>...........] - ETA: 0:27<0:15 - loss: 3.6972 
361/567 [==================>...........] - ETA: 0:27<0:15 - loss: 3.6987 
362/567 [==================>...........] - ETA: 0:27<0:15 - loss: 3.7000 
363/567 [==================>...........] - ETA: 0:27<0:15 - loss: 3.6997 
364/567 [==================>...........] - ETA: 0:27<0:15 - loss: 3.7019 
365/567 [==================>...........] - ETA: 0:27<0:15 - loss: 3.7018 
366/567 [==================>...........] - ETA: 0:27<0:15 - loss: 3.7010 
367/567 [==================>...........] - ETA: 0:27<0:15 - loss: 3.7032 
368/567 [==================>...........] - ETA: 0:27<0:15 - loss: 3.7038 
369/567 [==================>...........] - ETA: 0:27<0:14 - loss: 3.7044 
370/567 [==================>...........] - ETA: 0:27<0:14 - loss: 3.7061 
371/567 [==================>...........] - ETA: 0:28<0:14 - loss: 3.7070 
372/567 [==================>...........] - ETA: 0:28<0:14 - loss: 3.7068 
373/567 [==================>...........] - ETA: 0:28<0:14 - loss: 3.7085 
374/567 [==================>...........] - ETA: 0:28<0:14 - loss: 3.7077 
375/567 [==================>...........] - ETA: 0:28<0:14 - loss: 3.7057 
376/567 [==================>...........] - ETA: 0:28<0:14 - loss: 3.7018 
377/567 [==================>...........] - ETA: 0:28<0:14 - loss: 3.6989 
378/567 [===================>..........] - ETA: 0:28<0:14 - loss: 3.7003 
379/567 [===================>..........] - ETA: 0:28<0:14 - loss: 3.7020 
380/567 [===================>..........] - ETA: 0:28<0:14 - loss: 3.7013 
381/567 [===================>..........] - ETA: 0:28<0:14 - loss: 3.6995 
382/567 [===================>..........] - ETA: 0:28<0:13 - loss: 3.6990 
383/567 [===================>..........] - ETA: 0:28<0:13 - loss: 3.7018 
384/567 [===================>..........] - ETA: 0:29<0:13 - loss: 3.7029 
385/567 [===================>..........] - ETA: 0:29<0:13 - loss: 3.7026 
386/567 [===================>..........] - ETA: 0:29<0:13 - loss: 3.7034 
387/567 [===================>..........] - ETA: 0:29<0:13 - loss: 3.7029 
388/567 [===================>..........] - ETA: 0:29<0:13 - loss: 3.7048 
389/567 [===================>..........] - ETA: 0:29<0:13 - loss: 3.7057 
390/567 [===================>..........] - ETA: 0:29<0:13 - loss: 3.7067 
391/567 [===================>..........] - ETA: 0:29<0:13 - loss: 3.7076 
392/567 [===================>..........] - ETA: 0:29<0:13 - loss: 3.7101 
393/567 [===================>..........] - ETA: 0:29<0:13 - loss: 3.7111 
394/567 [===================>..........] - ETA: 0:29<0:13 - loss: 3.7083 
395/567 [===================>..........] - ETA: 0:29<0:13 - loss: 3.7081 
396/567 [===================>..........] - ETA: 0:29<0:12 - loss: 3.7060 
397/567 [====================>.........] - ETA: 0:30<0:12 - loss: 3.7056 
398/567 [====================>.........] - ETA: 0:30<0:12 - loss: 3.7063 
399/567 [====================>.........] - ETA: 0:30<0:12 - loss: 3.7043 
400/567 [====================>.........] - ETA: 0:30<0:12 - loss: 3.7043 
401/567 [====================>.........] - ETA: 0:30<0:12 - loss: 3.7055 
402/567 [====================>.........] - ETA: 0:30<0:12 - loss: 3.7055 
403/567 [====================>.........] - ETA: 0:30<0:12 - loss: 3.7034 
404/567 [====================>.........] - ETA: 0:30<0:12 - loss: 3.7058 
405/567 [====================>.........] - ETA: 0:30<0:12 - loss: 3.7060 
406/567 [====================>.........] - ETA: 0:30<0:12 - loss: 3.7062 
407/567 [====================>.........] - ETA: 0:30<0:12 - loss: 3.7047 
408/567 [====================>.........] - ETA: 0:30<0:12 - loss: 3.7052 
409/567 [====================>.........] - ETA: 0:30<0:11 - loss: 3.7046 
410/567 [====================>.........] - ETA: 0:31<0:11 - loss: 3.7050 
411/567 [====================>.........] - ETA: 0:31<0:11 - loss: 3.7068 
412/567 [====================>.........] - ETA: 0:31<0:11 - loss: 3.7074 
413/567 [====================>.........] - ETA: 0:31<0:11 - loss: 3.7052 
414/567 [====================>.........] - ETA: 0:31<0:11 - loss: 3.7054 
415/567 [====================>.........] - ETA: 0:31<0:11 - loss: 3.7060 
416/567 [=====================>........] - ETA: 0:31<0:11 - loss: 3.7051 
417/567 [=====================>........] - ETA: 0:31<0:11 - loss: 3.7055 
418/567 [=====================>........] - ETA: 0:31<0:11 - loss: 3.7062 
419/567 [=====================>........] - ETA: 0:31<0:11 - loss: 3.7109 
420/567 [=====================>........] - ETA: 0:31<0:11 - loss: 3.7161 
421/567 [=====================>........] - ETA: 0:31<0:11 - loss: 3.7166 
422/567 [=====================>........] - ETA: 0:31<0:10 - loss: 3.7183 
423/567 [=====================>........] - ETA: 0:31<0:10 - loss: 3.7174 
424/567 [=====================>........] - ETA: 0:32<0:10 - loss: 3.7203 
425/567 [=====================>........] - ETA: 0:32<0:10 - loss: 3.7194 
426/567 [=====================>........] - ETA: 0:32<0:10 - loss: 3.7154 
427/567 [=====================>........] - ETA: 0:32<0:10 - loss: 3.7169 
428/567 [=====================>........] - ETA: 0:32<0:10 - loss: 3.7148 
429/567 [=====================>........] - ETA: 0:32<0:10 - loss: 3.7169 
430/567 [=====================>........] - ETA: 0:32<0:10 - loss: 3.7179 
431/567 [=====================>........] - ETA: 0:32<0:10 - loss: 3.7185 
432/567 [=====================>........] - ETA: 0:32<0:10 - loss: 3.7186 
433/567 [=====================>........] - ETA: 0:32<0:10 - loss: 3.7202 
434/567 [=====================>........] - ETA: 0:32<0:10 - loss: 3.7213 
435/567 [======================>.......] - ETA: 0:32<0:09 - loss: 3.7211 
436/567 [======================>.......] - ETA: 0:32<0:09 - loss: 3.7224 
437/567 [======================>.......] - ETA: 0:33<0:09 - loss: 3.7215 
438/567 [======================>.......] - ETA: 0:33<0:09 - loss: 3.7205 
439/567 [======================>.......] - ETA: 0:33<0:09 - loss: 3.7183 
440/567 [======================>.......] - ETA: 0:33<0:09 - loss: 3.7187 
441/567 [======================>.......] - ETA: 0:33<0:09 - loss: 3.7179 
442/567 [======================>.......] - ETA: 0:33<0:09 - loss: 3.7212 
443/567 [======================>.......] - ETA: 0:33<0:09 - loss: 3.7182 
444/567 [======================>.......] - ETA: 0:33<0:09 - loss: 3.7189 
445/567 [======================>.......] - ETA: 0:33<0:09 - loss: 3.7183 
446/567 [======================>.......] - ETA: 0:33<0:09 - loss: 3.7183 
447/567 [======================>.......] - ETA: 0:33<0:09 - loss: 3.7145 
448/567 [======================>.......] - ETA: 0:33<0:08 - loss: 3.7142 
449/567 [======================>.......] - ETA: 0:33<0:08 - loss: 3.7160 
450/567 [======================>.......] - ETA: 0:34<0:08 - loss: 3.7161 
451/567 [======================>.......] - ETA: 0:34<0:08 - loss: 3.7178 
452/567 [======================>.......] - ETA: 0:34<0:08 - loss: 3.7149 
453/567 [======================>.......] - ETA: 0:34<0:08 - loss: 3.7169 
454/567 [=======================>......] - ETA: 0:34<0:08 - loss: 3.7192 
455/567 [=======================>......] - ETA: 0:34<0:08 - loss: 3.7192 
456/567 [=======================>......] - ETA: 0:34<0:08 - loss: 3.7180 
457/567 [=======================>......] - ETA: 0:34<0:08 - loss: 3.7190 
458/567 [=======================>......] - ETA: 0:34<0:08 - loss: 3.7192 
459/567 [=======================>......] - ETA: 0:34<0:08 - loss: 3.7185 
460/567 [=======================>......] - ETA: 0:34<0:08 - loss: 3.7200 
461/567 [=======================>......] - ETA: 0:34<0:08 - loss: 3.7197 
462/567 [=======================>......] - ETA: 0:34<0:07 - loss: 3.7205 
463/567 [=======================>......] - ETA: 0:34<0:07 - loss: 3.7212 
464/567 [=======================>......] - ETA: 0:35<0:07 - loss: 3.7223 
465/567 [=======================>......] - ETA: 0:35<0:07 - loss: 3.7264 
466/567 [=======================>......] - ETA: 0:35<0:07 - loss: 3.7272 
467/567 [=======================>......] - ETA: 0:35<0:07 - loss: 3.7305 
468/567 [=======================>......] - ETA: 0:35<0:07 - loss: 3.7305 
469/567 [=======================>......] - ETA: 0:35<0:07 - loss: 3.7305 
470/567 [=======================>......] - ETA: 0:35<0:07 - loss: 3.7320 
471/567 [=======================>......] - ETA: 0:35<0:07 - loss: 3.7313 
472/567 [=======================>......] - ETA: 0:35<0:07 - loss: 3.7368 
473/567 [========================>.....] - ETA: 0:35<0:07 - loss: 3.7362 
474/567 [========================>.....] - ETA: 0:35<0:07 - loss: 3.7370 
475/567 [========================>.....] - ETA: 0:35<0:06 - loss: 3.7395 
476/567 [========================>.....] - ETA: 0:35<0:06 - loss: 3.7416 
477/567 [========================>.....] - ETA: 0:36<0:06 - loss: 3.7429 
478/567 [========================>.....] - ETA: 0:36<0:06 - loss: 3.7380 
479/567 [========================>.....] - ETA: 0:36<0:06 - loss: 3.7357 
480/567 [========================>.....] - ETA: 0:36<0:06 - loss: 3.7363 
481/567 [========================>.....] - ETA: 0:36<0:06 - loss: 3.7364 
482/567 [========================>.....] - ETA: 0:36<0:06 - loss: 3.7364 
483/567 [========================>.....] - ETA: 0:36<0:06 - loss: 3.7362 
484/567 [========================>.....] - ETA: 0:36<0:06 - loss: 3.7355 
485/567 [========================>.....] - ETA: 0:36<0:06 - loss: 3.7359 
486/567 [========================>.....] - ETA: 0:36<0:06 - loss: 3.7349 
487/567 [========================>.....] - ETA: 0:36<0:06 - loss: 3.7350 
488/567 [========================>.....] - ETA: 0:36<0:05 - loss: 3.7320 
489/567 [========================>.....] - ETA: 0:36<0:05 - loss: 3.7322 
490/567 [========================>.....] - ETA: 0:37<0:05 - loss: 3.7333 
491/567 [========================>.....] - ETA: 0:37<0:05 - loss: 3.7331 
492/567 [=========================>....] - ETA: 0:37<0:05 - loss: 3.7338 
493/567 [=========================>....] - ETA: 0:37<0:05 - loss: 3.7329 
494/567 [=========================>....] - ETA: 0:37<0:05 - loss: 3.7327 
495/567 [=========================>....] - ETA: 0:37<0:05 - loss: 3.7326 
496/567 [=========================>....] - ETA: 0:37<0:05 - loss: 3.7362 
497/567 [=========================>....] - ETA: 0:37<0:05 - loss: 3.7355 
498/567 [=========================>....] - ETA: 0:37<0:05 - loss: 3.7345 
499/567 [=========================>....] - ETA: 0:37<0:05 - loss: 3.7368 
500/567 [=========================>....] - ETA: 0:37<0:05 - loss: 3.7364 
501/567 [=========================>....] - ETA: 0:37<0:04 - loss: 3.7352 
502/567 [=========================>....] - ETA: 0:37<0:04 - loss: 3.7352 
503/567 [=========================>....] - ETA: 0:38<0:04 - loss: 3.7377 
504/567 [=========================>....] - ETA: 0:38<0:04 - loss: 3.7361 
505/567 [=========================>....] - ETA: 0:38<0:04 - loss: 3.7341 
506/567 [=========================>....] - ETA: 0:38<0:04 - loss: 3.7352 
507/567 [=========================>....] - ETA: 0:38<0:04 - loss: 3.7353 
508/567 [=========================>....] - ETA: 0:38<0:04 - loss: 3.7351 
509/567 [=========================>....] - ETA: 0:38<0:04 - loss: 3.7353 
510/567 [=========================>....] - ETA: 0:38<0:04 - loss: 3.7337 
511/567 [==========================>...] - ETA: 0:38<0:04 - loss: 3.7321 
512/567 [==========================>...] - ETA: 0:38<0:04 - loss: 3.7335 
513/567 [==========================>...] - ETA: 0:38<0:04 - loss: 3.7361 
514/567 [==========================>...] - ETA: 0:38<0:04 - loss: 3.7361 
515/567 [==========================>...] - ETA: 0:38<0:03 - loss: 3.7381 
516/567 [==========================>...] - ETA: 0:39<0:03 - loss: 3.7413 
517/567 [==========================>...] - ETA: 0:39<0:03 - loss: 3.7414 
518/567 [==========================>...] - ETA: 0:39<0:03 - loss: 3.7416 
519/567 [==========================>...] - ETA: 0:39<0:03 - loss: 3.7404 
520/567 [==========================>...] - ETA: 0:39<0:03 - loss: 3.7383 
521/567 [==========================>...] - ETA: 0:39<0:03 - loss: 3.7370 
522/567 [==========================>...] - ETA: 0:39<0:03 - loss: 3.7380 
523/567 [==========================>...] - ETA: 0:39<0:03 - loss: 3.7382 
524/567 [==========================>...] - ETA: 0:39<0:03 - loss: 3.7376 
525/567 [==========================>...] - ETA: 0:39<0:03 - loss: 3.7394 
526/567 [==========================>...] - ETA: 0:39<0:03 - loss: 3.7398 
527/567 [==========================>...] - ETA: 0:39<0:03 - loss: 3.7397 
528/567 [==========================>...] - ETA: 0:39<0:02 - loss: 3.7406 
529/567 [==========================>...] - ETA: 0:40<0:02 - loss: 3.7405 
530/567 [===========================>..] - ETA: 0:40<0:02 - loss: 3.7384 
531/567 [===========================>..] - ETA: 0:40<0:02 - loss: 3.7376 
532/567 [===========================>..] - ETA: 0:40<0:02 - loss: 3.7370 
533/567 [===========================>..] - ETA: 0:40<0:02 - loss: 3.7365 
534/567 [===========================>..] - ETA: 0:40<0:02 - loss: 3.7357 
535/567 [===========================>..] - ETA: 0:40<0:02 - loss: 3.7372 
536/567 [===========================>..] - ETA: 0:40<0:02 - loss: 3.7367 
537/567 [===========================>..] - ETA: 0:40<0:02 - loss: 3.7358 
538/567 [===========================>..] - ETA: 0:40<0:02 - loss: 3.7373 
539/567 [===========================>..] - ETA: 0:40<0:02 - loss: 3.7395 
540/567 [===========================>..] - ETA: 0:40<0:02 - loss: 3.7364 
541/567 [===========================>..] - ETA: 0:40<0:01 - loss: 3.7368 
542/567 [===========================>..] - ETA: 0:41<0:01 - loss: 3.7352 
543/567 [===========================>..] - ETA: 0:41<0:01 - loss: 3.7357 
544/567 [===========================>..] - ETA: 0:41<0:01 - loss: 3.7320 
545/567 [===========================>..] - ETA: 0:41<0:01 - loss: 3.7307 
546/567 [===========================>..] - ETA: 0:41<0:01 - loss: 3.7293 
547/567 [===========================>..] - ETA: 0:41<0:01 - loss: 3.7331 
548/567 [===========================>..] - ETA: 0:41<0:01 - loss: 3.7337 
549/567 [============================>.] - ETA: 0:41<0:01 - loss: 3.7314 
550/567 [============================>.] - ETA: 0:41<0:01 - loss: 3.7330 
551/567 [============================>.] - ETA: 0:41<0:01 - loss: 3.7316 
552/567 [============================>.] - ETA: 0:41<0:01 - loss: 3.7326 
553/567 [============================>.] - ETA: 0:41<0:01 - loss: 3.7301 
554/567 [============================>.] - ETA: 0:41<0:00 - loss: 3.7284 
555/567 [============================>.] - ETA: 0:42<0:00 - loss: 3.7267 
556/567 [============================>.] - ETA: 0:42<0:00 - loss: 3.7254 
557/567 [============================>.] - ETA: 0:42<0:00 - loss: 3.7228 
558/567 [============================>.] - ETA: 0:42<0:00 - loss: 3.7242 
559/567 [============================>.] - ETA: 0:42<0:00 - loss: 3.7257 
560/567 [============================>.] - ETA: 0:42<0:00 - loss: 3.7274 
561/567 [============================>.] - ETA: 0:42<0:00 - loss: 3.7286 
562/567 [============================>.] - ETA: 0:42<0:00 - loss: 3.7271 
563/567 [============================>.] - ETA: 0:42<0:00 - loss: 3.7263 
564/567 [============================>.] - ETA: 0:42<0:00 - loss: 3.7259 
565/567 [============================>.] - ETA: 0:42<0:00 - loss: 3.7256 
566/567 [============================>.] - ETA: 0:42<0:00 - loss: 3.7263 
567/567 [==============================] - 0:42 76ms/step - loss: 3.7273 
2024-07-06 23:29:01 - Finish Epoch: 16/20 - loss: 3.6732
日晃百花色    风动千林声
  0%|                                                                                                                                                    | 0/4 [00:00<?, ?it/s] 50%|██████████████████████████████████████████████████████████████████████                                                                      | 2/4 [00:00<00:00, 17.89it/s]100%|████████████████████████████████████████████████████████████████████████████████████████████████████████████████████████████████████████████| 4/4 [00:00<00:00, 17.90it/s]100%|████████████████████████████████████████████████████████████████████████████████████████████████████████████████████████████████████████████| 4/4 [00:00<00:00, 17.88it/s]
  0%|                                                                                                                                                    | 0/4 [00:00<?, ?it/s] 50%|██████████████████████████████████████████████████████████████████████                                                                      | 2/4 [00:00<00:00, 17.93it/s]100%|████████████████████████████████████████████████████████████████████████████████████████████████████████████████████████████████████████████| 4/4 [00:00<00:00, 17.96it/s]100%|████████████████████████████████████████████████████████████████████████████████████████████████████████████████████████████████████████████| 4/4 [00:00<00:00, 17.94it/s]
valid_data: {'rouge-1': 0.14999999875000003, 'rouge-2': 0.12499999875000002, 'rouge-l': 0.14999999875000003, 'bleu': 0.06647869871181236, 'best_bleu': 0.06647869871181236}
test_data: {'rouge-1': 0.14999999875000003, 'rouge-2': 0.12499999875000002, 'rouge-l': 0.14999999875000003, 'bleu': 0.06647869871181236}

2024-07-06 23:29:02 - Start  Epoch: 17/20

  1/567 [..............................] - ETA: 0:00<0:45 - loss: 3.7245 
  2/567 [..............................] - ETA: 0:00<0:44 - loss: 3.7211 
  3/567 [..............................] - ETA: 0:00<0:44 - loss: 3.7153 
  4/567 [..............................] - ETA: 0:00<0:43 - loss: 3.7125 
  5/567 [..............................] - ETA: 0:00<0:43 - loss: 3.7045 
  6/567 [..............................] - ETA: 0:00<0:43 - loss: 3.6989 
  7/567 [..............................] - ETA: 0:00<0:42 - loss: 3.6914 
  8/567 [..............................] - ETA: 0:00<0:42 - loss: 3.6857 
  9/567 [..............................] - ETA: 0:00<0:42 - loss: 3.6816 
 10/567 [..............................] - ETA: 0:00<0:42 - loss: 3.6771 
 11/567 [..............................] - ETA: 0:00<0:42 - loss: 3.6742 
 12/567 [..............................] - ETA: 0:00<0:42 - loss: 3.6693 
 13/567 [..............................] - ETA: 0:00<0:42 - loss: 3.6645 
 14/567 [..............................] - ETA: 0:01<0:41 - loss: 3.6625 
 15/567 [..............................] - ETA: 0:01<0:41 - loss: 3.6595 
 16/567 [..............................] - ETA: 0:01<0:41 - loss: 3.6526 
 17/567 [..............................] - ETA: 0:01<0:41 - loss: 3.6468 
 18/567 [..............................] - ETA: 0:01<0:41 - loss: 3.6410 
 19/567 [>.............................] - ETA: 0:01<0:41 - loss: 3.6363 
 20/567 [>.............................] - ETA: 0:01<0:41 - loss: 3.6324 
 21/567 [>.............................] - ETA: 0:01<0:41 - loss: 3.6293 
 22/567 [>.............................] - ETA: 0:01<0:41 - loss: 3.6234 
 23/567 [>.............................] - ETA: 0:01<0:41 - loss: 3.6168 
 24/567 [>.............................] - ETA: 0:01<0:40 - loss: 3.6106 
 25/567 [>.............................] - ETA: 0:01<0:40 - loss: 3.6044 
 26/567 [>.............................] - ETA: 0:01<0:40 - loss: 3.5979 
 27/567 [>.............................] - ETA: 0:02<0:40 - loss: 3.5910 
 28/567 [>.............................] - ETA: 0:02<0:40 - loss: 3.5848 
 29/567 [>.............................] - ETA: 0:02<0:40 - loss: 3.5780 
 30/567 [>.............................] - ETA: 0:02<0:40 - loss: 3.5748 
 31/567 [>.............................] - ETA: 0:02<0:40 - loss: 3.5720 
 32/567 [>.............................] - ETA: 0:02<0:40 - loss: 3.5642 
 33/567 [>.............................] - ETA: 0:02<0:40 - loss: 3.5605 
 34/567 [>.............................] - ETA: 0:02<0:40 - loss: 3.5573 
 35/567 [>.............................] - ETA: 0:02<0:40 - loss: 3.5544 
 36/567 [>.............................] - ETA: 0:02<0:40 - loss: 3.5503 
 37/567 [>.............................] - ETA: 0:02<0:40 - loss: 3.5440 
 38/567 [=>............................] - ETA: 0:02<0:40 - loss: 3.5398 
 39/567 [=>............................] - ETA: 0:02<0:39 - loss: 3.5346 
 40/567 [=>............................] - ETA: 0:03<0:39 - loss: 3.5285 
 41/567 [=>............................] - ETA: 0:03<0:39 - loss: 3.5236 
 42/567 [=>............................] - ETA: 0:03<0:39 - loss: 3.5199 
 43/567 [=>............................] - ETA: 0:03<0:39 - loss: 3.5147 
 44/567 [=>............................] - ETA: 0:03<0:39 - loss: 3.5093 
 45/567 [=>............................] - ETA: 0:03<0:39 - loss: 3.5054 
 46/567 [=>............................] - ETA: 0:03<0:39 - loss: 3.4968 
 47/567 [=>............................] - ETA: 0:03<0:39 - loss: 3.4911 
 48/567 [=>............................] - ETA: 0:03<0:39 - loss: 3.4865 
 49/567 [=>............................] - ETA: 0:03<0:39 - loss: 3.4796 
 50/567 [=>............................] - ETA: 0:03<0:39 - loss: 3.4742 
 51/567 [=>............................] - ETA: 0:03<0:39 - loss: 3.4692 
 52/567 [=>............................] - ETA: 0:03<0:39 - loss: 3.4615 
 53/567 [=>............................] - ETA: 0:04<0:38 - loss: 3.4541 
 54/567 [=>............................] - ETA: 0:04<0:38 - loss: 3.4508 
 55/567 [=>............................] - ETA: 0:04<0:38 - loss: 3.4438 
 56/567 [=>............................] - ETA: 0:04<0:38 - loss: 3.4397 
 57/567 [==>...........................] - ETA: 0:04<0:38 - loss: 3.4356 
 58/567 [==>...........................] - ETA: 0:04<0:38 - loss: 3.4290 
 59/567 [==>...........................] - ETA: 0:04<0:38 - loss: 3.4259 
 60/567 [==>...........................] - ETA: 0:04<0:38 - loss: 3.4175 
 61/567 [==>...........................] - ETA: 0:04<0:38 - loss: 3.4140 
 62/567 [==>...........................] - ETA: 0:04<0:38 - loss: 3.4085 
 63/567 [==>...........................] - ETA: 0:04<0:38 - loss: 3.4062 
 64/567 [==>...........................] - ETA: 0:04<0:38 - loss: 3.4026 
 65/567 [==>...........................] - ETA: 0:04<0:38 - loss: 3.3989 
 66/567 [==>...........................] - ETA: 0:05<0:38 - loss: 3.3935 
 67/567 [==>...........................] - ETA: 0:05<0:37 - loss: 3.3861 
 68/567 [==>...........................] - ETA: 0:05<0:37 - loss: 3.3796 
 69/567 [==>...........................] - ETA: 0:05<0:37 - loss: 3.3758 
 70/567 [==>...........................] - ETA: 0:05<0:37 - loss: 3.3748 
 71/567 [==>...........................] - ETA: 0:05<0:37 - loss: 3.3692 
 72/567 [==>...........................] - ETA: 0:05<0:37 - loss: 3.3634 
 73/567 [==>...........................] - ETA: 0:05<0:37 - loss: 3.3616 
 74/567 [==>...........................] - ETA: 0:05<0:37 - loss: 3.3575 
 75/567 [==>...........................] - ETA: 0:05<0:37 - loss: 3.3508 
 76/567 [===>..........................] - ETA: 0:05<0:37 - loss: 3.3446 
 77/567 [===>..........................] - ETA: 0:05<0:37 - loss: 3.3433 
 78/567 [===>..........................] - ETA: 0:05<0:37 - loss: 3.3422 
 79/567 [===>..........................] - ETA: 0:05<0:37 - loss: 3.3380 
 80/567 [===>..........................] - ETA: 0:06<0:36 - loss: 3.3324 
 81/567 [===>..........................] - ETA: 0:06<0:36 - loss: 3.3310 
 82/567 [===>..........................] - ETA: 0:06<0:36 - loss: 3.3288 
 83/567 [===>..........................] - ETA: 0:06<0:36 - loss: 3.3241 
 84/567 [===>..........................] - ETA: 0:06<0:36 - loss: 3.3198 
 85/567 [===>..........................] - ETA: 0:06<0:36 - loss: 3.3148 
 86/567 [===>..........................] - ETA: 0:06<0:36 - loss: 3.3108 
 87/567 [===>..........................] - ETA: 0:06<0:36 - loss: 3.3064 
 88/567 [===>..........................] - ETA: 0:06<0:36 - loss: 3.3026 
 89/567 [===>..........................] - ETA: 0:06<0:36 - loss: 3.2965 
 90/567 [===>..........................] - ETA: 0:06<0:36 - loss: 3.2952 
 91/567 [===>..........................] - ETA: 0:06<0:36 - loss: 3.2896 
 92/567 [===>..........................] - ETA: 0:06<0:36 - loss: 3.2846 
 93/567 [===>..........................] - ETA: 0:07<0:35 - loss: 3.2765 
 94/567 [===>..........................] - ETA: 0:07<0:35 - loss: 3.2719 
 95/567 [====>.........................] - ETA: 0:07<0:35 - loss: 3.2670 
 96/567 [====>.........................] - ETA: 0:07<0:35 - loss: 3.2606 
 97/567 [====>.........................] - ETA: 0:07<0:35 - loss: 3.2550 
 98/567 [====>.........................] - ETA: 0:07<0:35 - loss: 3.2478 
 99/567 [====>.........................] - ETA: 0:07<0:35 - loss: 3.2419 
100/567 [====>.........................] - ETA: 0:07<0:35 - loss: 3.2359 
101/567 [====>.........................] - ETA: 0:07<0:35 - loss: 3.2351 
102/567 [====>.........................] - ETA: 0:07<0:35 - loss: 3.2339 
103/567 [====>.........................] - ETA: 0:07<0:35 - loss: 3.2330 
104/567 [====>.........................] - ETA: 0:07<0:35 - loss: 3.2316 
105/567 [====>.........................] - ETA: 0:07<0:35 - loss: 3.2322 
106/567 [====>.........................] - ETA: 0:08<0:34 - loss: 3.2316 
107/567 [====>.........................] - ETA: 0:08<0:34 - loss: 3.2341 
108/567 [====>.........................] - ETA: 0:08<0:34 - loss: 3.2331 
109/567 [====>.........................] - ETA: 0:08<0:34 - loss: 3.2328 
110/567 [====>.........................] - ETA: 0:08<0:34 - loss: 3.2334 
111/567 [====>.........................] - ETA: 0:08<0:34 - loss: 3.2329 
112/567 [====>.........................] - ETA: 0:08<0:34 - loss: 3.2342 
113/567 [====>.........................] - ETA: 0:08<0:34 - loss: 3.2328 
114/567 [=====>........................] - ETA: 0:08<0:34 - loss: 3.2310 
115/567 [=====>........................] - ETA: 0:08<0:34 - loss: 3.2319 
116/567 [=====>........................] - ETA: 0:08<0:34 - loss: 3.2319 
117/567 [=====>........................] - ETA: 0:08<0:34 - loss: 3.2342 
118/567 [=====>........................] - ETA: 0:08<0:34 - loss: 3.2374 
119/567 [=====>........................] - ETA: 0:09<0:34 - loss: 3.2395 
120/567 [=====>........................] - ETA: 0:09<0:33 - loss: 3.2410 
121/567 [=====>........................] - ETA: 0:09<0:33 - loss: 3.2426 
122/567 [=====>........................] - ETA: 0:09<0:33 - loss: 3.2427 
123/567 [=====>........................] - ETA: 0:09<0:33 - loss: 3.2458 
124/567 [=====>........................] - ETA: 0:09<0:33 - loss: 3.2469 
125/567 [=====>........................] - ETA: 0:09<0:33 - loss: 3.2474 
126/567 [=====>........................] - ETA: 0:09<0:33 - loss: 3.2480 
127/567 [=====>........................] - ETA: 0:09<0:33 - loss: 3.2504 
128/567 [=====>........................] - ETA: 0:09<0:33 - loss: 3.2516 
129/567 [=====>........................] - ETA: 0:09<0:33 - loss: 3.2543 
130/567 [=====>........................] - ETA: 0:09<0:33 - loss: 3.2534 
131/567 [=====>........................] - ETA: 0:09<0:33 - loss: 3.2528 
132/567 [=====>........................] - ETA: 0:10<0:33 - loss: 3.2544 
133/567 [======>.......................] - ETA: 0:10<0:32 - loss: 3.2554 
134/567 [======>.......................] - ETA: 0:10<0:32 - loss: 3.2520 
135/567 [======>.......................] - ETA: 0:10<0:32 - loss: 3.2507 
136/567 [======>.......................] - ETA: 0:10<0:32 - loss: 3.2494 
137/567 [======>.......................] - ETA: 0:10<0:32 - loss: 3.2521 
138/567 [======>.......................] - ETA: 0:10<0:32 - loss: 3.2545 
139/567 [======>.......................] - ETA: 0:10<0:32 - loss: 3.2558 
140/567 [======>.......................] - ETA: 0:10<0:32 - loss: 3.2563 
141/567 [======>.......................] - ETA: 0:10<0:32 - loss: 3.2573 
142/567 [======>.......................] - ETA: 0:10<0:32 - loss: 3.2569 
143/567 [======>.......................] - ETA: 0:10<0:32 - loss: 3.2592 
144/567 [======>.......................] - ETA: 0:10<0:32 - loss: 3.2591 
145/567 [======>.......................] - ETA: 0:11<0:32 - loss: 3.2600 
146/567 [======>.......................] - ETA: 0:11<0:31 - loss: 3.2624 
147/567 [======>.......................] - ETA: 0:11<0:31 - loss: 3.2637 
148/567 [======>.......................] - ETA: 0:11<0:31 - loss: 3.2632 
149/567 [======>.......................] - ETA: 0:11<0:31 - loss: 3.2651 
150/567 [======>.......................] - ETA: 0:11<0:31 - loss: 3.2693 
151/567 [======>.......................] - ETA: 0:11<0:31 - loss: 3.2679 
152/567 [=======>......................] - ETA: 0:11<0:31 - loss: 3.2703 
153/567 [=======>......................] - ETA: 0:11<0:31 - loss: 3.2731 
154/567 [=======>......................] - ETA: 0:11<0:31 - loss: 3.2744 
155/567 [=======>......................] - ETA: 0:11<0:31 - loss: 3.2774 
156/567 [=======>......................] - ETA: 0:11<0:31 - loss: 3.2768 
157/567 [=======>......................] - ETA: 0:11<0:31 - loss: 3.2762 
158/567 [=======>......................] - ETA: 0:11<0:31 - loss: 3.2764 
159/567 [=======>......................] - ETA: 0:12<0:30 - loss: 3.2738 
160/567 [=======>......................] - ETA: 0:12<0:30 - loss: 3.2761 
161/567 [=======>......................] - ETA: 0:12<0:30 - loss: 3.2773 
162/567 [=======>......................] - ETA: 0:12<0:30 - loss: 3.2775 
163/567 [=======>......................] - ETA: 0:12<0:30 - loss: 3.2769 
164/567 [=======>......................] - ETA: 0:12<0:30 - loss: 3.2764 
165/567 [=======>......................] - ETA: 0:12<0:30 - loss: 3.2760 
166/567 [=======>......................] - ETA: 0:12<0:30 - loss: 3.2772 
167/567 [=======>......................] - ETA: 0:12<0:30 - loss: 3.2825 
168/567 [=======>......................] - ETA: 0:12<0:30 - loss: 3.2825 
169/567 [=======>......................] - ETA: 0:12<0:30 - loss: 3.2815 
170/567 [=======>......................] - ETA: 0:12<0:30 - loss: 3.2788 
171/567 [========>.....................] - ETA: 0:12<0:30 - loss: 3.2783 
172/567 [========>.....................] - ETA: 0:13<0:29 - loss: 3.2804 
173/567 [========>.....................] - ETA: 0:13<0:29 - loss: 3.2789 
174/567 [========>.....................] - ETA: 0:13<0:29 - loss: 3.2797 
175/567 [========>.....................] - ETA: 0:13<0:29 - loss: 3.2822 
176/567 [========>.....................] - ETA: 0:13<0:29 - loss: 3.2871 
177/567 [========>.....................] - ETA: 0:13<0:29 - loss: 3.2862 
178/567 [========>.....................] - ETA: 0:13<0:29 - loss: 3.2856 
179/567 [========>.....................] - ETA: 0:13<0:29 - loss: 3.2874 
180/567 [========>.....................] - ETA: 0:13<0:29 - loss: 3.2878 
181/567 [========>.....................] - ETA: 0:13<0:29 - loss: 3.2834 
182/567 [========>.....................] - ETA: 0:13<0:29 - loss: 3.2816 
183/567 [========>.....................] - ETA: 0:13<0:29 - loss: 3.2806 
184/567 [========>.....................] - ETA: 0:13<0:29 - loss: 3.2812 
185/567 [========>.....................] - ETA: 0:14<0:28 - loss: 3.2828 
186/567 [========>.....................] - ETA: 0:14<0:28 - loss: 3.2821 
187/567 [========>.....................] - ETA: 0:14<0:28 - loss: 3.2843 
188/567 [========>.....................] - ETA: 0:14<0:28 - loss: 3.2861 
189/567 [=========>....................] - ETA: 0:14<0:28 - loss: 3.2884 
190/567 [=========>....................] - ETA: 0:14<0:28 - loss: 3.2876 
191/567 [=========>....................] - ETA: 0:14<0:28 - loss: 3.2884 
192/567 [=========>....................] - ETA: 0:14<0:28 - loss: 3.2868 
193/567 [=========>....................] - ETA: 0:14<0:28 - loss: 3.2888 
194/567 [=========>....................] - ETA: 0:14<0:28 - loss: 3.2889 
195/567 [=========>....................] - ETA: 0:14<0:28 - loss: 3.2909 
196/567 [=========>....................] - ETA: 0:14<0:28 - loss: 3.2937 
197/567 [=========>....................] - ETA: 0:14<0:28 - loss: 3.2937 
198/567 [=========>....................] - ETA: 0:15<0:28 - loss: 3.2942 
199/567 [=========>....................] - ETA: 0:15<0:27 - loss: 3.2941 
200/567 [=========>....................] - ETA: 0:15<0:27 - loss: 3.2951 
201/567 [=========>....................] - ETA: 0:15<0:27 - loss: 3.2955 
202/567 [=========>....................] - ETA: 0:15<0:27 - loss: 3.2958 
203/567 [=========>....................] - ETA: 0:15<0:27 - loss: 3.2963 
204/567 [=========>....................] - ETA: 0:15<0:27 - loss: 3.2966 
205/567 [=========>....................] - ETA: 0:15<0:27 - loss: 3.2978 
206/567 [=========>....................] - ETA: 0:15<0:27 - loss: 3.2991 
207/567 [=========>....................] - ETA: 0:15<0:27 - loss: 3.2994 
208/567 [==========>...................] - ETA: 0:15<0:27 - loss: 3.3009 
209/567 [==========>...................] - ETA: 0:15<0:27 - loss: 3.2999 
210/567 [==========>...................] - ETA: 0:15<0:27 - loss: 3.3017 
211/567 [==========>...................] - ETA: 0:16<0:27 - loss: 3.3032 
212/567 [==========>...................] - ETA: 0:16<0:26 - loss: 3.3045 
213/567 [==========>...................] - ETA: 0:16<0:26 - loss: 3.3070 
214/567 [==========>...................] - ETA: 0:16<0:26 - loss: 3.3072 
215/567 [==========>...................] - ETA: 0:16<0:26 - loss: 3.3053 
216/567 [==========>...................] - ETA: 0:16<0:26 - loss: 3.3060 
217/567 [==========>...................] - ETA: 0:16<0:26 - loss: 3.3042 
218/567 [==========>...................] - ETA: 0:16<0:26 - loss: 3.3044 
219/567 [==========>...................] - ETA: 0:16<0:26 - loss: 3.3067 
220/567 [==========>...................] - ETA: 0:16<0:26 - loss: 3.3048 
221/567 [==========>...................] - ETA: 0:16<0:26 - loss: 3.3039 
222/567 [==========>...................] - ETA: 0:16<0:26 - loss: 3.3046 
223/567 [==========>...................] - ETA: 0:16<0:26 - loss: 3.3037 
224/567 [==========>...................] - ETA: 0:17<0:26 - loss: 3.3018 
225/567 [==========>...................] - ETA: 0:17<0:25 - loss: 3.3053 
226/567 [==========>...................] - ETA: 0:17<0:25 - loss: 3.3075 
227/567 [===========>..................] - ETA: 0:17<0:25 - loss: 3.3082 
228/567 [===========>..................] - ETA: 0:17<0:25 - loss: 3.3088 
229/567 [===========>..................] - ETA: 0:17<0:25 - loss: 3.3087 
230/567 [===========>..................] - ETA: 0:17<0:25 - loss: 3.3097 
231/567 [===========>..................] - ETA: 0:17<0:25 - loss: 3.3110 
232/567 [===========>..................] - ETA: 0:17<0:25 - loss: 3.3099 
233/567 [===========>..................] - ETA: 0:17<0:25 - loss: 3.3069 
234/567 [===========>..................] - ETA: 0:17<0:25 - loss: 3.3105 
235/567 [===========>..................] - ETA: 0:17<0:25 - loss: 3.3094 
236/567 [===========>..................] - ETA: 0:17<0:25 - loss: 3.3116 
237/567 [===========>..................] - ETA: 0:17<0:25 - loss: 3.3110 
238/567 [===========>..................] - ETA: 0:18<0:24 - loss: 3.3084 
239/567 [===========>..................] - ETA: 0:18<0:24 - loss: 3.3076 
240/567 [===========>..................] - ETA: 0:18<0:24 - loss: 3.3096 
241/567 [===========>..................] - ETA: 0:18<0:24 - loss: 3.3092 
242/567 [===========>..................] - ETA: 0:18<0:24 - loss: 3.3090 
243/567 [===========>..................] - ETA: 0:18<0:24 - loss: 3.3094 
244/567 [===========>..................] - ETA: 0:18<0:24 - loss: 3.3115 
245/567 [===========>..................] - ETA: 0:18<0:24 - loss: 3.3104 
246/567 [============>.................] - ETA: 0:18<0:24 - loss: 3.3099 
247/567 [============>.................] - ETA: 0:18<0:24 - loss: 3.3079 
248/567 [============>.................] - ETA: 0:18<0:24 - loss: 3.3062 
249/567 [============>.................] - ETA: 0:18<0:24 - loss: 3.3066 
250/567 [============>.................] - ETA: 0:18<0:24 - loss: 3.3044 
251/567 [============>.................] - ETA: 0:19<0:23 - loss: 3.3070 
252/567 [============>.................] - ETA: 0:19<0:23 - loss: 3.3060 
253/567 [============>.................] - ETA: 0:19<0:23 - loss: 3.3061 
254/567 [============>.................] - ETA: 0:19<0:23 - loss: 3.3042 
255/567 [============>.................] - ETA: 0:19<0:23 - loss: 3.3016 
256/567 [============>.................] - ETA: 0:19<0:23 - loss: 3.3018 
257/567 [============>.................] - ETA: 0:19<0:23 - loss: 3.3009 
258/567 [============>.................] - ETA: 0:19<0:23 - loss: 3.3002 
259/567 [============>.................] - ETA: 0:19<0:23 - loss: 3.3019 
260/567 [============>.................] - ETA: 0:19<0:23 - loss: 3.3030 
261/567 [============>.................] - ETA: 0:19<0:23 - loss: 3.2996 
262/567 [============>.................] - ETA: 0:19<0:23 - loss: 3.2981 
263/567 [============>.................] - ETA: 0:19<0:23 - loss: 3.2989 
264/567 [============>.................] - ETA: 0:20<0:22 - loss: 3.2978 
265/567 [=============>................] - ETA: 0:20<0:22 - loss: 3.2977 
266/567 [=============>................] - ETA: 0:20<0:22 - loss: 3.2999 
267/567 [=============>................] - ETA: 0:20<0:22 - loss: 3.2978 
268/567 [=============>................] - ETA: 0:20<0:22 - loss: 3.2999 
269/567 [=============>................] - ETA: 0:20<0:22 - loss: 3.3008 
270/567 [=============>................] - ETA: 0:20<0:22 - loss: 3.3022 
271/567 [=============>................] - ETA: 0:20<0:22 - loss: 3.3033 
272/567 [=============>................] - ETA: 0:20<0:22 - loss: 3.3038 
273/567 [=============>................] - ETA: 0:20<0:22 - loss: 3.3056 
274/567 [=============>................] - ETA: 0:20<0:22 - loss: 3.3061 
275/567 [=============>................] - ETA: 0:20<0:22 - loss: 3.3073 
276/567 [=============>................] - ETA: 0:20<0:22 - loss: 3.3072 
277/567 [=============>................] - ETA: 0:20<0:21 - loss: 3.3094 
278/567 [=============>................] - ETA: 0:21<0:21 - loss: 3.3097 
279/567 [=============>................] - ETA: 0:21<0:21 - loss: 3.3102 
280/567 [=============>................] - ETA: 0:21<0:21 - loss: 3.3112 
281/567 [=============>................] - ETA: 0:21<0:21 - loss: 3.3169 
282/567 [=============>................] - ETA: 0:21<0:21 - loss: 3.3184 
283/567 [=============>................] - ETA: 0:21<0:21 - loss: 3.3192 
284/567 [==============>...............] - ETA: 0:21<0:21 - loss: 3.3184 
285/567 [==============>...............] - ETA: 0:21<0:21 - loss: 3.3171 
286/567 [==============>...............] - ETA: 0:21<0:21 - loss: 3.3166 
287/567 [==============>...............] - ETA: 0:21<0:21 - loss: 3.3145 
288/567 [==============>...............] - ETA: 0:21<0:21 - loss: 3.3150 
289/567 [==============>...............] - ETA: 0:21<0:21 - loss: 3.3138 
290/567 [==============>...............] - ETA: 0:21<0:20 - loss: 3.3149 
291/567 [==============>...............] - ETA: 0:22<0:20 - loss: 3.3143 
292/567 [==============>...............] - ETA: 0:22<0:20 - loss: 3.3154 
293/567 [==============>...............] - ETA: 0:22<0:20 - loss: 3.3158 
294/567 [==============>...............] - ETA: 0:22<0:20 - loss: 3.3158 
295/567 [==============>...............] - ETA: 0:22<0:20 - loss: 3.3191 
296/567 [==============>...............] - ETA: 0:22<0:20 - loss: 3.3177 
297/567 [==============>...............] - ETA: 0:22<0:20 - loss: 3.3191 
298/567 [==============>...............] - ETA: 0:22<0:20 - loss: 3.3199 
299/567 [==============>...............] - ETA: 0:22<0:20 - loss: 3.3217 
300/567 [==============>...............] - ETA: 0:22<0:20 - loss: 3.3163 
301/567 [==============>...............] - ETA: 0:22<0:20 - loss: 3.3173 
302/567 [==============>...............] - ETA: 0:22<0:20 - loss: 3.3202 
303/567 [===============>..............] - ETA: 0:22<0:19 - loss: 3.3174 
304/567 [===============>..............] - ETA: 0:23<0:19 - loss: 3.3175 
305/567 [===============>..............] - ETA: 0:23<0:19 - loss: 3.3174 
306/567 [===============>..............] - ETA: 0:23<0:19 - loss: 3.3159 
307/567 [===============>..............] - ETA: 0:23<0:19 - loss: 3.3161 
308/567 [===============>..............] - ETA: 0:23<0:19 - loss: 3.3164 
309/567 [===============>..............] - ETA: 0:23<0:19 - loss: 3.3200 
310/567 [===============>..............] - ETA: 0:23<0:19 - loss: 3.3193 
311/567 [===============>..............] - ETA: 0:23<0:19 - loss: 3.3176 
312/567 [===============>..............] - ETA: 0:23<0:19 - loss: 3.3168 
313/567 [===============>..............] - ETA: 0:23<0:19 - loss: 3.3152 
314/567 [===============>..............] - ETA: 0:23<0:19 - loss: 3.3145 
315/567 [===============>..............] - ETA: 0:23<0:19 - loss: 3.3164 
316/567 [===============>..............] - ETA: 0:23<0:18 - loss: 3.3157 
317/567 [===============>..............] - ETA: 0:23<0:18 - loss: 3.3185 
318/567 [===============>..............] - ETA: 0:24<0:18 - loss: 3.3173 
319/567 [===============>..............] - ETA: 0:24<0:18 - loss: 3.3140 
320/567 [===============>..............] - ETA: 0:24<0:18 - loss: 3.3153 
321/567 [===============>..............] - ETA: 0:24<0:18 - loss: 3.3153 
322/567 [================>.............] - ETA: 0:24<0:18 - loss: 3.3136 
323/567 [================>.............] - ETA: 0:24<0:18 - loss: 3.3129 
324/567 [================>.............] - ETA: 0:24<0:18 - loss: 3.3156 
325/567 [================>.............] - ETA: 0:24<0:18 - loss: 3.3123 
326/567 [================>.............] - ETA: 0:24<0:18 - loss: 3.3116 
327/567 [================>.............] - ETA: 0:24<0:18 - loss: 3.3092 
328/567 [================>.............] - ETA: 0:24<0:18 - loss: 3.3078 
329/567 [================>.............] - ETA: 0:24<0:17 - loss: 3.3076 
330/567 [================>.............] - ETA: 0:24<0:17 - loss: 3.3089 
331/567 [================>.............] - ETA: 0:25<0:17 - loss: 3.3078 
332/567 [================>.............] - ETA: 0:25<0:17 - loss: 3.3084 
333/567 [================>.............] - ETA: 0:25<0:17 - loss: 3.3118 
334/567 [================>.............] - ETA: 0:25<0:17 - loss: 3.3105 
335/567 [================>.............] - ETA: 0:25<0:17 - loss: 3.3119 
336/567 [================>.............] - ETA: 0:25<0:17 - loss: 3.3111 
337/567 [================>.............] - ETA: 0:25<0:17 - loss: 3.3129 
338/567 [================>.............] - ETA: 0:25<0:17 - loss: 3.3146 
339/567 [================>.............] - ETA: 0:25<0:17 - loss: 3.3170 
340/567 [================>.............] - ETA: 0:25<0:17 - loss: 3.3162 
341/567 [=================>............] - ETA: 0:25<0:17 - loss: 3.3141 
342/567 [=================>............] - ETA: 0:25<0:17 - loss: 3.3138 
343/567 [=================>............] - ETA: 0:25<0:16 - loss: 3.3139 
344/567 [=================>............] - ETA: 0:26<0:16 - loss: 3.3135 
345/567 [=================>............] - ETA: 0:26<0:16 - loss: 3.3122 
346/567 [=================>............] - ETA: 0:26<0:16 - loss: 3.3094 
347/567 [=================>............] - ETA: 0:26<0:16 - loss: 3.3103 
348/567 [=================>............] - ETA: 0:26<0:16 - loss: 3.3119 
349/567 [=================>............] - ETA: 0:26<0:16 - loss: 3.3123 
350/567 [=================>............] - ETA: 0:26<0:16 - loss: 3.3126 
351/567 [=================>............] - ETA: 0:26<0:16 - loss: 3.3109 
352/567 [=================>............] - ETA: 0:26<0:16 - loss: 3.3110 
353/567 [=================>............] - ETA: 0:26<0:16 - loss: 3.3105 
354/567 [=================>............] - ETA: 0:26<0:16 - loss: 3.3112 
355/567 [=================>............] - ETA: 0:26<0:16 - loss: 3.3151 
356/567 [=================>............] - ETA: 0:26<0:15 - loss: 3.3156 
357/567 [=================>............] - ETA: 0:26<0:15 - loss: 3.3165 
358/567 [=================>............] - ETA: 0:27<0:15 - loss: 3.3184 
359/567 [=================>............] - ETA: 0:27<0:15 - loss: 3.3193 
360/567 [==================>...........] - ETA: 0:27<0:15 - loss: 3.3192 
361/567 [==================>...........] - ETA: 0:27<0:15 - loss: 3.3234 
362/567 [==================>...........] - ETA: 0:27<0:15 - loss: 3.3257 
363/567 [==================>...........] - ETA: 0:27<0:15 - loss: 3.3257 
364/567 [==================>...........] - ETA: 0:27<0:15 - loss: 3.3277 
365/567 [==================>...........] - ETA: 0:27<0:15 - loss: 3.3282 
366/567 [==================>...........] - ETA: 0:27<0:15 - loss: 3.3258 
367/567 [==================>...........] - ETA: 0:27<0:15 - loss: 3.3276 
368/567 [==================>...........] - ETA: 0:27<0:15 - loss: 3.3281 
369/567 [==================>...........] - ETA: 0:27<0:14 - loss: 3.3290 
370/567 [==================>...........] - ETA: 0:27<0:14 - loss: 3.3273 
371/567 [==================>...........] - ETA: 0:28<0:14 - loss: 3.3277 
372/567 [==================>...........] - ETA: 0:28<0:14 - loss: 3.3274 
373/567 [==================>...........] - ETA: 0:28<0:14 - loss: 3.3269 
374/567 [==================>...........] - ETA: 0:28<0:14 - loss: 3.3291 
375/567 [==================>...........] - ETA: 0:28<0:14 - loss: 3.3276 
376/567 [==================>...........] - ETA: 0:28<0:14 - loss: 3.3255 
377/567 [==================>...........] - ETA: 0:28<0:14 - loss: 3.3252 
378/567 [===================>..........] - ETA: 0:28<0:14 - loss: 3.3231 
379/567 [===================>..........] - ETA: 0:28<0:14 - loss: 3.3230 
380/567 [===================>..........] - ETA: 0:28<0:14 - loss: 3.3216 
381/567 [===================>..........] - ETA: 0:28<0:14 - loss: 3.3194 
382/567 [===================>..........] - ETA: 0:28<0:13 - loss: 3.3209 
383/567 [===================>..........] - ETA: 0:28<0:13 - loss: 3.3206 
384/567 [===================>..........] - ETA: 0:29<0:13 - loss: 3.3217 
385/567 [===================>..........] - ETA: 0:29<0:13 - loss: 3.3238 
386/567 [===================>..........] - ETA: 0:29<0:13 - loss: 3.3246 
387/567 [===================>..........] - ETA: 0:29<0:13 - loss: 3.3266 
388/567 [===================>..........] - ETA: 0:29<0:13 - loss: 3.3258 
389/567 [===================>..........] - ETA: 0:29<0:13 - loss: 3.3294 
390/567 [===================>..........] - ETA: 0:29<0:13 - loss: 3.3300 
391/567 [===================>..........] - ETA: 0:29<0:13 - loss: 3.3337 
392/567 [===================>..........] - ETA: 0:29<0:13 - loss: 3.3348 
393/567 [===================>..........] - ETA: 0:29<0:13 - loss: 3.3352 
394/567 [===================>..........] - ETA: 0:29<0:13 - loss: 3.3365 
395/567 [===================>..........] - ETA: 0:29<0:12 - loss: 3.3335 
396/567 [===================>..........] - ETA: 0:29<0:12 - loss: 3.3312 
397/567 [====================>.........] - ETA: 0:29<0:12 - loss: 3.3307 
398/567 [====================>.........] - ETA: 0:30<0:12 - loss: 3.3307 
399/567 [====================>.........] - ETA: 0:30<0:12 - loss: 3.3318 
400/567 [====================>.........] - ETA: 0:30<0:12 - loss: 3.3372 
401/567 [====================>.........] - ETA: 0:30<0:12 - loss: 3.3379 
402/567 [====================>.........] - ETA: 0:30<0:12 - loss: 3.3367 
403/567 [====================>.........] - ETA: 0:30<0:12 - loss: 3.3411 
404/567 [====================>.........] - ETA: 0:30<0:12 - loss: 3.3413 
405/567 [====================>.........] - ETA: 0:30<0:12 - loss: 3.3430 
406/567 [====================>.........] - ETA: 0:30<0:12 - loss: 3.3438 
407/567 [====================>.........] - ETA: 0:30<0:12 - loss: 3.3436 
408/567 [====================>.........] - ETA: 0:30<0:12 - loss: 3.3447 
409/567 [====================>.........] - ETA: 0:30<0:11 - loss: 3.3417 
410/567 [====================>.........] - ETA: 0:30<0:11 - loss: 3.3409 
411/567 [====================>.........] - ETA: 0:31<0:11 - loss: 3.3433 
412/567 [====================>.........] - ETA: 0:31<0:11 - loss: 3.3440 
413/567 [====================>.........] - ETA: 0:31<0:11 - loss: 3.3442 
414/567 [====================>.........] - ETA: 0:31<0:11 - loss: 3.3471 
415/567 [====================>.........] - ETA: 0:31<0:11 - loss: 3.3475 
416/567 [=====================>........] - ETA: 0:31<0:11 - loss: 3.3498 
417/567 [=====================>........] - ETA: 0:31<0:11 - loss: 3.3494 
418/567 [=====================>........] - ETA: 0:31<0:11 - loss: 3.3494 
419/567 [=====================>........] - ETA: 0:31<0:11 - loss: 3.3513 
420/567 [=====================>........] - ETA: 0:31<0:11 - loss: 3.3513 
421/567 [=====================>........] - ETA: 0:31<0:11 - loss: 3.3521 
422/567 [=====================>........] - ETA: 0:31<0:10 - loss: 3.3532 
423/567 [=====================>........] - ETA: 0:31<0:10 - loss: 3.3553 
424/567 [=====================>........] - ETA: 0:32<0:10 - loss: 3.3554 
425/567 [=====================>........] - ETA: 0:32<0:10 - loss: 3.3578 
426/567 [=====================>........] - ETA: 0:32<0:10 - loss: 3.3571 
427/567 [=====================>........] - ETA: 0:32<0:10 - loss: 3.3595 
428/567 [=====================>........] - ETA: 0:32<0:10 - loss: 3.3587 
429/567 [=====================>........] - ETA: 0:32<0:10 - loss: 3.3572 
430/567 [=====================>........] - ETA: 0:32<0:10 - loss: 3.3568 
431/567 [=====================>........] - ETA: 0:32<0:10 - loss: 3.3573 
432/567 [=====================>........] - ETA: 0:32<0:10 - loss: 3.3589 
433/567 [=====================>........] - ETA: 0:32<0:10 - loss: 3.3579 
434/567 [=====================>........] - ETA: 0:32<0:10 - loss: 3.3590 
435/567 [======================>.......] - ETA: 0:32<0:09 - loss: 3.3593 
436/567 [======================>.......] - ETA: 0:32<0:09 - loss: 3.3593 
437/567 [======================>.......] - ETA: 0:33<0:09 - loss: 3.3590 
438/567 [======================>.......] - ETA: 0:33<0:09 - loss: 3.3600 
439/567 [======================>.......] - ETA: 0:33<0:09 - loss: 3.3582 
440/567 [======================>.......] - ETA: 0:33<0:09 - loss: 3.3573 
441/567 [======================>.......] - ETA: 0:33<0:09 - loss: 3.3597 
442/567 [======================>.......] - ETA: 0:33<0:09 - loss: 3.3611 
443/567 [======================>.......] - ETA: 0:33<0:09 - loss: 3.3614 
444/567 [======================>.......] - ETA: 0:33<0:09 - loss: 3.3623 
445/567 [======================>.......] - ETA: 0:33<0:09 - loss: 3.3635 
446/567 [======================>.......] - ETA: 0:33<0:09 - loss: 3.3668 
447/567 [======================>.......] - ETA: 0:33<0:09 - loss: 3.3652 
448/567 [======================>.......] - ETA: 0:33<0:08 - loss: 3.3658 
449/567 [======================>.......] - ETA: 0:33<0:08 - loss: 3.3628 
450/567 [======================>.......] - ETA: 0:33<0:08 - loss: 3.3625 
451/567 [======================>.......] - ETA: 0:34<0:08 - loss: 3.3638 
452/567 [======================>.......] - ETA: 0:34<0:08 - loss: 3.3659 
453/567 [======================>.......] - ETA: 0:34<0:08 - loss: 3.3648 
454/567 [=======================>......] - ETA: 0:34<0:08 - loss: 3.3642 
455/567 [=======================>......] - ETA: 0:34<0:08 - loss: 3.3637 
456/567 [=======================>......] - ETA: 0:34<0:08 - loss: 3.3632 
457/567 [=======================>......] - ETA: 0:34<0:08 - loss: 3.3626 
458/567 [=======================>......] - ETA: 0:34<0:08 - loss: 3.3619 
459/567 [=======================>......] - ETA: 0:34<0:08 - loss: 3.3632 
460/567 [=======================>......] - ETA: 0:34<0:08 - loss: 3.3647 
461/567 [=======================>......] - ETA: 0:34<0:08 - loss: 3.3655 
462/567 [=======================>......] - ETA: 0:34<0:07 - loss: 3.3673 
463/567 [=======================>......] - ETA: 0:34<0:07 - loss: 3.3686 
464/567 [=======================>......] - ETA: 0:35<0:07 - loss: 3.3693 
465/567 [=======================>......] - ETA: 0:35<0:07 - loss: 3.3697 
466/567 [=======================>......] - ETA: 0:35<0:07 - loss: 3.3698 
467/567 [=======================>......] - ETA: 0:35<0:07 - loss: 3.3700 
468/567 [=======================>......] - ETA: 0:35<0:07 - loss: 3.3695 
469/567 [=======================>......] - ETA: 0:35<0:07 - loss: 3.3694 
470/567 [=======================>......] - ETA: 0:35<0:07 - loss: 3.3714 
471/567 [=======================>......] - ETA: 0:35<0:07 - loss: 3.3714 
472/567 [=======================>......] - ETA: 0:35<0:07 - loss: 3.3720 
473/567 [========================>.....] - ETA: 0:35<0:07 - loss: 3.3717 
474/567 [========================>.....] - ETA: 0:35<0:07 - loss: 3.3686 
475/567 [========================>.....] - ETA: 0:35<0:06 - loss: 3.3690 
476/567 [========================>.....] - ETA: 0:35<0:06 - loss: 3.3705 
477/567 [========================>.....] - ETA: 0:35<0:06 - loss: 3.3679 
478/567 [========================>.....] - ETA: 0:36<0:06 - loss: 3.3714 
479/567 [========================>.....] - ETA: 0:36<0:06 - loss: 3.3715 
480/567 [========================>.....] - ETA: 0:36<0:06 - loss: 3.3717 
481/567 [========================>.....] - ETA: 0:36<0:06 - loss: 3.3716 
482/567 [========================>.....] - ETA: 0:36<0:06 - loss: 3.3726 
483/567 [========================>.....] - ETA: 0:36<0:06 - loss: 3.3754 
484/567 [========================>.....] - ETA: 0:36<0:06 - loss: 3.3759 
485/567 [========================>.....] - ETA: 0:36<0:06 - loss: 3.3770 
486/567 [========================>.....] - ETA: 0:36<0:06 - loss: 3.3770 
487/567 [========================>.....] - ETA: 0:36<0:06 - loss: 3.3755 
488/567 [========================>.....] - ETA: 0:36<0:05 - loss: 3.3760 
489/567 [========================>.....] - ETA: 0:36<0:05 - loss: 3.3754 
490/567 [========================>.....] - ETA: 0:36<0:05 - loss: 3.3732 
491/567 [========================>.....] - ETA: 0:37<0:05 - loss: 3.3702 
492/567 [=========================>....] - ETA: 0:37<0:05 - loss: 3.3688 
493/567 [=========================>....] - ETA: 0:37<0:05 - loss: 3.3693 
494/567 [=========================>....] - ETA: 0:37<0:05 - loss: 3.3692 
495/567 [=========================>....] - ETA: 0:37<0:05 - loss: 3.3688 
496/567 [=========================>....] - ETA: 0:37<0:05 - loss: 3.3717 
497/567 [=========================>....] - ETA: 0:37<0:05 - loss: 3.3708 
498/567 [=========================>....] - ETA: 0:37<0:05 - loss: 3.3722 
499/567 [=========================>....] - ETA: 0:37<0:05 - loss: 3.3702 
500/567 [=========================>....] - ETA: 0:37<0:05 - loss: 3.3700 
501/567 [=========================>....] - ETA: 0:37<0:04 - loss: 3.3692 
502/567 [=========================>....] - ETA: 0:37<0:04 - loss: 3.3706 
503/567 [=========================>....] - ETA: 0:37<0:04 - loss: 3.3694 
504/567 [=========================>....] - ETA: 0:38<0:04 - loss: 3.3713 
505/567 [=========================>....] - ETA: 0:38<0:04 - loss: 3.3673 
506/567 [=========================>....] - ETA: 0:38<0:04 - loss: 3.3662 
507/567 [=========================>....] - ETA: 0:38<0:04 - loss: 3.3662 
508/567 [=========================>....] - ETA: 0:38<0:04 - loss: 3.3661 
509/567 [=========================>....] - ETA: 0:38<0:04 - loss: 3.3684 
510/567 [=========================>....] - ETA: 0:38<0:04 - loss: 3.3689 
511/567 [==========================>...] - ETA: 0:38<0:04 - loss: 3.3684 
512/567 [==========================>...] - ETA: 0:38<0:04 - loss: 3.3674 
513/567 [==========================>...] - ETA: 0:38<0:04 - loss: 3.3669 
514/567 [==========================>...] - ETA: 0:38<0:03 - loss: 3.3671 
515/567 [==========================>...] - ETA: 0:38<0:03 - loss: 3.3646 
516/567 [==========================>...] - ETA: 0:38<0:03 - loss: 3.3637 
517/567 [==========================>...] - ETA: 0:38<0:03 - loss: 3.3643 
518/567 [==========================>...] - ETA: 0:39<0:03 - loss: 3.3646 
519/567 [==========================>...] - ETA: 0:39<0:03 - loss: 3.3621 
520/567 [==========================>...] - ETA: 0:39<0:03 - loss: 3.3633 
521/567 [==========================>...] - ETA: 0:39<0:03 - loss: 3.3632 
522/567 [==========================>...] - ETA: 0:39<0:03 - loss: 3.3619 
523/567 [==========================>...] - ETA: 0:39<0:03 - loss: 3.3606 
524/567 [==========================>...] - ETA: 0:39<0:03 - loss: 3.3602 
525/567 [==========================>...] - ETA: 0:39<0:03 - loss: 3.3612 
526/567 [==========================>...] - ETA: 0:39<0:03 - loss: 3.3629 
527/567 [==========================>...] - ETA: 0:39<0:03 - loss: 3.3617 
528/567 [==========================>...] - ETA: 0:39<0:02 - loss: 3.3665 
529/567 [==========================>...] - ETA: 0:39<0:02 - loss: 3.3669 
530/567 [===========================>..] - ETA: 0:39<0:02 - loss: 3.3667 
531/567 [===========================>..] - ETA: 0:40<0:02 - loss: 3.3665 
532/567 [===========================>..] - ETA: 0:40<0:02 - loss: 3.3662 
533/567 [===========================>..] - ETA: 0:40<0:02 - loss: 3.3665 
534/567 [===========================>..] - ETA: 0:40<0:02 - loss: 3.3662 
535/567 [===========================>..] - ETA: 0:40<0:02 - loss: 3.3658 
536/567 [===========================>..] - ETA: 0:40<0:02 - loss: 3.3649 
537/567 [===========================>..] - ETA: 0:40<0:02 - loss: 3.3656 
538/567 [===========================>..] - ETA: 0:40<0:02 - loss: 3.3644 
539/567 [===========================>..] - ETA: 0:40<0:02 - loss: 3.3656 
540/567 [===========================>..] - ETA: 0:40<0:02 - loss: 3.3683 
541/567 [===========================>..] - ETA: 0:40<0:01 - loss: 3.3680 
542/567 [===========================>..] - ETA: 0:40<0:01 - loss: 3.3693 
543/567 [===========================>..] - ETA: 0:40<0:01 - loss: 3.3685 
544/567 [===========================>..] - ETA: 0:41<0:01 - loss: 3.3682 
545/567 [===========================>..] - ETA: 0:41<0:01 - loss: 3.3646 
546/567 [===========================>..] - ETA: 0:41<0:01 - loss: 3.3651 
547/567 [===========================>..] - ETA: 0:41<0:01 - loss: 3.3666 
548/567 [===========================>..] - ETA: 0:41<0:01 - loss: 3.3681 
549/567 [============================>.] - ETA: 0:41<0:01 - loss: 3.3706 
550/567 [============================>.] - ETA: 0:41<0:01 - loss: 3.3739 
551/567 [============================>.] - ETA: 0:41<0:01 - loss: 3.3755 
552/567 [============================>.] - ETA: 0:41<0:01 - loss: 3.3733 
553/567 [============================>.] - ETA: 0:41<0:01 - loss: 3.3738 
554/567 [============================>.] - ETA: 0:41<0:00 - loss: 3.3728 
555/567 [============================>.] - ETA: 0:41<0:00 - loss: 3.3741 
556/567 [============================>.] - ETA: 0:41<0:00 - loss: 3.3742 
557/567 [============================>.] - ETA: 0:41<0:00 - loss: 3.3762 
558/567 [============================>.] - ETA: 0:42<0:00 - loss: 3.3757 
559/567 [============================>.] - ETA: 0:42<0:00 - loss: 3.3748 
560/567 [============================>.] - ETA: 0:42<0:00 - loss: 3.3756 
561/567 [============================>.] - ETA: 0:42<0:00 - loss: 3.3740 
562/567 [============================>.] - ETA: 0:42<0:00 - loss: 3.3721 
563/567 [============================>.] - ETA: 0:42<0:00 - loss: 3.3735 
564/567 [============================>.] - ETA: 0:42<0:00 - loss: 3.3711 
565/567 [============================>.] - ETA: 0:42<0:00 - loss: 3.3733 
566/567 [============================>.] - ETA: 0:42<0:00 - loss: 3.3729 
567/567 [==============================] - 0:42 75ms/step - loss: 3.3743 
2024-07-06 23:29:45 - Finish Epoch: 17/20 - loss: 3.3186
日晃百花色    风动千林翠
  0%|                                                                                                                                                    | 0/4 [00:00<?, ?it/s] 50%|██████████████████████████████████████████████████████████████████████                                                                      | 2/4 [00:00<00:00, 18.17it/s]100%|████████████████████████████████████████████████████████████████████████████████████████████████████████████████████████████████████████████| 4/4 [00:00<00:00, 18.17it/s]100%|████████████████████████████████████████████████████████████████████████████████████████████████████████████████████████████████████████████| 4/4 [00:00<00:00, 18.16it/s]
  0%|                                                                                                                                                    | 0/4 [00:00<?, ?it/s] 50%|██████████████████████████████████████████████████████████████████████                                                                      | 2/4 [00:00<00:00, 18.13it/s]100%|████████████████████████████████████████████████████████████████████████████████████████████████████████████████████████████████████████████| 4/4 [00:00<00:00, 18.13it/s]100%|████████████████████████████████████████████████████████████████████████████████████████████████████████████████████████████████████████████| 4/4 [00:00<00:00, 18.11it/s]
valid_data: {'rouge-1': 0.16249999757812505, 'rouge-2': 0.06249999875000002, 'rouge-l': 0.16249999757812505, 'bleu': 0.042989346004706996, 'best_bleu': 0.06647869871181236}
test_data: {'rouge-1': 0.16249999757812505, 'rouge-2': 0.06249999875000002, 'rouge-l': 0.16249999757812505, 'bleu': 0.042989346004706996}

2024-07-06 23:29:45 - Start  Epoch: 18/20

  1/567 [..............................] - ETA: 0:00<0:43 - loss: 3.3681 
  2/567 [..............................] - ETA: 0:00<0:42 - loss: 3.3645 
  3/567 [..............................] - ETA: 0:00<0:42 - loss: 3.3600 
  4/567 [..............................] - ETA: 0:00<0:42 - loss: 3.3572 
  5/567 [..............................] - ETA: 0:00<0:42 - loss: 3.3526 
  6/567 [..............................] - ETA: 0:00<0:42 - loss: 3.3488 
  7/567 [..............................] - ETA: 0:00<0:42 - loss: 3.3433 
  8/567 [..............................] - ETA: 0:00<0:42 - loss: 3.3392 
  9/567 [..............................] - ETA: 0:00<0:42 - loss: 3.3330 
 10/567 [..............................] - ETA: 0:00<0:41 - loss: 3.3320 
 11/567 [..............................] - ETA: 0:00<0:41 - loss: 3.3246 
 12/567 [..............................] - ETA: 0:00<0:41 - loss: 3.3186 
 13/567 [..............................] - ETA: 0:00<0:41 - loss: 3.3161 
 14/567 [..............................] - ETA: 0:01<0:41 - loss: 3.3124 
 15/567 [..............................] - ETA: 0:01<0:41 - loss: 3.3041 
 16/567 [..............................] - ETA: 0:01<0:41 - loss: 3.2958 
 17/567 [..............................] - ETA: 0:01<0:41 - loss: 3.2899 
 18/567 [..............................] - ETA: 0:01<0:41 - loss: 3.2824 
 19/567 [>.............................] - ETA: 0:01<0:41 - loss: 3.2800 
 20/567 [>.............................] - ETA: 0:01<0:41 - loss: 3.2773 
 21/567 [>.............................] - ETA: 0:01<0:41 - loss: 3.2724 
 22/567 [>.............................] - ETA: 0:01<0:41 - loss: 3.2681 
 23/567 [>.............................] - ETA: 0:01<0:40 - loss: 3.2649 
 24/567 [>.............................] - ETA: 0:01<0:41 - loss: 3.2601 
 25/567 [>.............................] - ETA: 0:01<0:40 - loss: 3.2578 
 26/567 [>.............................] - ETA: 0:01<0:40 - loss: 3.2513 
 27/567 [>.............................] - ETA: 0:02<0:40 - loss: 3.2442 
 28/567 [>.............................] - ETA: 0:02<0:40 - loss: 3.2396 
 29/567 [>.............................] - ETA: 0:02<0:40 - loss: 3.2367 
 30/567 [>.............................] - ETA: 0:02<0:40 - loss: 3.2303 
 31/567 [>.............................] - ETA: 0:02<0:40 - loss: 3.2237 
 32/567 [>.............................] - ETA: 0:02<0:40 - loss: 3.2210 
 33/567 [>.............................] - ETA: 0:02<0:40 - loss: 3.2143 
 34/567 [>.............................] - ETA: 0:02<0:40 - loss: 3.2094 
 35/567 [>.............................] - ETA: 0:02<0:40 - loss: 3.2031 
 36/567 [>.............................] - ETA: 0:02<0:40 - loss: 3.1982 
 37/567 [>.............................] - ETA: 0:02<0:39 - loss: 3.1906 
 38/567 [=>............................] - ETA: 0:02<0:39 - loss: 3.1871 
 39/567 [=>............................] - ETA: 0:02<0:39 - loss: 3.1830 
 40/567 [=>............................] - ETA: 0:03<0:39 - loss: 3.1793 
 41/567 [=>............................] - ETA: 0:03<0:39 - loss: 3.1724 
 42/567 [=>............................] - ETA: 0:03<0:39 - loss: 3.1659 
 43/567 [=>............................] - ETA: 0:03<0:39 - loss: 3.1596 
 44/567 [=>............................] - ETA: 0:03<0:39 - loss: 3.1551 
 45/567 [=>............................] - ETA: 0:03<0:39 - loss: 3.1505 
 46/567 [=>............................] - ETA: 0:03<0:39 - loss: 3.1460 
 47/567 [=>............................] - ETA: 0:03<0:39 - loss: 3.1388 
 48/567 [=>............................] - ETA: 0:03<0:39 - loss: 3.1362 
 49/567 [=>............................] - ETA: 0:03<0:38 - loss: 3.1316 
 50/567 [=>............................] - ETA: 0:03<0:38 - loss: 3.1266 
 51/567 [=>............................] - ETA: 0:03<0:38 - loss: 3.1221 
 52/567 [=>............................] - ETA: 0:03<0:38 - loss: 3.1185 
 53/567 [=>............................] - ETA: 0:03<0:38 - loss: 3.1136 
 54/567 [=>............................] - ETA: 0:04<0:38 - loss: 3.1080 
 55/567 [=>............................] - ETA: 0:04<0:38 - loss: 3.1059 
 56/567 [=>............................] - ETA: 0:04<0:38 - loss: 3.1014 
 57/567 [==>...........................] - ETA: 0:04<0:38 - loss: 3.0958 
 58/567 [==>...........................] - ETA: 0:04<0:38 - loss: 3.0909 
 59/567 [==>...........................] - ETA: 0:04<0:38 - loss: 3.0856 
 60/567 [==>...........................] - ETA: 0:04<0:38 - loss: 3.0816 
 61/567 [==>...........................] - ETA: 0:04<0:38 - loss: 3.0739 
 62/567 [==>...........................] - ETA: 0:04<0:37 - loss: 3.0696 
 63/567 [==>...........................] - ETA: 0:04<0:37 - loss: 3.0635 
 64/567 [==>...........................] - ETA: 0:04<0:37 - loss: 3.0594 
 65/567 [==>...........................] - ETA: 0:04<0:37 - loss: 3.0557 
 66/567 [==>...........................] - ETA: 0:04<0:37 - loss: 3.0527 
 67/567 [==>...........................] - ETA: 0:05<0:37 - loss: 3.0455 
 68/567 [==>...........................] - ETA: 0:05<0:37 - loss: 3.0411 
 69/567 [==>...........................] - ETA: 0:05<0:37 - loss: 3.0377 
 70/567 [==>...........................] - ETA: 0:05<0:37 - loss: 3.0318 
 71/567 [==>...........................] - ETA: 0:05<0:37 - loss: 3.0268 
 72/567 [==>...........................] - ETA: 0:05<0:37 - loss: 3.0209 
 73/567 [==>...........................] - ETA: 0:05<0:37 - loss: 3.0164 
 74/567 [==>...........................] - ETA: 0:05<0:37 - loss: 3.0132 
 75/567 [==>...........................] - ETA: 0:05<0:36 - loss: 3.0070 
 76/567 [===>..........................] - ETA: 0:05<0:36 - loss: 3.0022 
 77/567 [===>..........................] - ETA: 0:05<0:36 - loss: 2.9961 
 78/567 [===>..........................] - ETA: 0:05<0:36 - loss: 2.9956 
 79/567 [===>..........................] - ETA: 0:05<0:36 - loss: 2.9926 
 80/567 [===>..........................] - ETA: 0:06<0:36 - loss: 2.9868 
 81/567 [===>..........................] - ETA: 0:06<0:36 - loss: 2.9813 
 82/567 [===>..........................] - ETA: 0:06<0:36 - loss: 2.9742 
 83/567 [===>..........................] - ETA: 0:06<0:36 - loss: 2.9653 
 84/567 [===>..........................] - ETA: 0:06<0:36 - loss: 2.9595 
 85/567 [===>..........................] - ETA: 0:06<0:36 - loss: 2.9540 
 86/567 [===>..........................] - ETA: 0:06<0:36 - loss: 2.9514 
 87/567 [===>..........................] - ETA: 0:06<0:36 - loss: 2.9491 
 88/567 [===>..........................] - ETA: 0:06<0:35 - loss: 2.9417 
 89/567 [===>..........................] - ETA: 0:06<0:35 - loss: 2.9388 
 90/567 [===>..........................] - ETA: 0:06<0:35 - loss: 2.9347 
 91/567 [===>..........................] - ETA: 0:06<0:35 - loss: 2.9317 
 92/567 [===>..........................] - ETA: 0:06<0:35 - loss: 2.9259 
 93/567 [===>..........................] - ETA: 0:06<0:35 - loss: 2.9212 
 94/567 [===>..........................] - ETA: 0:07<0:35 - loss: 2.9148 
 95/567 [====>.........................] - ETA: 0:07<0:35 - loss: 2.9083 
 96/567 [====>.........................] - ETA: 0:07<0:35 - loss: 2.9014 
 97/567 [====>.........................] - ETA: 0:07<0:35 - loss: 2.8988 
 98/567 [====>.........................] - ETA: 0:07<0:35 - loss: 2.8926 
 99/567 [====>.........................] - ETA: 0:07<0:35 - loss: 2.8876 
100/567 [====>.........................] - ETA: 0:07<0:35 - loss: 2.8812 
101/567 [====>.........................] - ETA: 0:07<0:34 - loss: 2.8810 
102/567 [====>.........................] - ETA: 0:07<0:34 - loss: 2.8783 
103/567 [====>.........................] - ETA: 0:07<0:34 - loss: 2.8777 
104/567 [====>.........................] - ETA: 0:07<0:34 - loss: 2.8753 
105/567 [====>.........................] - ETA: 0:07<0:34 - loss: 2.8739 
106/567 [====>.........................] - ETA: 0:07<0:34 - loss: 2.8739 
107/567 [====>.........................] - ETA: 0:08<0:34 - loss: 2.8764 
108/567 [====>.........................] - ETA: 0:08<0:34 - loss: 2.8770 
109/567 [====>.........................] - ETA: 0:08<0:34 - loss: 2.8769 
110/567 [====>.........................] - ETA: 0:08<0:34 - loss: 2.8756 
111/567 [====>.........................] - ETA: 0:08<0:34 - loss: 2.8769 
112/567 [====>.........................] - ETA: 0:08<0:34 - loss: 2.8780 
113/567 [====>.........................] - ETA: 0:08<0:34 - loss: 2.8773 
114/567 [=====>........................] - ETA: 0:08<0:33 - loss: 2.8758 
115/567 [=====>........................] - ETA: 0:08<0:33 - loss: 2.8790 
116/567 [=====>........................] - ETA: 0:08<0:33 - loss: 2.8826 
117/567 [=====>........................] - ETA: 0:08<0:33 - loss: 2.8826 
118/567 [=====>........................] - ETA: 0:08<0:33 - loss: 2.8842 
119/567 [=====>........................] - ETA: 0:08<0:33 - loss: 2.8833 
120/567 [=====>........................] - ETA: 0:09<0:33 - loss: 2.8803 
121/567 [=====>........................] - ETA: 0:09<0:33 - loss: 2.8830 
122/567 [=====>........................] - ETA: 0:09<0:33 - loss: 2.8822 
123/567 [=====>........................] - ETA: 0:09<0:33 - loss: 2.8809 
124/567 [=====>........................] - ETA: 0:09<0:33 - loss: 2.8816 
125/567 [=====>........................] - ETA: 0:09<0:33 - loss: 2.8798 
126/567 [=====>........................] - ETA: 0:09<0:33 - loss: 2.8796 
127/567 [=====>........................] - ETA: 0:09<0:32 - loss: 2.8814 
128/567 [=====>........................] - ETA: 0:09<0:32 - loss: 2.8793 
129/567 [=====>........................] - ETA: 0:09<0:32 - loss: 2.8793 
130/567 [=====>........................] - ETA: 0:09<0:32 - loss: 2.8838 
131/567 [=====>........................] - ETA: 0:09<0:32 - loss: 2.8849 
132/567 [=====>........................] - ETA: 0:09<0:32 - loss: 2.8840 
133/567 [======>.......................] - ETA: 0:09<0:32 - loss: 2.8887 
134/567 [======>.......................] - ETA: 0:10<0:32 - loss: 2.8885 
135/567 [======>.......................] - ETA: 0:10<0:32 - loss: 2.8882 
136/567 [======>.......................] - ETA: 0:10<0:32 - loss: 2.8907 
137/567 [======>.......................] - ETA: 0:10<0:32 - loss: 2.8915 
138/567 [======>.......................] - ETA: 0:10<0:32 - loss: 2.8937 
139/567 [======>.......................] - ETA: 0:10<0:32 - loss: 2.8956 
140/567 [======>.......................] - ETA: 0:10<0:32 - loss: 2.8954 
141/567 [======>.......................] - ETA: 0:10<0:31 - loss: 2.8967 
142/567 [======>.......................] - ETA: 0:10<0:31 - loss: 2.8979 
143/567 [======>.......................] - ETA: 0:10<0:31 - loss: 2.8983 
144/567 [======>.......................] - ETA: 0:10<0:31 - loss: 2.8980 
145/567 [======>.......................] - ETA: 0:10<0:31 - loss: 2.8980 
146/567 [======>.......................] - ETA: 0:10<0:31 - loss: 2.9006 
147/567 [======>.......................] - ETA: 0:11<0:31 - loss: 2.9032 
148/567 [======>.......................] - ETA: 0:11<0:31 - loss: 2.9042 
149/567 [======>.......................] - ETA: 0:11<0:31 - loss: 2.9045 
150/567 [======>.......................] - ETA: 0:11<0:31 - loss: 2.9040 
151/567 [======>.......................] - ETA: 0:11<0:31 - loss: 2.9032 
152/567 [=======>......................] - ETA: 0:11<0:31 - loss: 2.9049 
153/567 [=======>......................] - ETA: 0:11<0:31 - loss: 2.9056 
154/567 [=======>......................] - ETA: 0:11<0:31 - loss: 2.9079 
155/567 [=======>......................] - ETA: 0:11<0:30 - loss: 2.9070 
156/567 [=======>......................] - ETA: 0:11<0:30 - loss: 2.9065 
157/567 [=======>......................] - ETA: 0:11<0:30 - loss: 2.9081 
158/567 [=======>......................] - ETA: 0:11<0:30 - loss: 2.9074 
159/567 [=======>......................] - ETA: 0:11<0:30 - loss: 2.9065 
160/567 [=======>......................] - ETA: 0:12<0:30 - loss: 2.9052 
161/567 [=======>......................] - ETA: 0:12<0:30 - loss: 2.9066 
162/567 [=======>......................] - ETA: 0:12<0:30 - loss: 2.9095 
163/567 [=======>......................] - ETA: 0:12<0:30 - loss: 2.9087 
164/567 [=======>......................] - ETA: 0:12<0:30 - loss: 2.9087 
165/567 [=======>......................] - ETA: 0:12<0:30 - loss: 2.9082 
166/567 [=======>......................] - ETA: 0:12<0:30 - loss: 2.9065 
167/567 [=======>......................] - ETA: 0:12<0:30 - loss: 2.9114 
168/567 [=======>......................] - ETA: 0:12<0:29 - loss: 2.9115 
169/567 [=======>......................] - ETA: 0:12<0:29 - loss: 2.9102 
170/567 [=======>......................] - ETA: 0:12<0:29 - loss: 2.9124 
171/567 [========>.....................] - ETA: 0:12<0:29 - loss: 2.9140 
172/567 [========>.....................] - ETA: 0:12<0:29 - loss: 2.9143 
173/567 [========>.....................] - ETA: 0:12<0:29 - loss: 2.9122 
174/567 [========>.....................] - ETA: 0:13<0:29 - loss: 2.9090 
175/567 [========>.....................] - ETA: 0:13<0:29 - loss: 2.9090 
176/567 [========>.....................] - ETA: 0:13<0:29 - loss: 2.9123 
177/567 [========>.....................] - ETA: 0:13<0:29 - loss: 2.9149 
178/567 [========>.....................] - ETA: 0:13<0:29 - loss: 2.9159 
179/567 [========>.....................] - ETA: 0:13<0:29 - loss: 2.9137 
180/567 [========>.....................] - ETA: 0:13<0:29 - loss: 2.9160 
181/567 [========>.....................] - ETA: 0:13<0:29 - loss: 2.9157 
182/567 [========>.....................] - ETA: 0:13<0:28 - loss: 2.9183 
183/567 [========>.....................] - ETA: 0:13<0:28 - loss: 2.9204 
184/567 [========>.....................] - ETA: 0:13<0:28 - loss: 2.9213 
185/567 [========>.....................] - ETA: 0:13<0:28 - loss: 2.9246 
186/567 [========>.....................] - ETA: 0:13<0:28 - loss: 2.9240 
187/567 [========>.....................] - ETA: 0:14<0:28 - loss: 2.9237 
188/567 [========>.....................] - ETA: 0:14<0:28 - loss: 2.9265 
189/567 [=========>....................] - ETA: 0:14<0:28 - loss: 2.9264 
190/567 [=========>....................] - ETA: 0:14<0:28 - loss: 2.9259 
191/567 [=========>....................] - ETA: 0:14<0:28 - loss: 2.9278 
192/567 [=========>....................] - ETA: 0:14<0:28 - loss: 2.9290 
193/567 [=========>....................] - ETA: 0:14<0:28 - loss: 2.9284 
194/567 [=========>....................] - ETA: 0:14<0:28 - loss: 2.9307 
195/567 [=========>....................] - ETA: 0:14<0:27 - loss: 2.9326 
196/567 [=========>....................] - ETA: 0:14<0:27 - loss: 2.9342 
197/567 [=========>....................] - ETA: 0:14<0:27 - loss: 2.9335 
198/567 [=========>....................] - ETA: 0:14<0:27 - loss: 2.9328 
199/567 [=========>....................] - ETA: 0:14<0:27 - loss: 2.9347 
200/567 [=========>....................] - ETA: 0:15<0:27 - loss: 2.9359 
201/567 [=========>....................] - ETA: 0:15<0:27 - loss: 2.9360 
202/567 [=========>....................] - ETA: 0:15<0:27 - loss: 2.9402 
203/567 [=========>....................] - ETA: 0:15<0:27 - loss: 2.9408 
204/567 [=========>....................] - ETA: 0:15<0:27 - loss: 2.9425 
205/567 [=========>....................] - ETA: 0:15<0:27 - loss: 2.9449 
206/567 [=========>....................] - ETA: 0:15<0:27 - loss: 2.9463 
207/567 [=========>....................] - ETA: 0:15<0:27 - loss: 2.9438 
208/567 [==========>...................] - ETA: 0:15<0:26 - loss: 2.9420 
209/567 [==========>...................] - ETA: 0:15<0:26 - loss: 2.9415 
210/567 [==========>...................] - ETA: 0:15<0:26 - loss: 2.9408 
211/567 [==========>...................] - ETA: 0:15<0:26 - loss: 2.9407 
212/567 [==========>...................] - ETA: 0:15<0:26 - loss: 2.9409 
213/567 [==========>...................] - ETA: 0:16<0:26 - loss: 2.9402 
214/567 [==========>...................] - ETA: 0:16<0:26 - loss: 2.9407 
215/567 [==========>...................] - ETA: 0:16<0:26 - loss: 2.9422 
216/567 [==========>...................] - ETA: 0:16<0:26 - loss: 2.9409 
217/567 [==========>...................] - ETA: 0:16<0:26 - loss: 2.9430 
218/567 [==========>...................] - ETA: 0:16<0:26 - loss: 2.9419 
219/567 [==========>...................] - ETA: 0:16<0:26 - loss: 2.9417 
220/567 [==========>...................] - ETA: 0:16<0:26 - loss: 2.9418 
221/567 [==========>...................] - ETA: 0:16<0:26 - loss: 2.9407 
222/567 [==========>...................] - ETA: 0:16<0:25 - loss: 2.9419 
223/567 [==========>...................] - ETA: 0:16<0:25 - loss: 2.9414 
224/567 [==========>...................] - ETA: 0:16<0:25 - loss: 2.9415 
225/567 [==========>...................] - ETA: 0:16<0:25 - loss: 2.9409 
226/567 [==========>...................] - ETA: 0:16<0:25 - loss: 2.9433 
227/567 [===========>..................] - ETA: 0:17<0:25 - loss: 2.9462 
228/567 [===========>..................] - ETA: 0:17<0:25 - loss: 2.9493 
229/567 [===========>..................] - ETA: 0:17<0:25 - loss: 2.9487 
230/567 [===========>..................] - ETA: 0:17<0:25 - loss: 2.9460 
231/567 [===========>..................] - ETA: 0:17<0:25 - loss: 2.9439 
232/567 [===========>..................] - ETA: 0:17<0:25 - loss: 2.9445 
233/567 [===========>..................] - ETA: 0:17<0:25 - loss: 2.9418 
234/567 [===========>..................] - ETA: 0:17<0:25 - loss: 2.9411 
235/567 [===========>..................] - ETA: 0:17<0:24 - loss: 2.9424 
236/567 [===========>..................] - ETA: 0:17<0:24 - loss: 2.9436 
237/567 [===========>..................] - ETA: 0:17<0:24 - loss: 2.9450 
238/567 [===========>..................] - ETA: 0:17<0:24 - loss: 2.9458 
239/567 [===========>..................] - ETA: 0:17<0:24 - loss: 2.9465 
240/567 [===========>..................] - ETA: 0:18<0:24 - loss: 2.9454 
241/567 [===========>..................] - ETA: 0:18<0:24 - loss: 2.9470 
242/567 [===========>..................] - ETA: 0:18<0:24 - loss: 2.9456 
243/567 [===========>..................] - ETA: 0:18<0:24 - loss: 2.9462 
244/567 [===========>..................] - ETA: 0:18<0:24 - loss: 2.9449 
245/567 [===========>..................] - ETA: 0:18<0:24 - loss: 2.9476 
246/567 [============>.................] - ETA: 0:18<0:24 - loss: 2.9475 
247/567 [============>.................] - ETA: 0:18<0:24 - loss: 2.9487 
248/567 [============>.................] - ETA: 0:18<0:23 - loss: 2.9485 
249/567 [============>.................] - ETA: 0:18<0:23 - loss: 2.9496 
250/567 [============>.................] - ETA: 0:18<0:23 - loss: 2.9490 
251/567 [============>.................] - ETA: 0:18<0:23 - loss: 2.9523 
252/567 [============>.................] - ETA: 0:18<0:23 - loss: 2.9503 
253/567 [============>.................] - ETA: 0:19<0:23 - loss: 2.9490 
254/567 [============>.................] - ETA: 0:19<0:23 - loss: 2.9487 
255/567 [============>.................] - ETA: 0:19<0:23 - loss: 2.9498 
256/567 [============>.................] - ETA: 0:19<0:23 - loss: 2.9510 
257/567 [============>.................] - ETA: 0:19<0:23 - loss: 2.9519 
258/567 [============>.................] - ETA: 0:19<0:23 - loss: 2.9512 
259/567 [============>.................] - ETA: 0:19<0:23 - loss: 2.9524 
260/567 [============>.................] - ETA: 0:19<0:23 - loss: 2.9541 
261/567 [============>.................] - ETA: 0:19<0:22 - loss: 2.9542 
262/567 [============>.................] - ETA: 0:19<0:22 - loss: 2.9494 
263/567 [============>.................] - ETA: 0:19<0:22 - loss: 2.9506 
264/567 [============>.................] - ETA: 0:19<0:22 - loss: 2.9506 
265/567 [=============>................] - ETA: 0:19<0:22 - loss: 2.9506 
266/567 [=============>................] - ETA: 0:19<0:22 - loss: 2.9508 
267/567 [=============>................] - ETA: 0:20<0:22 - loss: 2.9511 
268/567 [=============>................] - ETA: 0:20<0:22 - loss: 2.9519 
269/567 [=============>................] - ETA: 0:20<0:22 - loss: 2.9561 
270/567 [=============>................] - ETA: 0:20<0:22 - loss: 2.9538 
271/567 [=============>................] - ETA: 0:20<0:22 - loss: 2.9513 
272/567 [=============>................] - ETA: 0:20<0:22 - loss: 2.9536 
273/567 [=============>................] - ETA: 0:20<0:22 - loss: 2.9546 
274/567 [=============>................] - ETA: 0:20<0:22 - loss: 2.9561 
275/567 [=============>................] - ETA: 0:20<0:21 - loss: 2.9561 
276/567 [=============>................] - ETA: 0:20<0:21 - loss: 2.9527 
277/567 [=============>................] - ETA: 0:20<0:21 - loss: 2.9528 
278/567 [=============>................] - ETA: 0:20<0:21 - loss: 2.9514 
279/567 [=============>................] - ETA: 0:20<0:21 - loss: 2.9514 
280/567 [=============>................] - ETA: 0:21<0:21 - loss: 2.9521 
281/567 [=============>................] - ETA: 0:21<0:21 - loss: 2.9523 
282/567 [=============>................] - ETA: 0:21<0:21 - loss: 2.9531 
283/567 [=============>................] - ETA: 0:21<0:21 - loss: 2.9537 
284/567 [==============>...............] - ETA: 0:21<0:21 - loss: 2.9549 
285/567 [==============>...............] - ETA: 0:21<0:21 - loss: 2.9528 
286/567 [==============>...............] - ETA: 0:21<0:21 - loss: 2.9539 
287/567 [==============>...............] - ETA: 0:21<0:21 - loss: 2.9560 
288/567 [==============>...............] - ETA: 0:21<0:20 - loss: 2.9563 
289/567 [==============>...............] - ETA: 0:21<0:20 - loss: 2.9559 
290/567 [==============>...............] - ETA: 0:21<0:20 - loss: 2.9565 
291/567 [==============>...............] - ETA: 0:21<0:20 - loss: 2.9559 
292/567 [==============>...............] - ETA: 0:21<0:20 - loss: 2.9535 
293/567 [==============>...............] - ETA: 0:22<0:20 - loss: 2.9522 
294/567 [==============>...............] - ETA: 0:22<0:20 - loss: 2.9522 
295/567 [==============>...............] - ETA: 0:22<0:20 - loss: 2.9505 
296/567 [==============>...............] - ETA: 0:22<0:20 - loss: 2.9525 
297/567 [==============>...............] - ETA: 0:22<0:20 - loss: 2.9539 
298/567 [==============>...............] - ETA: 0:22<0:20 - loss: 2.9544 
299/567 [==============>...............] - ETA: 0:22<0:20 - loss: 2.9555 
300/567 [==============>...............] - ETA: 0:22<0:20 - loss: 2.9533 
301/567 [==============>...............] - ETA: 0:22<0:19 - loss: 2.9563 
302/567 [==============>...............] - ETA: 0:22<0:19 - loss: 2.9541 
303/567 [===============>..............] - ETA: 0:22<0:19 - loss: 2.9566 
304/567 [===============>..............] - ETA: 0:22<0:19 - loss: 2.9584 
305/567 [===============>..............] - ETA: 0:22<0:19 - loss: 2.9560 
306/567 [===============>..............] - ETA: 0:22<0:19 - loss: 2.9558 
307/567 [===============>..............] - ETA: 0:23<0:19 - loss: 2.9615 
308/567 [===============>..............] - ETA: 0:23<0:19 - loss: 2.9622 
309/567 [===============>..............] - ETA: 0:23<0:19 - loss: 2.9644 
310/567 [===============>..............] - ETA: 0:23<0:19 - loss: 2.9640 
311/567 [===============>..............] - ETA: 0:23<0:19 - loss: 2.9637 
312/567 [===============>..............] - ETA: 0:23<0:19 - loss: 2.9626 
313/567 [===============>..............] - ETA: 0:23<0:19 - loss: 2.9631 
314/567 [===============>..............] - ETA: 0:23<0:19 - loss: 2.9650 
315/567 [===============>..............] - ETA: 0:23<0:18 - loss: 2.9633 
316/567 [===============>..............] - ETA: 0:23<0:18 - loss: 2.9636 
317/567 [===============>..............] - ETA: 0:23<0:18 - loss: 2.9622 
318/567 [===============>..............] - ETA: 0:23<0:18 - loss: 2.9642 
319/567 [===============>..............] - ETA: 0:23<0:18 - loss: 2.9645 
320/567 [===============>..............] - ETA: 0:24<0:18 - loss: 2.9662 
321/567 [===============>..............] - ETA: 0:24<0:18 - loss: 2.9653 
322/567 [================>.............] - ETA: 0:24<0:18 - loss: 2.9644 
323/567 [================>.............] - ETA: 0:24<0:18 - loss: 2.9656 
324/567 [================>.............] - ETA: 0:24<0:18 - loss: 2.9670 
325/567 [================>.............] - ETA: 0:24<0:18 - loss: 2.9691 
326/567 [================>.............] - ETA: 0:24<0:18 - loss: 2.9685 
327/567 [================>.............] - ETA: 0:24<0:18 - loss: 2.9673 
328/567 [================>.............] - ETA: 0:24<0:17 - loss: 2.9684 
329/567 [================>.............] - ETA: 0:24<0:17 - loss: 2.9703 
330/567 [================>.............] - ETA: 0:24<0:17 - loss: 2.9720 
331/567 [================>.............] - ETA: 0:24<0:17 - loss: 2.9741 
332/567 [================>.............] - ETA: 0:24<0:17 - loss: 2.9747 
333/567 [================>.............] - ETA: 0:25<0:17 - loss: 2.9729 
334/567 [================>.............] - ETA: 0:25<0:17 - loss: 2.9753 
335/567 [================>.............] - ETA: 0:25<0:17 - loss: 2.9749 
336/567 [================>.............] - ETA: 0:25<0:17 - loss: 2.9713 
337/567 [================>.............] - ETA: 0:25<0:17 - loss: 2.9718 
338/567 [================>.............] - ETA: 0:25<0:17 - loss: 2.9720 
339/567 [================>.............] - ETA: 0:25<0:17 - loss: 2.9729 
340/567 [================>.............] - ETA: 0:25<0:17 - loss: 2.9735 
341/567 [=================>............] - ETA: 0:25<0:16 - loss: 2.9726 
342/567 [=================>............] - ETA: 0:25<0:16 - loss: 2.9735 
343/567 [=================>............] - ETA: 0:25<0:16 - loss: 2.9759 
344/567 [=================>............] - ETA: 0:25<0:16 - loss: 2.9792 
345/567 [=================>............] - ETA: 0:25<0:16 - loss: 2.9760 
346/567 [=================>............] - ETA: 0:26<0:16 - loss: 2.9732 
347/567 [=================>............] - ETA: 0:26<0:16 - loss: 2.9731 
348/567 [=================>............] - ETA: 0:26<0:16 - loss: 2.9712 
349/567 [=================>............] - ETA: 0:26<0:16 - loss: 2.9677 
350/567 [=================>............] - ETA: 0:26<0:16 - loss: 2.9692 
351/567 [=================>............] - ETA: 0:26<0:16 - loss: 2.9672 
352/567 [=================>............] - ETA: 0:26<0:16 - loss: 2.9707 
353/567 [=================>............] - ETA: 0:26<0:16 - loss: 2.9706 
354/567 [=================>............] - ETA: 0:26<0:16 - loss: 2.9713 
355/567 [=================>............] - ETA: 0:26<0:15 - loss: 2.9699 
356/567 [=================>............] - ETA: 0:26<0:15 - loss: 2.9683 
357/567 [=================>............] - ETA: 0:26<0:15 - loss: 2.9679 
358/567 [=================>............] - ETA: 0:26<0:15 - loss: 2.9681 
359/567 [=================>............] - ETA: 0:26<0:15 - loss: 2.9708 
360/567 [==================>...........] - ETA: 0:27<0:15 - loss: 2.9730 
361/567 [==================>...........] - ETA: 0:27<0:15 - loss: 2.9743 
362/567 [==================>...........] - ETA: 0:27<0:15 - loss: 2.9773 
363/567 [==================>...........] - ETA: 0:27<0:15 - loss: 2.9801 
364/567 [==================>...........] - ETA: 0:27<0:15 - loss: 2.9796 
365/567 [==================>...........] - ETA: 0:27<0:15 - loss: 2.9798 
366/567 [==================>...........] - ETA: 0:27<0:15 - loss: 2.9803 
367/567 [==================>...........] - ETA: 0:27<0:15 - loss: 2.9811 
368/567 [==================>...........] - ETA: 0:27<0:14 - loss: 2.9805 
369/567 [==================>...........] - ETA: 0:27<0:14 - loss: 2.9794 
370/567 [==================>...........] - ETA: 0:27<0:14 - loss: 2.9807 
371/567 [==================>...........] - ETA: 0:27<0:14 - loss: 2.9838 
372/567 [==================>...........] - ETA: 0:27<0:14 - loss: 2.9823 
373/567 [==================>...........] - ETA: 0:28<0:14 - loss: 2.9837 
374/567 [==================>...........] - ETA: 0:28<0:14 - loss: 2.9843 
375/567 [==================>...........] - ETA: 0:28<0:14 - loss: 2.9857 
376/567 [==================>...........] - ETA: 0:28<0:14 - loss: 2.9856 
377/567 [==================>...........] - ETA: 0:28<0:14 - loss: 2.9837 
378/567 [===================>..........] - ETA: 0:28<0:14 - loss: 2.9835 
379/567 [===================>..........] - ETA: 0:28<0:14 - loss: 2.9864 
380/567 [===================>..........] - ETA: 0:28<0:14 - loss: 2.9853 
381/567 [===================>..........] - ETA: 0:28<0:13 - loss: 2.9846 
382/567 [===================>..........] - ETA: 0:28<0:13 - loss: 2.9855 
383/567 [===================>..........] - ETA: 0:28<0:13 - loss: 2.9851 
384/567 [===================>..........] - ETA: 0:28<0:13 - loss: 2.9833 
385/567 [===================>..........] - ETA: 0:28<0:13 - loss: 2.9860 
386/567 [===================>..........] - ETA: 0:28<0:13 - loss: 2.9861 
387/567 [===================>..........] - ETA: 0:29<0:13 - loss: 2.9833 
388/567 [===================>..........] - ETA: 0:29<0:13 - loss: 2.9807 
389/567 [===================>..........] - ETA: 0:29<0:13 - loss: 2.9794 
390/567 [===================>..........] - ETA: 0:29<0:13 - loss: 2.9767 
391/567 [===================>..........] - ETA: 0:29<0:13 - loss: 2.9766 
392/567 [===================>..........] - ETA: 0:29<0:13 - loss: 2.9807 
393/567 [===================>..........] - ETA: 0:29<0:13 - loss: 2.9818 
394/567 [===================>..........] - ETA: 0:29<0:12 - loss: 2.9809 
395/567 [===================>..........] - ETA: 0:29<0:12 - loss: 2.9824 
396/567 [===================>..........] - ETA: 0:29<0:12 - loss: 2.9803 
397/567 [====================>.........] - ETA: 0:29<0:12 - loss: 2.9789 
398/567 [====================>.........] - ETA: 0:29<0:12 - loss: 2.9807 
399/567 [====================>.........] - ETA: 0:29<0:12 - loss: 2.9823 
400/567 [====================>.........] - ETA: 0:30<0:12 - loss: 2.9813 
401/567 [====================>.........] - ETA: 0:30<0:12 - loss: 2.9804 
402/567 [====================>.........] - ETA: 0:30<0:12 - loss: 2.9790 
403/567 [====================>.........] - ETA: 0:30<0:12 - loss: 2.9800 
404/567 [====================>.........] - ETA: 0:30<0:12 - loss: 2.9800 
405/567 [====================>.........] - ETA: 0:30<0:12 - loss: 2.9815 
406/567 [====================>.........] - ETA: 0:30<0:12 - loss: 2.9808 
407/567 [====================>.........] - ETA: 0:30<0:12 - loss: 2.9775 
408/567 [====================>.........] - ETA: 0:30<0:11 - loss: 2.9814 
409/567 [====================>.........] - ETA: 0:30<0:11 - loss: 2.9824 
410/567 [====================>.........] - ETA: 0:30<0:11 - loss: 2.9826 
411/567 [====================>.........] - ETA: 0:30<0:11 - loss: 2.9841 
412/567 [====================>.........] - ETA: 0:30<0:11 - loss: 2.9865 
413/567 [====================>.........] - ETA: 0:31<0:11 - loss: 2.9874 
414/567 [====================>.........] - ETA: 0:31<0:11 - loss: 2.9847 
415/567 [====================>.........] - ETA: 0:31<0:11 - loss: 2.9849 
416/567 [=====================>........] - ETA: 0:31<0:11 - loss: 2.9857 
417/567 [=====================>........] - ETA: 0:31<0:11 - loss: 2.9883 
418/567 [=====================>........] - ETA: 0:31<0:11 - loss: 2.9877 
419/567 [=====================>........] - ETA: 0:31<0:11 - loss: 2.9879 
420/567 [=====================>........] - ETA: 0:31<0:11 - loss: 2.9887 
421/567 [=====================>........] - ETA: 0:31<0:10 - loss: 2.9898 
422/567 [=====================>........] - ETA: 0:31<0:10 - loss: 2.9921 
423/567 [=====================>........] - ETA: 0:31<0:10 - loss: 2.9915 
424/567 [=====================>........] - ETA: 0:31<0:10 - loss: 2.9906 
425/567 [=====================>........] - ETA: 0:31<0:10 - loss: 2.9898 
426/567 [=====================>........] - ETA: 0:32<0:10 - loss: 2.9894 
427/567 [=====================>........] - ETA: 0:32<0:10 - loss: 2.9891 
428/567 [=====================>........] - ETA: 0:32<0:10 - loss: 2.9891 
429/567 [=====================>........] - ETA: 0:32<0:10 - loss: 2.9884 
430/567 [=====================>........] - ETA: 0:32<0:10 - loss: 2.9892 
431/567 [=====================>........] - ETA: 0:32<0:10 - loss: 2.9903 
432/567 [=====================>........] - ETA: 0:32<0:10 - loss: 2.9895 
433/567 [=====================>........] - ETA: 0:32<0:10 - loss: 2.9888 
434/567 [=====================>........] - ETA: 0:32<0:09 - loss: 2.9877 
435/567 [======================>.......] - ETA: 0:32<0:09 - loss: 2.9881 
436/567 [======================>.......] - ETA: 0:32<0:09 - loss: 2.9870 
437/567 [======================>.......] - ETA: 0:32<0:09 - loss: 2.9872 
438/567 [======================>.......] - ETA: 0:32<0:09 - loss: 2.9892 
439/567 [======================>.......] - ETA: 0:32<0:09 - loss: 2.9897 
440/567 [======================>.......] - ETA: 0:33<0:09 - loss: 2.9891 
441/567 [======================>.......] - ETA: 0:33<0:09 - loss: 2.9918 
442/567 [======================>.......] - ETA: 0:33<0:09 - loss: 2.9938 
443/567 [======================>.......] - ETA: 0:33<0:09 - loss: 2.9926 
444/567 [======================>.......] - ETA: 0:33<0:09 - loss: 2.9923 
445/567 [======================>.......] - ETA: 0:33<0:09 - loss: 2.9957 
446/567 [======================>.......] - ETA: 0:33<0:09 - loss: 2.9982 
447/567 [======================>.......] - ETA: 0:33<0:09 - loss: 3.0007 
448/567 [======================>.......] - ETA: 0:33<0:08 - loss: 3.0026 
449/567 [======================>.......] - ETA: 0:33<0:08 - loss: 3.0059 
450/567 [======================>.......] - ETA: 0:33<0:08 - loss: 3.0076 
451/567 [======================>.......] - ETA: 0:33<0:08 - loss: 3.0087 
452/567 [======================>.......] - ETA: 0:33<0:08 - loss: 3.0075 
453/567 [======================>.......] - ETA: 0:34<0:08 - loss: 3.0063 
454/567 [=======================>......] - ETA: 0:34<0:08 - loss: 3.0063 
455/567 [=======================>......] - ETA: 0:34<0:08 - loss: 3.0058 
456/567 [=======================>......] - ETA: 0:34<0:08 - loss: 3.0075 
457/567 [=======================>......] - ETA: 0:34<0:08 - loss: 3.0080 
458/567 [=======================>......] - ETA: 0:34<0:08 - loss: 3.0088 
459/567 [=======================>......] - ETA: 0:34<0:08 - loss: 3.0046 
460/567 [=======================>......] - ETA: 0:34<0:08 - loss: 3.0047 
461/567 [=======================>......] - ETA: 0:34<0:07 - loss: 3.0045 
462/567 [=======================>......] - ETA: 0:34<0:07 - loss: 3.0037 
463/567 [=======================>......] - ETA: 0:34<0:07 - loss: 3.0030 
464/567 [=======================>......] - ETA: 0:34<0:07 - loss: 3.0044 
465/567 [=======================>......] - ETA: 0:34<0:07 - loss: 3.0038 
466/567 [=======================>......] - ETA: 0:35<0:07 - loss: 3.0051 
467/567 [=======================>......] - ETA: 0:35<0:07 - loss: 3.0042 
468/567 [=======================>......] - ETA: 0:35<0:07 - loss: 3.0060 
469/567 [=======================>......] - ETA: 0:35<0:07 - loss: 3.0059 
470/567 [=======================>......] - ETA: 0:35<0:07 - loss: 3.0072 
471/567 [=======================>......] - ETA: 0:35<0:07 - loss: 3.0079 
472/567 [=======================>......] - ETA: 0:35<0:07 - loss: 3.0090 
473/567 [========================>.....] - ETA: 0:35<0:07 - loss: 3.0097 
474/567 [========================>.....] - ETA: 0:35<0:06 - loss: 3.0096 
475/567 [========================>.....] - ETA: 0:35<0:06 - loss: 3.0104 
476/567 [========================>.....] - ETA: 0:35<0:06 - loss: 3.0111 
477/567 [========================>.....] - ETA: 0:35<0:06 - loss: 3.0132 
478/567 [========================>.....] - ETA: 0:35<0:06 - loss: 3.0145 
479/567 [========================>.....] - ETA: 0:36<0:06 - loss: 3.0137 
480/567 [========================>.....] - ETA: 0:36<0:06 - loss: 3.0155 
481/567 [========================>.....] - ETA: 0:36<0:06 - loss: 3.0175 
482/567 [========================>.....] - ETA: 0:36<0:06 - loss: 3.0180 
483/567 [========================>.....] - ETA: 0:36<0:06 - loss: 3.0171 
484/567 [========================>.....] - ETA: 0:36<0:06 - loss: 3.0167 
485/567 [========================>.....] - ETA: 0:36<0:06 - loss: 3.0171 
486/567 [========================>.....] - ETA: 0:36<0:06 - loss: 3.0162 
487/567 [========================>.....] - ETA: 0:36<0:06 - loss: 3.0212 
488/567 [========================>.....] - ETA: 0:36<0:05 - loss: 3.0211 
489/567 [========================>.....] - ETA: 0:36<0:05 - loss: 3.0237 
490/567 [========================>.....] - ETA: 0:36<0:05 - loss: 3.0255 
491/567 [========================>.....] - ETA: 0:36<0:05 - loss: 3.0255 
492/567 [=========================>....] - ETA: 0:36<0:05 - loss: 3.0253 
493/567 [=========================>....] - ETA: 0:37<0:05 - loss: 3.0270 
494/567 [=========================>....] - ETA: 0:37<0:05 - loss: 3.0292 
495/567 [=========================>....] - ETA: 0:37<0:05 - loss: 3.0293 
496/567 [=========================>....] - ETA: 0:37<0:05 - loss: 3.0295 
497/567 [=========================>....] - ETA: 0:37<0:05 - loss: 3.0308 
498/567 [=========================>....] - ETA: 0:37<0:05 - loss: 3.0309 
499/567 [=========================>....] - ETA: 0:37<0:05 - loss: 3.0307 
500/567 [=========================>....] - ETA: 0:37<0:05 - loss: 3.0341 
501/567 [=========================>....] - ETA: 0:37<0:04 - loss: 3.0362 
502/567 [=========================>....] - ETA: 0:37<0:04 - loss: 3.0385 
503/567 [=========================>....] - ETA: 0:37<0:04 - loss: 3.0373 
504/567 [=========================>....] - ETA: 0:37<0:04 - loss: 3.0352 
505/567 [=========================>....] - ETA: 0:37<0:04 - loss: 3.0337 
506/567 [=========================>....] - ETA: 0:38<0:04 - loss: 3.0355 
507/567 [=========================>....] - ETA: 0:38<0:04 - loss: 3.0347 
508/567 [=========================>....] - ETA: 0:38<0:04 - loss: 3.0327 
509/567 [=========================>....] - ETA: 0:38<0:04 - loss: 3.0319 
510/567 [=========================>....] - ETA: 0:38<0:04 - loss: 3.0333 
511/567 [==========================>...] - ETA: 0:38<0:04 - loss: 3.0336 
512/567 [==========================>...] - ETA: 0:38<0:04 - loss: 3.0324 
513/567 [==========================>...] - ETA: 0:38<0:04 - loss: 3.0321 
514/567 [==========================>...] - ETA: 0:38<0:03 - loss: 3.0340 
515/567 [==========================>...] - ETA: 0:38<0:03 - loss: 3.0333 
516/567 [==========================>...] - ETA: 0:38<0:03 - loss: 3.0341 
517/567 [==========================>...] - ETA: 0:38<0:03 - loss: 3.0331 
518/567 [==========================>...] - ETA: 0:38<0:03 - loss: 3.0340 
519/567 [==========================>...] - ETA: 0:39<0:03 - loss: 3.0361 
520/567 [==========================>...] - ETA: 0:39<0:03 - loss: 3.0365 
521/567 [==========================>...] - ETA: 0:39<0:03 - loss: 3.0363 
522/567 [==========================>...] - ETA: 0:39<0:03 - loss: 3.0362 
523/567 [==========================>...] - ETA: 0:39<0:03 - loss: 3.0385 
524/567 [==========================>...] - ETA: 0:39<0:03 - loss: 3.0399 
525/567 [==========================>...] - ETA: 0:39<0:03 - loss: 3.0414 
526/567 [==========================>...] - ETA: 0:39<0:03 - loss: 3.0429 
527/567 [==========================>...] - ETA: 0:39<0:03 - loss: 3.0415 
528/567 [==========================>...] - ETA: 0:39<0:02 - loss: 3.0426 
529/567 [==========================>...] - ETA: 0:39<0:02 - loss: 3.0418 
530/567 [===========================>..] - ETA: 0:39<0:02 - loss: 3.0409 
531/567 [===========================>..] - ETA: 0:39<0:02 - loss: 3.0435 
532/567 [===========================>..] - ETA: 0:39<0:02 - loss: 3.0434 
533/567 [===========================>..] - ETA: 0:40<0:02 - loss: 3.0473 
534/567 [===========================>..] - ETA: 0:40<0:02 - loss: 3.0483 
535/567 [===========================>..] - ETA: 0:40<0:02 - loss: 3.0501 
536/567 [===========================>..] - ETA: 0:40<0:02 - loss: 3.0555 
537/567 [===========================>..] - ETA: 0:40<0:02 - loss: 3.0560 
538/567 [===========================>..] - ETA: 0:40<0:02 - loss: 3.0522 
539/567 [===========================>..] - ETA: 0:40<0:02 - loss: 3.0519 
540/567 [===========================>..] - ETA: 0:40<0:02 - loss: 3.0545 
541/567 [===========================>..] - ETA: 0:40<0:01 - loss: 3.0510 
542/567 [===========================>..] - ETA: 0:40<0:01 - loss: 3.0502 
543/567 [===========================>..] - ETA: 0:40<0:01 - loss: 3.0517 
544/567 [===========================>..] - ETA: 0:40<0:01 - loss: 3.0514 
545/567 [===========================>..] - ETA: 0:40<0:01 - loss: 3.0532 
546/567 [===========================>..] - ETA: 0:41<0:01 - loss: 3.0548 
547/567 [===========================>..] - ETA: 0:41<0:01 - loss: 3.0513 
548/567 [===========================>..] - ETA: 0:41<0:01 - loss: 3.0525 
549/567 [============================>.] - ETA: 0:41<0:01 - loss: 3.0548 
550/567 [============================>.] - ETA: 0:41<0:01 - loss: 3.0552 
551/567 [============================>.] - ETA: 0:41<0:01 - loss: 3.0565 
552/567 [============================>.] - ETA: 0:41<0:01 - loss: 3.0568 
553/567 [============================>.] - ETA: 0:41<0:01 - loss: 3.0589 
554/567 [============================>.] - ETA: 0:41<0:00 - loss: 3.0578 
555/567 [============================>.] - ETA: 0:41<0:00 - loss: 3.0605 
556/567 [============================>.] - ETA: 0:41<0:00 - loss: 3.0620 
557/567 [============================>.] - ETA: 0:41<0:00 - loss: 3.0621 
558/567 [============================>.] - ETA: 0:41<0:00 - loss: 3.0617 
559/567 [============================>.] - ETA: 0:42<0:00 - loss: 3.0645 
560/567 [============================>.] - ETA: 0:42<0:00 - loss: 3.0648 
561/567 [============================>.] - ETA: 0:42<0:00 - loss: 3.0646 
562/567 [============================>.] - ETA: 0:42<0:00 - loss: 3.0659 
563/567 [============================>.] - ETA: 0:42<0:00 - loss: 3.0668 
564/567 [============================>.] - ETA: 0:42<0:00 - loss: 3.0671 
565/567 [============================>.] - ETA: 0:42<0:00 - loss: 3.0655 
566/567 [============================>.] - ETA: 0:42<0:00 - loss: 3.0674 
567/567 [==============================] - 0:42 75ms/step - loss: 3.0661 
2024-07-06 23:30:28 - Finish Epoch: 18/20 - loss: 2.9702
日晃百花色    风动五陵静
  0%|                                                                                                                                                    | 0/4 [00:00<?, ?it/s] 50%|██████████████████████████████████████████████████████████████████████                                                                      | 2/4 [00:00<00:00, 17.99it/s]100%|████████████████████████████████████████████████████████████████████████████████████████████████████████████████████████████████████████████| 4/4 [00:00<00:00, 18.03it/s]100%|████████████████████████████████████████████████████████████████████████████████████████████████████████████████████████████████████████████| 4/4 [00:00<00:00, 18.01it/s]
  0%|                                                                                                                                                    | 0/4 [00:00<?, ?it/s] 50%|██████████████████████████████████████████████████████████████████████                                                                      | 2/4 [00:00<00:00, 18.09it/s]100%|████████████████████████████████████████████████████████████████████████████████████████████████████████████████████████████████████████████| 4/4 [00:00<00:00, 18.07it/s]100%|████████████████████████████████████████████████████████████████████████████████████████████████████████████████████████████████████████████| 4/4 [00:00<00:00, 18.06it/s]
valid_data: {'rouge-1': 0.05555555432098768, 'rouge-2': 0.0, 'rouge-l': 0.05555555432098768, 'bleu': 0.01564276704539789, 'best_bleu': 0.06647869871181236}
test_data: {'rouge-1': 0.05555555432098768, 'rouge-2': 0.0, 'rouge-l': 0.05555555432098768, 'bleu': 0.01564276704539789}

2024-07-06 23:30:28 - Start  Epoch: 19/20

  1/567 [..............................] - ETA: 0:00<0:43 - loss: 3.0618 
  2/567 [..............................] - ETA: 0:00<0:42 - loss: 3.0579 
  3/567 [..............................] - ETA: 0:00<0:43 - loss: 3.0527 
  4/567 [..............................] - ETA: 0:00<0:42 - loss: 3.0475 
  5/567 [..............................] - ETA: 0:00<0:42 - loss: 3.0416 
  6/567 [..............................] - ETA: 0:00<0:42 - loss: 3.0356 
  7/567 [..............................] - ETA: 0:00<0:42 - loss: 3.0322 
  8/567 [..............................] - ETA: 0:00<0:42 - loss: 3.0272 
  9/567 [..............................] - ETA: 0:00<0:42 - loss: 3.0231 
 10/567 [..............................] - ETA: 0:00<0:42 - loss: 3.0179 
 11/567 [..............................] - ETA: 0:00<0:41 - loss: 3.0115 
 12/567 [..............................] - ETA: 0:00<0:42 - loss: 3.0058 
 13/567 [..............................] - ETA: 0:00<0:41 - loss: 2.9987 
 14/567 [..............................] - ETA: 0:01<0:41 - loss: 2.9916 
 15/567 [..............................] - ETA: 0:01<0:41 - loss: 2.9861 
 16/567 [..............................] - ETA: 0:01<0:41 - loss: 2.9809 
 17/567 [..............................] - ETA: 0:01<0:41 - loss: 2.9779 
 18/567 [..............................] - ETA: 0:01<0:41 - loss: 2.9719 
 19/567 [>.............................] - ETA: 0:01<0:41 - loss: 2.9674 
 20/567 [>.............................] - ETA: 0:01<0:41 - loss: 2.9603 
 21/567 [>.............................] - ETA: 0:01<0:41 - loss: 2.9571 
 22/567 [>.............................] - ETA: 0:01<0:41 - loss: 2.9507 
 23/567 [>.............................] - ETA: 0:01<0:40 - loss: 2.9462 
 24/567 [>.............................] - ETA: 0:01<0:40 - loss: 2.9402 
 25/567 [>.............................] - ETA: 0:01<0:40 - loss: 2.9358 
 26/567 [>.............................] - ETA: 0:01<0:40 - loss: 2.9316 
 27/567 [>.............................] - ETA: 0:02<0:40 - loss: 2.9236 
 28/567 [>.............................] - ETA: 0:02<0:40 - loss: 2.9219 
 29/567 [>.............................] - ETA: 0:02<0:40 - loss: 2.9167 
 30/567 [>.............................] - ETA: 0:02<0:40 - loss: 2.9119 
 31/567 [>.............................] - ETA: 0:02<0:40 - loss: 2.9072 
 32/567 [>.............................] - ETA: 0:02<0:40 - loss: 2.9002 
 33/567 [>.............................] - ETA: 0:02<0:40 - loss: 2.8945 
 34/567 [>.............................] - ETA: 0:02<0:39 - loss: 2.8883 
 35/567 [>.............................] - ETA: 0:02<0:39 - loss: 2.8824 
 36/567 [>.............................] - ETA: 0:02<0:39 - loss: 2.8764 
 37/567 [>.............................] - ETA: 0:02<0:39 - loss: 2.8711 
 38/567 [=>............................] - ETA: 0:02<0:39 - loss: 2.8685 
 39/567 [=>............................] - ETA: 0:02<0:39 - loss: 2.8636 
 40/567 [=>............................] - ETA: 0:02<0:39 - loss: 2.8594 
 41/567 [=>............................] - ETA: 0:03<0:39 - loss: 2.8541 
 42/567 [=>............................] - ETA: 0:03<0:39 - loss: 2.8487 
 43/567 [=>............................] - ETA: 0:03<0:39 - loss: 2.8426 
 44/567 [=>............................] - ETA: 0:03<0:39 - loss: 2.8376 
 45/567 [=>............................] - ETA: 0:03<0:39 - loss: 2.8337 
 46/567 [=>............................] - ETA: 0:03<0:39 - loss: 2.8271 
 47/567 [=>............................] - ETA: 0:03<0:39 - loss: 2.8214 
 48/567 [=>............................] - ETA: 0:03<0:38 - loss: 2.8181 
 49/567 [=>............................] - ETA: 0:03<0:38 - loss: 2.8142 
 50/567 [=>............................] - ETA: 0:03<0:38 - loss: 2.8099 
 51/567 [=>............................] - ETA: 0:03<0:38 - loss: 2.8060 
 52/567 [=>............................] - ETA: 0:03<0:38 - loss: 2.8002 
 53/567 [=>............................] - ETA: 0:03<0:38 - loss: 2.7975 
 54/567 [=>............................] - ETA: 0:04<0:38 - loss: 2.7914 
 55/567 [=>............................] - ETA: 0:04<0:38 - loss: 2.7868 
 56/567 [=>............................] - ETA: 0:04<0:38 - loss: 2.7823 
 57/567 [==>...........................] - ETA: 0:04<0:38 - loss: 2.7789 
 58/567 [==>...........................] - ETA: 0:04<0:38 - loss: 2.7736 
 59/567 [==>...........................] - ETA: 0:04<0:38 - loss: 2.7688 
 60/567 [==>...........................] - ETA: 0:04<0:38 - loss: 2.7645 
 61/567 [==>...........................] - ETA: 0:04<0:37 - loss: 2.7582 
 62/567 [==>...........................] - ETA: 0:04<0:37 - loss: 2.7547 
 63/567 [==>...........................] - ETA: 0:04<0:37 - loss: 2.7491 
 64/567 [==>...........................] - ETA: 0:04<0:37 - loss: 2.7417 
 65/567 [==>...........................] - ETA: 0:04<0:37 - loss: 2.7355 
 66/567 [==>...........................] - ETA: 0:04<0:37 - loss: 2.7296 
 67/567 [==>...........................] - ETA: 0:05<0:37 - loss: 2.7235 
 68/567 [==>...........................] - ETA: 0:05<0:37 - loss: 2.7150 
 69/567 [==>...........................] - ETA: 0:05<0:37 - loss: 2.7099 
 70/567 [==>...........................] - ETA: 0:05<0:37 - loss: 2.7051 
 71/567 [==>...........................] - ETA: 0:05<0:37 - loss: 2.7004 
 72/567 [==>...........................] - ETA: 0:05<0:37 - loss: 2.6972 
 73/567 [==>...........................] - ETA: 0:05<0:37 - loss: 2.6912 
 74/567 [==>...........................] - ETA: 0:05<0:36 - loss: 2.6876 
 75/567 [==>...........................] - ETA: 0:05<0:36 - loss: 2.6820 
 76/567 [===>..........................] - ETA: 0:05<0:36 - loss: 2.6768 
 77/567 [===>..........................] - ETA: 0:05<0:36 - loss: 2.6738 
 78/567 [===>..........................] - ETA: 0:05<0:36 - loss: 2.6667 
 79/567 [===>..........................] - ETA: 0:05<0:36 - loss: 2.6608 
 80/567 [===>..........................] - ETA: 0:05<0:36 - loss: 2.6552 
 81/567 [===>..........................] - ETA: 0:06<0:36 - loss: 2.6477 
 82/567 [===>..........................] - ETA: 0:06<0:36 - loss: 2.6402 
 83/567 [===>..........................] - ETA: 0:06<0:36 - loss: 2.6348 
 84/567 [===>..........................] - ETA: 0:06<0:36 - loss: 2.6287 
 85/567 [===>..........................] - ETA: 0:06<0:36 - loss: 2.6243 
 86/567 [===>..........................] - ETA: 0:06<0:36 - loss: 2.6200 
 87/567 [===>..........................] - ETA: 0:06<0:35 - loss: 2.6168 
 88/567 [===>..........................] - ETA: 0:06<0:35 - loss: 2.6113 
 89/567 [===>..........................] - ETA: 0:06<0:35 - loss: 2.6037 
 90/567 [===>..........................] - ETA: 0:06<0:35 - loss: 2.5979 
 91/567 [===>..........................] - ETA: 0:06<0:35 - loss: 2.5949 
 92/567 [===>..........................] - ETA: 0:06<0:35 - loss: 2.5903 
 93/567 [===>..........................] - ETA: 0:06<0:35 - loss: 2.5832 
 94/567 [===>..........................] - ETA: 0:07<0:35 - loss: 2.5778 
 95/567 [====>.........................] - ETA: 0:07<0:35 - loss: 2.5723 
 96/567 [====>.........................] - ETA: 0:07<0:35 - loss: 2.5677 
 97/567 [====>.........................] - ETA: 0:07<0:35 - loss: 2.5632 
 98/567 [====>.........................] - ETA: 0:07<0:35 - loss: 2.5614 
 99/567 [====>.........................] - ETA: 0:07<0:35 - loss: 2.5552 
100/567 [====>.........................] - ETA: 0:07<0:34 - loss: 2.5518 
101/567 [====>.........................] - ETA: 0:07<0:34 - loss: 2.5503 
102/567 [====>.........................] - ETA: 0:07<0:34 - loss: 2.5486 
103/567 [====>.........................] - ETA: 0:07<0:34 - loss: 2.5475 
104/567 [====>.........................] - ETA: 0:07<0:34 - loss: 2.5496 
105/567 [====>.........................] - ETA: 0:07<0:34 - loss: 2.5510 
106/567 [====>.........................] - ETA: 0:07<0:34 - loss: 2.5519 
107/567 [====>.........................] - ETA: 0:08<0:34 - loss: 2.5503 
108/567 [====>.........................] - ETA: 0:08<0:34 - loss: 2.5490 
109/567 [====>.........................] - ETA: 0:08<0:34 - loss: 2.5495 
110/567 [====>.........................] - ETA: 0:08<0:34 - loss: 2.5508 
111/567 [====>.........................] - ETA: 0:08<0:34 - loss: 2.5520 
112/567 [====>.........................] - ETA: 0:08<0:34 - loss: 2.5552 
113/567 [====>.........................] - ETA: 0:08<0:34 - loss: 2.5588 
114/567 [=====>........................] - ETA: 0:08<0:33 - loss: 2.5609 
115/567 [=====>........................] - ETA: 0:08<0:33 - loss: 2.5606 
116/567 [=====>........................] - ETA: 0:08<0:33 - loss: 2.5632 
117/567 [=====>........................] - ETA: 0:08<0:33 - loss: 2.5625 
118/567 [=====>........................] - ETA: 0:08<0:33 - loss: 2.5630 
119/567 [=====>........................] - ETA: 0:08<0:33 - loss: 2.5636 
120/567 [=====>........................] - ETA: 0:08<0:33 - loss: 2.5615 
121/567 [=====>........................] - ETA: 0:09<0:33 - loss: 2.5605 
122/567 [=====>........................] - ETA: 0:09<0:33 - loss: 2.5616 
123/567 [=====>........................] - ETA: 0:09<0:33 - loss: 2.5624 
124/567 [=====>........................] - ETA: 0:09<0:33 - loss: 2.5637 
125/567 [=====>........................] - ETA: 0:09<0:33 - loss: 2.5614 
126/567 [=====>........................] - ETA: 0:09<0:33 - loss: 2.5610 
127/567 [=====>........................] - ETA: 0:09<0:32 - loss: 2.5621 
128/567 [=====>........................] - ETA: 0:09<0:32 - loss: 2.5602 
129/567 [=====>........................] - ETA: 0:09<0:32 - loss: 2.5608 
130/567 [=====>........................] - ETA: 0:09<0:32 - loss: 2.5598 
131/567 [=====>........................] - ETA: 0:09<0:32 - loss: 2.5588 
132/567 [=====>........................] - ETA: 0:09<0:32 - loss: 2.5581 
133/567 [======>.......................] - ETA: 0:09<0:32 - loss: 2.5566 
134/567 [======>.......................] - ETA: 0:10<0:32 - loss: 2.5577 
135/567 [======>.......................] - ETA: 0:10<0:32 - loss: 2.5617 
136/567 [======>.......................] - ETA: 0:10<0:32 - loss: 2.5632 
137/567 [======>.......................] - ETA: 0:10<0:32 - loss: 2.5643 
138/567 [======>.......................] - ETA: 0:10<0:32 - loss: 2.5646 
139/567 [======>.......................] - ETA: 0:10<0:32 - loss: 2.5653 
140/567 [======>.......................] - ETA: 0:10<0:31 - loss: 2.5664 
141/567 [======>.......................] - ETA: 0:10<0:31 - loss: 2.5690 
142/567 [======>.......................] - ETA: 0:10<0:31 - loss: 2.5673 
143/567 [======>.......................] - ETA: 0:10<0:31 - loss: 2.5685 
144/567 [======>.......................] - ETA: 0:10<0:31 - loss: 2.5699 
145/567 [======>.......................] - ETA: 0:10<0:31 - loss: 2.5683 
146/567 [======>.......................] - ETA: 0:10<0:31 - loss: 2.5722 
147/567 [======>.......................] - ETA: 0:11<0:31 - loss: 2.5742 
148/567 [======>.......................] - ETA: 0:11<0:31 - loss: 2.5741 
149/567 [======>.......................] - ETA: 0:11<0:31 - loss: 2.5723 
150/567 [======>.......................] - ETA: 0:11<0:31 - loss: 2.5712 
151/567 [======>.......................] - ETA: 0:11<0:31 - loss: 2.5695 
152/567 [=======>......................] - ETA: 0:11<0:31 - loss: 2.5685 
153/567 [=======>......................] - ETA: 0:11<0:31 - loss: 2.5646 
154/567 [=======>......................] - ETA: 0:11<0:30 - loss: 2.5650 
155/567 [=======>......................] - ETA: 0:11<0:30 - loss: 2.5652 
156/567 [=======>......................] - ETA: 0:11<0:30 - loss: 2.5642 
157/567 [=======>......................] - ETA: 0:11<0:30 - loss: 2.5624 
158/567 [=======>......................] - ETA: 0:11<0:30 - loss: 2.5630 
159/567 [=======>......................] - ETA: 0:11<0:30 - loss: 2.5628 
160/567 [=======>......................] - ETA: 0:11<0:30 - loss: 2.5656 
161/567 [=======>......................] - ETA: 0:12<0:30 - loss: 2.5667 
162/567 [=======>......................] - ETA: 0:12<0:30 - loss: 2.5653 
163/567 [=======>......................] - ETA: 0:12<0:30 - loss: 2.5672 
164/567 [=======>......................] - ETA: 0:12<0:30 - loss: 2.5668 
165/567 [=======>......................] - ETA: 0:12<0:30 - loss: 2.5693 
166/567 [=======>......................] - ETA: 0:12<0:30 - loss: 2.5716 
167/567 [=======>......................] - ETA: 0:12<0:29 - loss: 2.5727 
168/567 [=======>......................] - ETA: 0:12<0:29 - loss: 2.5757 
169/567 [=======>......................] - ETA: 0:12<0:29 - loss: 2.5734 
170/567 [=======>......................] - ETA: 0:12<0:29 - loss: 2.5731 
171/567 [========>.....................] - ETA: 0:12<0:29 - loss: 2.5762 
172/567 [========>.....................] - ETA: 0:12<0:29 - loss: 2.5764 
173/567 [========>.....................] - ETA: 0:12<0:29 - loss: 2.5768 
174/567 [========>.....................] - ETA: 0:13<0:29 - loss: 2.5776 
175/567 [========>.....................] - ETA: 0:13<0:29 - loss: 2.5804 
176/567 [========>.....................] - ETA: 0:13<0:29 - loss: 2.5789 
177/567 [========>.....................] - ETA: 0:13<0:29 - loss: 2.5755 
178/567 [========>.....................] - ETA: 0:13<0:29 - loss: 2.5756 
179/567 [========>.....................] - ETA: 0:13<0:29 - loss: 2.5760 
180/567 [========>.....................] - ETA: 0:13<0:29 - loss: 2.5771 
181/567 [========>.....................] - ETA: 0:13<0:28 - loss: 2.5784 
182/567 [========>.....................] - ETA: 0:13<0:28 - loss: 2.5761 
183/567 [========>.....................] - ETA: 0:13<0:28 - loss: 2.5755 
184/567 [========>.....................] - ETA: 0:13<0:28 - loss: 2.5744 
185/567 [========>.....................] - ETA: 0:13<0:28 - loss: 2.5740 
186/567 [========>.....................] - ETA: 0:13<0:28 - loss: 2.5746 
187/567 [========>.....................] - ETA: 0:14<0:28 - loss: 2.5737 
188/567 [========>.....................] - ETA: 0:14<0:28 - loss: 2.5733 
189/567 [=========>....................] - ETA: 0:14<0:28 - loss: 2.5738 
190/567 [=========>....................] - ETA: 0:14<0:28 - loss: 2.5749 
191/567 [=========>....................] - ETA: 0:14<0:28 - loss: 2.5737 
192/567 [=========>....................] - ETA: 0:14<0:28 - loss: 2.5746 
193/567 [=========>....................] - ETA: 0:14<0:28 - loss: 2.5784 
194/567 [=========>....................] - ETA: 0:14<0:27 - loss: 2.5791 
195/567 [=========>....................] - ETA: 0:14<0:27 - loss: 2.5799 
196/567 [=========>....................] - ETA: 0:14<0:27 - loss: 2.5798 
197/567 [=========>....................] - ETA: 0:14<0:27 - loss: 2.5796 
198/567 [=========>....................] - ETA: 0:14<0:27 - loss: 2.5777 
199/567 [=========>....................] - ETA: 0:14<0:27 - loss: 2.5764 
200/567 [=========>....................] - ETA: 0:14<0:27 - loss: 2.5771 
201/567 [=========>....................] - ETA: 0:15<0:27 - loss: 2.5780 
202/567 [=========>....................] - ETA: 0:15<0:27 - loss: 2.5788 
203/567 [=========>....................] - ETA: 0:15<0:27 - loss: 2.5814 
204/567 [=========>....................] - ETA: 0:15<0:27 - loss: 2.5780 
205/567 [=========>....................] - ETA: 0:15<0:27 - loss: 2.5807 
206/567 [=========>....................] - ETA: 0:15<0:27 - loss: 2.5833 
207/567 [=========>....................] - ETA: 0:15<0:26 - loss: 2.5840 
208/567 [==========>...................] - ETA: 0:15<0:26 - loss: 2.5864 
209/567 [==========>...................] - ETA: 0:15<0:26 - loss: 2.5856 
210/567 [==========>...................] - ETA: 0:15<0:26 - loss: 2.5858 
211/567 [==========>...................] - ETA: 0:15<0:26 - loss: 2.5877 
212/567 [==========>...................] - ETA: 0:15<0:26 - loss: 2.5880 
213/567 [==========>...................] - ETA: 0:15<0:26 - loss: 2.5860 
214/567 [==========>...................] - ETA: 0:16<0:26 - loss: 2.5835 
215/567 [==========>...................] - ETA: 0:16<0:26 - loss: 2.5823 
216/567 [==========>...................] - ETA: 0:16<0:26 - loss: 2.5836 
217/567 [==========>...................] - ETA: 0:16<0:26 - loss: 2.5856 
218/567 [==========>...................] - ETA: 0:16<0:26 - loss: 2.5876 
219/567 [==========>...................] - ETA: 0:16<0:26 - loss: 2.5881 
220/567 [==========>...................] - ETA: 0:16<0:26 - loss: 2.5890 
221/567 [==========>...................] - ETA: 0:16<0:25 - loss: 2.5905 
222/567 [==========>...................] - ETA: 0:16<0:25 - loss: 2.5917 
223/567 [==========>...................] - ETA: 0:16<0:25 - loss: 2.5914 
224/567 [==========>...................] - ETA: 0:16<0:25 - loss: 2.5913 
225/567 [==========>...................] - ETA: 0:16<0:25 - loss: 2.5915 
226/567 [==========>...................] - ETA: 0:16<0:25 - loss: 2.5907 
227/567 [===========>..................] - ETA: 0:17<0:25 - loss: 2.5922 
228/567 [===========>..................] - ETA: 0:17<0:25 - loss: 2.5917 
229/567 [===========>..................] - ETA: 0:17<0:25 - loss: 2.5929 
230/567 [===========>..................] - ETA: 0:17<0:25 - loss: 2.5948 
231/567 [===========>..................] - ETA: 0:17<0:25 - loss: 2.5955 
232/567 [===========>..................] - ETA: 0:17<0:25 - loss: 2.5964 
233/567 [===========>..................] - ETA: 0:17<0:25 - loss: 2.5990 
234/567 [===========>..................] - ETA: 0:17<0:24 - loss: 2.5990 
235/567 [===========>..................] - ETA: 0:17<0:24 - loss: 2.5962 
236/567 [===========>..................] - ETA: 0:17<0:24 - loss: 2.5952 
237/567 [===========>..................] - ETA: 0:17<0:24 - loss: 2.5956 
238/567 [===========>..................] - ETA: 0:17<0:24 - loss: 2.5964 
239/567 [===========>..................] - ETA: 0:17<0:24 - loss: 2.5965 
240/567 [===========>..................] - ETA: 0:18<0:24 - loss: 2.5971 
241/567 [===========>..................] - ETA: 0:18<0:24 - loss: 2.5982 
242/567 [===========>..................] - ETA: 0:18<0:24 - loss: 2.6009 
243/567 [===========>..................] - ETA: 0:18<0:24 - loss: 2.6019 
244/567 [===========>..................] - ETA: 0:18<0:24 - loss: 2.6015 
245/567 [===========>..................] - ETA: 0:18<0:24 - loss: 2.6036 
246/567 [============>.................] - ETA: 0:18<0:24 - loss: 2.6043 
247/567 [============>.................] - ETA: 0:18<0:24 - loss: 2.6029 
248/567 [============>.................] - ETA: 0:18<0:23 - loss: 2.6025 
249/567 [============>.................] - ETA: 0:18<0:23 - loss: 2.6001 
250/567 [============>.................] - ETA: 0:18<0:23 - loss: 2.6028 
251/567 [============>.................] - ETA: 0:18<0:23 - loss: 2.6058 
252/567 [============>.................] - ETA: 0:18<0:23 - loss: 2.6066 
253/567 [============>.................] - ETA: 0:18<0:23 - loss: 2.6102 
254/567 [============>.................] - ETA: 0:19<0:23 - loss: 2.6108 
255/567 [============>.................] - ETA: 0:19<0:23 - loss: 2.6106 
256/567 [============>.................] - ETA: 0:19<0:23 - loss: 2.6110 
257/567 [============>.................] - ETA: 0:19<0:23 - loss: 2.6128 
258/567 [============>.................] - ETA: 0:19<0:23 - loss: 2.6121 
259/567 [============>.................] - ETA: 0:19<0:23 - loss: 2.6125 
260/567 [============>.................] - ETA: 0:19<0:23 - loss: 2.6121 
261/567 [============>.................] - ETA: 0:19<0:22 - loss: 2.6122 
262/567 [============>.................] - ETA: 0:19<0:22 - loss: 2.6150 
263/567 [============>.................] - ETA: 0:19<0:22 - loss: 2.6166 
264/567 [============>.................] - ETA: 0:19<0:22 - loss: 2.6180 
265/567 [=============>................] - ETA: 0:19<0:22 - loss: 2.6193 
266/567 [=============>................] - ETA: 0:19<0:22 - loss: 2.6185 
267/567 [=============>................] - ETA: 0:20<0:22 - loss: 2.6180 
268/567 [=============>................] - ETA: 0:20<0:22 - loss: 2.6171 
269/567 [=============>................] - ETA: 0:20<0:22 - loss: 2.6191 
270/567 [=============>................] - ETA: 0:20<0:22 - loss: 2.6192 
271/567 [=============>................] - ETA: 0:20<0:22 - loss: 2.6191 
272/567 [=============>................] - ETA: 0:20<0:22 - loss: 2.6199 
273/567 [=============>................] - ETA: 0:20<0:22 - loss: 2.6196 
274/567 [=============>................] - ETA: 0:20<0:21 - loss: 2.6202 
275/567 [=============>................] - ETA: 0:20<0:21 - loss: 2.6191 
276/567 [=============>................] - ETA: 0:20<0:21 - loss: 2.6203 
277/567 [=============>................] - ETA: 0:20<0:21 - loss: 2.6220 
278/567 [=============>................] - ETA: 0:20<0:21 - loss: 2.6227 
279/567 [=============>................] - ETA: 0:20<0:21 - loss: 2.6228 
280/567 [=============>................] - ETA: 0:21<0:21 - loss: 2.6235 
281/567 [=============>................] - ETA: 0:21<0:21 - loss: 2.6260 
282/567 [=============>................] - ETA: 0:21<0:21 - loss: 2.6293 
283/567 [=============>................] - ETA: 0:21<0:21 - loss: 2.6288 
284/567 [==============>...............] - ETA: 0:21<0:21 - loss: 2.6312 
285/567 [==============>...............] - ETA: 0:21<0:21 - loss: 2.6307 
286/567 [==============>...............] - ETA: 0:21<0:21 - loss: 2.6333 
287/567 [==============>...............] - ETA: 0:21<0:21 - loss: 2.6335 
288/567 [==============>...............] - ETA: 0:21<0:20 - loss: 2.6356 
289/567 [==============>...............] - ETA: 0:21<0:20 - loss: 2.6390 
290/567 [==============>...............] - ETA: 0:21<0:20 - loss: 2.6408 
291/567 [==============>...............] - ETA: 0:21<0:20 - loss: 2.6417 
292/567 [==============>...............] - ETA: 0:21<0:20 - loss: 2.6402 
293/567 [==============>...............] - ETA: 0:21<0:20 - loss: 2.6381 
294/567 [==============>...............] - ETA: 0:22<0:20 - loss: 2.6383 
295/567 [==============>...............] - ETA: 0:22<0:20 - loss: 2.6388 
296/567 [==============>...............] - ETA: 0:22<0:20 - loss: 2.6388 
297/567 [==============>...............] - ETA: 0:22<0:20 - loss: 2.6426 
298/567 [==============>...............] - ETA: 0:22<0:20 - loss: 2.6444 
299/567 [==============>...............] - ETA: 0:22<0:20 - loss: 2.6459 
300/567 [==============>...............] - ETA: 0:22<0:20 - loss: 2.6448 
301/567 [==============>...............] - ETA: 0:22<0:19 - loss: 2.6438 
302/567 [==============>...............] - ETA: 0:22<0:19 - loss: 2.6436 
303/567 [===============>..............] - ETA: 0:22<0:19 - loss: 2.6417 
304/567 [===============>..............] - ETA: 0:22<0:19 - loss: 2.6433 
305/567 [===============>..............] - ETA: 0:22<0:19 - loss: 2.6409 
306/567 [===============>..............] - ETA: 0:22<0:19 - loss: 2.6414 
307/567 [===============>..............] - ETA: 0:23<0:19 - loss: 2.6454 
308/567 [===============>..............] - ETA: 0:23<0:19 - loss: 2.6470 
309/567 [===============>..............] - ETA: 0:23<0:19 - loss: 2.6509 
310/567 [===============>..............] - ETA: 0:23<0:19 - loss: 2.6495 
311/567 [===============>..............] - ETA: 0:23<0:19 - loss: 2.6475 
312/567 [===============>..............] - ETA: 0:23<0:19 - loss: 2.6468 
313/567 [===============>..............] - ETA: 0:23<0:19 - loss: 2.6479 
314/567 [===============>..............] - ETA: 0:23<0:19 - loss: 2.6495 
315/567 [===============>..............] - ETA: 0:23<0:18 - loss: 2.6504 
316/567 [===============>..............] - ETA: 0:23<0:18 - loss: 2.6496 
317/567 [===============>..............] - ETA: 0:23<0:18 - loss: 2.6491 
318/567 [===============>..............] - ETA: 0:23<0:18 - loss: 2.6469 
319/567 [===============>..............] - ETA: 0:23<0:18 - loss: 2.6465 
320/567 [===============>..............] - ETA: 0:24<0:18 - loss: 2.6494 
321/567 [===============>..............] - ETA: 0:24<0:18 - loss: 2.6500 
322/567 [================>.............] - ETA: 0:24<0:18 - loss: 2.6497 
323/567 [================>.............] - ETA: 0:24<0:18 - loss: 2.6490 
324/567 [================>.............] - ETA: 0:24<0:18 - loss: 2.6515 
325/567 [================>.............] - ETA: 0:24<0:18 - loss: 2.6544 
326/567 [================>.............] - ETA: 0:24<0:18 - loss: 2.6555 
327/567 [================>.............] - ETA: 0:24<0:18 - loss: 2.6581 
328/567 [================>.............] - ETA: 0:24<0:17 - loss: 2.6584 
329/567 [================>.............] - ETA: 0:24<0:17 - loss: 2.6570 
330/567 [================>.............] - ETA: 0:24<0:17 - loss: 2.6559 
331/567 [================>.............] - ETA: 0:24<0:17 - loss: 2.6568 
332/567 [================>.............] - ETA: 0:24<0:17 - loss: 2.6561 
333/567 [================>.............] - ETA: 0:25<0:17 - loss: 2.6575 
334/567 [================>.............] - ETA: 0:25<0:17 - loss: 2.6543 
335/567 [================>.............] - ETA: 0:25<0:17 - loss: 2.6544 
336/567 [================>.............] - ETA: 0:25<0:17 - loss: 2.6577 
337/567 [================>.............] - ETA: 0:25<0:17 - loss: 2.6573 
338/567 [================>.............] - ETA: 0:25<0:17 - loss: 2.6571 
339/567 [================>.............] - ETA: 0:25<0:17 - loss: 2.6572 
340/567 [================>.............] - ETA: 0:25<0:17 - loss: 2.6579 
341/567 [=================>............] - ETA: 0:25<0:16 - loss: 2.6554 
342/567 [=================>............] - ETA: 0:25<0:16 - loss: 2.6572 
343/567 [=================>............] - ETA: 0:25<0:16 - loss: 2.6579 
344/567 [=================>............] - ETA: 0:25<0:16 - loss: 2.6573 
345/567 [=================>............] - ETA: 0:25<0:16 - loss: 2.6581 
346/567 [=================>............] - ETA: 0:26<0:16 - loss: 2.6564 
347/567 [=================>............] - ETA: 0:26<0:16 - loss: 2.6584 
348/567 [=================>............] - ETA: 0:26<0:16 - loss: 2.6593 
349/567 [=================>............] - ETA: 0:26<0:16 - loss: 2.6640 
350/567 [=================>............] - ETA: 0:26<0:16 - loss: 2.6639 
351/567 [=================>............] - ETA: 0:26<0:16 - loss: 2.6639 
352/567 [=================>............] - ETA: 0:26<0:16 - loss: 2.6667 
353/567 [=================>............] - ETA: 0:26<0:16 - loss: 2.6651 
354/567 [=================>............] - ETA: 0:26<0:16 - loss: 2.6672 
355/567 [=================>............] - ETA: 0:26<0:15 - loss: 2.6674 
356/567 [=================>............] - ETA: 0:26<0:15 - loss: 2.6694 
357/567 [=================>............] - ETA: 0:26<0:15 - loss: 2.6677 
358/567 [=================>............] - ETA: 0:26<0:15 - loss: 2.6713 
359/567 [=================>............] - ETA: 0:26<0:15 - loss: 2.6707 
360/567 [==================>...........] - ETA: 0:27<0:15 - loss: 2.6703 
361/567 [==================>...........] - ETA: 0:27<0:15 - loss: 2.6714 
362/567 [==================>...........] - ETA: 0:27<0:15 - loss: 2.6721 
363/567 [==================>...........] - ETA: 0:27<0:15 - loss: 2.6745 
364/567 [==================>...........] - ETA: 0:27<0:15 - loss: 2.6743 
365/567 [==================>...........] - ETA: 0:27<0:15 - loss: 2.6767 
366/567 [==================>...........] - ETA: 0:27<0:15 - loss: 2.6771 
367/567 [==================>...........] - ETA: 0:27<0:15 - loss: 2.6792 
368/567 [==================>...........] - ETA: 0:27<0:14 - loss: 2.6819 
369/567 [==================>...........] - ETA: 0:27<0:14 - loss: 2.6828 
370/567 [==================>...........] - ETA: 0:27<0:14 - loss: 2.6846 
371/567 [==================>...........] - ETA: 0:27<0:14 - loss: 2.6870 
372/567 [==================>...........] - ETA: 0:27<0:14 - loss: 2.6867 
373/567 [==================>...........] - ETA: 0:28<0:14 - loss: 2.6892 
374/567 [==================>...........] - ETA: 0:28<0:14 - loss: 2.6891 
375/567 [==================>...........] - ETA: 0:28<0:14 - loss: 2.6910 
376/567 [==================>...........] - ETA: 0:28<0:14 - loss: 2.6916 
377/567 [==================>...........] - ETA: 0:28<0:14 - loss: 2.6939 
378/567 [===================>..........] - ETA: 0:28<0:14 - loss: 2.6937 
379/567 [===================>..........] - ETA: 0:28<0:14 - loss: 2.6933 
380/567 [===================>..........] - ETA: 0:28<0:14 - loss: 2.6937 
381/567 [===================>..........] - ETA: 0:28<0:13 - loss: 2.6926 
382/567 [===================>..........] - ETA: 0:28<0:13 - loss: 2.6957 
383/567 [===================>..........] - ETA: 0:28<0:13 - loss: 2.6965 
384/567 [===================>..........] - ETA: 0:28<0:13 - loss: 2.6976 
385/567 [===================>..........] - ETA: 0:28<0:13 - loss: 2.6996 
386/567 [===================>..........] - ETA: 0:29<0:13 - loss: 2.6969 
387/567 [===================>..........] - ETA: 0:29<0:13 - loss: 2.6971 
388/567 [===================>..........] - ETA: 0:29<0:13 - loss: 2.6974 
389/567 [===================>..........] - ETA: 0:29<0:13 - loss: 2.6973 
390/567 [===================>..........] - ETA: 0:29<0:13 - loss: 2.6967 
391/567 [===================>..........] - ETA: 0:29<0:13 - loss: 2.6990 
392/567 [===================>..........] - ETA: 0:29<0:13 - loss: 2.7004 
393/567 [===================>..........] - ETA: 0:29<0:13 - loss: 2.7009 
394/567 [===================>..........] - ETA: 0:29<0:13 - loss: 2.7027 
395/567 [===================>..........] - ETA: 0:29<0:12 - loss: 2.7045 
396/567 [===================>..........] - ETA: 0:29<0:12 - loss: 2.7057 
397/567 [====================>.........] - ETA: 0:29<0:12 - loss: 2.7031 
398/567 [====================>.........] - ETA: 0:29<0:12 - loss: 2.7044 
399/567 [====================>.........] - ETA: 0:30<0:12 - loss: 2.7037 
400/567 [====================>.........] - ETA: 0:30<0:12 - loss: 2.7037 
401/567 [====================>.........] - ETA: 0:30<0:12 - loss: 2.7063 
402/567 [====================>.........] - ETA: 0:30<0:12 - loss: 2.7089 
403/567 [====================>.........] - ETA: 0:30<0:12 - loss: 2.7104 
404/567 [====================>.........] - ETA: 0:30<0:12 - loss: 2.7110 
405/567 [====================>.........] - ETA: 0:30<0:12 - loss: 2.7131 
406/567 [====================>.........] - ETA: 0:30<0:12 - loss: 2.7114 
407/567 [====================>.........] - ETA: 0:30<0:12 - loss: 2.7103 
408/567 [====================>.........] - ETA: 0:30<0:11 - loss: 2.7084 
409/567 [====================>.........] - ETA: 0:30<0:11 - loss: 2.7064 
410/567 [====================>.........] - ETA: 0:30<0:11 - loss: 2.7071 
411/567 [====================>.........] - ETA: 0:30<0:11 - loss: 2.7102 
412/567 [====================>.........] - ETA: 0:30<0:11 - loss: 2.7113 
413/567 [====================>.........] - ETA: 0:31<0:11 - loss: 2.7110 
414/567 [====================>.........] - ETA: 0:31<0:11 - loss: 2.7126 
415/567 [====================>.........] - ETA: 0:31<0:11 - loss: 2.7148 
416/567 [=====================>........] - ETA: 0:31<0:11 - loss: 2.7167 
417/567 [=====================>........] - ETA: 0:31<0:11 - loss: 2.7182 
418/567 [=====================>........] - ETA: 0:31<0:11 - loss: 2.7207 
419/567 [=====================>........] - ETA: 0:31<0:11 - loss: 2.7243 
420/567 [=====================>........] - ETA: 0:31<0:11 - loss: 2.7218 
421/567 [=====================>........] - ETA: 0:31<0:10 - loss: 2.7216 
422/567 [=====================>........] - ETA: 0:31<0:10 - loss: 2.7219 
423/567 [=====================>........] - ETA: 0:31<0:10 - loss: 2.7235 
424/567 [=====================>........] - ETA: 0:31<0:10 - loss: 2.7218 
425/567 [=====================>........] - ETA: 0:31<0:10 - loss: 2.7194 
426/567 [=====================>........] - ETA: 0:32<0:10 - loss: 2.7188 
427/567 [=====================>........] - ETA: 0:32<0:10 - loss: 2.7186 
428/567 [=====================>........] - ETA: 0:32<0:10 - loss: 2.7203 
429/567 [=====================>........] - ETA: 0:32<0:10 - loss: 2.7218 
430/567 [=====================>........] - ETA: 0:32<0:10 - loss: 2.7245 
431/567 [=====================>........] - ETA: 0:32<0:10 - loss: 2.7231 
432/567 [=====================>........] - ETA: 0:32<0:10 - loss: 2.7244 
433/567 [=====================>........] - ETA: 0:32<0:10 - loss: 2.7260 
434/567 [=====================>........] - ETA: 0:32<0:10 - loss: 2.7277 
435/567 [======================>.......] - ETA: 0:32<0:09 - loss: 2.7290 
436/567 [======================>.......] - ETA: 0:32<0:09 - loss: 2.7250 
437/567 [======================>.......] - ETA: 0:32<0:09 - loss: 2.7273 
438/567 [======================>.......] - ETA: 0:32<0:09 - loss: 2.7295 
439/567 [======================>.......] - ETA: 0:33<0:09 - loss: 2.7302 
440/567 [======================>.......] - ETA: 0:33<0:09 - loss: 2.7306 
441/567 [======================>.......] - ETA: 0:33<0:09 - loss: 2.7314 
442/567 [======================>.......] - ETA: 0:33<0:09 - loss: 2.7313 
443/567 [======================>.......] - ETA: 0:33<0:09 - loss: 2.7323 
444/567 [======================>.......] - ETA: 0:33<0:09 - loss: 2.7340 
445/567 [======================>.......] - ETA: 0:33<0:09 - loss: 2.7360 
446/567 [======================>.......] - ETA: 0:33<0:09 - loss: 2.7386 
447/567 [======================>.......] - ETA: 0:33<0:09 - loss: 2.7377 
448/567 [======================>.......] - ETA: 0:33<0:08 - loss: 2.7390 
449/567 [======================>.......] - ETA: 0:33<0:08 - loss: 2.7381 
450/567 [======================>.......] - ETA: 0:33<0:08 - loss: 2.7381 
451/567 [======================>.......] - ETA: 0:33<0:08 - loss: 2.7382 
452/567 [======================>.......] - ETA: 0:34<0:08 - loss: 2.7369 
453/567 [======================>.......] - ETA: 0:34<0:08 - loss: 2.7384 
454/567 [=======================>......] - ETA: 0:34<0:08 - loss: 2.7366 
455/567 [=======================>......] - ETA: 0:34<0:08 - loss: 2.7369 
456/567 [=======================>......] - ETA: 0:34<0:08 - loss: 2.7376 
457/567 [=======================>......] - ETA: 0:34<0:08 - loss: 2.7396 
458/567 [=======================>......] - ETA: 0:34<0:08 - loss: 2.7385 
459/567 [=======================>......] - ETA: 0:34<0:08 - loss: 2.7395 
460/567 [=======================>......] - ETA: 0:34<0:08 - loss: 2.7398 
461/567 [=======================>......] - ETA: 0:34<0:07 - loss: 2.7395 
462/567 [=======================>......] - ETA: 0:34<0:07 - loss: 2.7387 
463/567 [=======================>......] - ETA: 0:34<0:07 - loss: 2.7351 
464/567 [=======================>......] - ETA: 0:34<0:07 - loss: 2.7367 
465/567 [=======================>......] - ETA: 0:35<0:07 - loss: 2.7346 
466/567 [=======================>......] - ETA: 0:35<0:07 - loss: 2.7351 
467/567 [=======================>......] - ETA: 0:35<0:07 - loss: 2.7358 
468/567 [=======================>......] - ETA: 0:35<0:07 - loss: 2.7339 
469/567 [=======================>......] - ETA: 0:35<0:07 - loss: 2.7331 
470/567 [=======================>......] - ETA: 0:35<0:07 - loss: 2.7314 
471/567 [=======================>......] - ETA: 0:35<0:07 - loss: 2.7288 
472/567 [=======================>......] - ETA: 0:35<0:07 - loss: 2.7270 
473/567 [========================>.....] - ETA: 0:35<0:07 - loss: 2.7252 
474/567 [========================>.....] - ETA: 0:35<0:07 - loss: 2.7262 
475/567 [========================>.....] - ETA: 0:35<0:06 - loss: 2.7242 
476/567 [========================>.....] - ETA: 0:35<0:06 - loss: 2.7228 
477/567 [========================>.....] - ETA: 0:35<0:06 - loss: 2.7211 
478/567 [========================>.....] - ETA: 0:35<0:06 - loss: 2.7230 
479/567 [========================>.....] - ETA: 0:36<0:06 - loss: 2.7248 
480/567 [========================>.....] - ETA: 0:36<0:06 - loss: 2.7259 
481/567 [========================>.....] - ETA: 0:36<0:06 - loss: 2.7260 
482/567 [========================>.....] - ETA: 0:36<0:06 - loss: 2.7227 
483/567 [========================>.....] - ETA: 0:36<0:06 - loss: 2.7243 
484/567 [========================>.....] - ETA: 0:36<0:06 - loss: 2.7234 
485/567 [========================>.....] - ETA: 0:36<0:06 - loss: 2.7234 
486/567 [========================>.....] - ETA: 0:36<0:06 - loss: 2.7242 
487/567 [========================>.....] - ETA: 0:36<0:06 - loss: 2.7254 
488/567 [========================>.....] - ETA: 0:36<0:05 - loss: 2.7251 
489/567 [========================>.....] - ETA: 0:36<0:05 - loss: 2.7271 
490/567 [========================>.....] - ETA: 0:36<0:05 - loss: 2.7240 
491/567 [========================>.....] - ETA: 0:36<0:05 - loss: 2.7221 
492/567 [=========================>....] - ETA: 0:37<0:05 - loss: 2.7220 
493/567 [=========================>....] - ETA: 0:37<0:05 - loss: 2.7227 
494/567 [=========================>....] - ETA: 0:37<0:05 - loss: 2.7196 
495/567 [=========================>....] - ETA: 0:37<0:05 - loss: 2.7182 
496/567 [=========================>....] - ETA: 0:37<0:05 - loss: 2.7192 
497/567 [=========================>....] - ETA: 0:37<0:05 - loss: 2.7200 
498/567 [=========================>....] - ETA: 0:37<0:05 - loss: 2.7194 
499/567 [=========================>....] - ETA: 0:37<0:05 - loss: 2.7179 
500/567 [=========================>....] - ETA: 0:37<0:05 - loss: 2.7188 
501/567 [=========================>....] - ETA: 0:37<0:04 - loss: 2.7188 
502/567 [=========================>....] - ETA: 0:37<0:04 - loss: 2.7153 
503/567 [=========================>....] - ETA: 0:37<0:04 - loss: 2.7146 
504/567 [=========================>....] - ETA: 0:37<0:04 - loss: 2.7163 
505/567 [=========================>....] - ETA: 0:38<0:04 - loss: 2.7151 
506/567 [=========================>....] - ETA: 0:38<0:04 - loss: 2.7155 
507/567 [=========================>....] - ETA: 0:38<0:04 - loss: 2.7145 
508/567 [=========================>....] - ETA: 0:38<0:04 - loss: 2.7148 
509/567 [=========================>....] - ETA: 0:38<0:04 - loss: 2.7145 
510/567 [=========================>....] - ETA: 0:38<0:04 - loss: 2.7158 
511/567 [==========================>...] - ETA: 0:38<0:04 - loss: 2.7133 
512/567 [==========================>...] - ETA: 0:38<0:04 - loss: 2.7122 
513/567 [==========================>...] - ETA: 0:38<0:04 - loss: 2.7131 
514/567 [==========================>...] - ETA: 0:38<0:03 - loss: 2.7120 
515/567 [==========================>...] - ETA: 0:38<0:03 - loss: 2.7136 
516/567 [==========================>...] - ETA: 0:38<0:03 - loss: 2.7129 
517/567 [==========================>...] - ETA: 0:38<0:03 - loss: 2.7128 
518/567 [==========================>...] - ETA: 0:39<0:03 - loss: 2.7108 
519/567 [==========================>...] - ETA: 0:39<0:03 - loss: 2.7065 
520/567 [==========================>...] - ETA: 0:39<0:03 - loss: 2.7066 
521/567 [==========================>...] - ETA: 0:39<0:03 - loss: 2.7095 
522/567 [==========================>...] - ETA: 0:39<0:03 - loss: 2.7083 
523/567 [==========================>...] - ETA: 0:39<0:03 - loss: 2.7098 
524/567 [==========================>...] - ETA: 0:39<0:03 - loss: 2.7106 
525/567 [==========================>...] - ETA: 0:39<0:03 - loss: 2.7134 
526/567 [==========================>...] - ETA: 0:39<0:03 - loss: 2.7141 
527/567 [==========================>...] - ETA: 0:39<0:03 - loss: 2.7134 
528/567 [==========================>...] - ETA: 0:39<0:02 - loss: 2.7146 
529/567 [==========================>...] - ETA: 0:39<0:02 - loss: 2.7153 
530/567 [===========================>..] - ETA: 0:39<0:02 - loss: 2.7159 
531/567 [===========================>..] - ETA: 0:40<0:02 - loss: 2.7167 
532/567 [===========================>..] - ETA: 0:40<0:02 - loss: 2.7188 
533/567 [===========================>..] - ETA: 0:40<0:02 - loss: 2.7167 
534/567 [===========================>..] - ETA: 0:40<0:02 - loss: 2.7166 
535/567 [===========================>..] - ETA: 0:40<0:02 - loss: 2.7161 
536/567 [===========================>..] - ETA: 0:40<0:02 - loss: 2.7208 
537/567 [===========================>..] - ETA: 0:40<0:02 - loss: 2.7197 
538/567 [===========================>..] - ETA: 0:40<0:02 - loss: 2.7214 
539/567 [===========================>..] - ETA: 0:40<0:02 - loss: 2.7215 
540/567 [===========================>..] - ETA: 0:40<0:02 - loss: 2.7216 
541/567 [===========================>..] - ETA: 0:40<0:01 - loss: 2.7218 
542/567 [===========================>..] - ETA: 0:40<0:01 - loss: 2.7219 
543/567 [===========================>..] - ETA: 0:40<0:01 - loss: 2.7215 
544/567 [===========================>..] - ETA: 0:40<0:01 - loss: 2.7220 
545/567 [===========================>..] - ETA: 0:41<0:01 - loss: 2.7207 
546/567 [===========================>..] - ETA: 0:41<0:01 - loss: 2.7176 
547/567 [===========================>..] - ETA: 0:41<0:01 - loss: 2.7175 
548/567 [===========================>..] - ETA: 0:41<0:01 - loss: 2.7158 
549/567 [============================>.] - ETA: 0:41<0:01 - loss: 2.7139 
550/567 [============================>.] - ETA: 0:41<0:01 - loss: 2.7144 
551/567 [============================>.] - ETA: 0:41<0:01 - loss: 2.7157 
552/567 [============================>.] - ETA: 0:41<0:01 - loss: 2.7149 
553/567 [============================>.] - ETA: 0:41<0:01 - loss: 2.7175 
554/567 [============================>.] - ETA: 0:41<0:00 - loss: 2.7187 
555/567 [============================>.] - ETA: 0:41<0:00 - loss: 2.7167 
556/567 [============================>.] - ETA: 0:41<0:00 - loss: 2.7167 
557/567 [============================>.] - ETA: 0:41<0:00 - loss: 2.7174 
558/567 [============================>.] - ETA: 0:42<0:00 - loss: 2.7159 
559/567 [============================>.] - ETA: 0:42<0:00 - loss: 2.7174 
560/567 [============================>.] - ETA: 0:42<0:00 - loss: 2.7184 
561/567 [============================>.] - ETA: 0:42<0:00 - loss: 2.7162 
562/567 [============================>.] - ETA: 0:42<0:00 - loss: 2.7169 
563/567 [============================>.] - ETA: 0:42<0:00 - loss: 2.7197 
564/567 [============================>.] - ETA: 0:42<0:00 - loss: 2.7164 
565/567 [============================>.] - ETA: 0:42<0:00 - loss: 2.7187 
566/567 [============================>.] - ETA: 0:42<0:00 - loss: 2.7194 
567/567 [==============================] - 0:42 75ms/step - loss: 2.7184 
2024-07-06 23:31:11 - Finish Epoch: 19/20 - loss: 2.6507
日晃百花色    风动千林翠
  0%|                                                                                                                                                    | 0/4 [00:00<?, ?it/s] 50%|██████████████████████████████████████████████████████████████████████                                                                      | 2/4 [00:00<00:00, 17.39it/s]100%|████████████████████████████████████████████████████████████████████████████████████████████████████████████████████████████████████████████| 4/4 [00:00<00:00, 17.35it/s]100%|████████████████████████████████████████████████████████████████████████████████████████████████████████████████████████████████████████████| 4/4 [00:00<00:00, 17.34it/s]
  0%|                                                                                                                                                    | 0/4 [00:00<?, ?it/s] 50%|██████████████████████████████████████████████████████████████████████                                                                      | 2/4 [00:00<00:00, 17.32it/s]100%|████████████████████████████████████████████████████████████████████████████████████████████████████████████████████████████████████████████| 4/4 [00:00<00:00, 17.33it/s]100%|████████████████████████████████████████████████████████████████████████████████████████████████████████████████████████████████████████████| 4/4 [00:00<00:00, 17.32it/s]
valid_data: {'rouge-1': 0.16805555189911273, 'rouge-2': 0.0, 'rouge-l': 0.16805555189911273, 'bleu': 0.043658753036211674, 'best_bleu': 0.06647869871181236}
test_data: {'rouge-1': 0.16805555189911273, 'rouge-2': 0.0, 'rouge-l': 0.16805555189911273, 'bleu': 0.043658753036211674}

2024-07-06 23:31:11 - Start  Epoch: 20/20

  1/567 [..............................] - ETA: 0:00<0:43 - loss: 2.7150 
  2/567 [..............................] - ETA: 0:00<0:43 - loss: 2.7101 
  3/567 [..............................] - ETA: 0:00<0:43 - loss: 2.7056 
  4/567 [..............................] - ETA: 0:00<0:42 - loss: 2.7018 
  5/567 [..............................] - ETA: 0:00<0:42 - loss: 2.6997 
  6/567 [..............................] - ETA: 0:00<0:42 - loss: 2.6956 
  7/567 [..............................] - ETA: 0:00<0:42 - loss: 2.6909 
  8/567 [..............................] - ETA: 0:00<0:42 - loss: 2.6882 
  9/567 [..............................] - ETA: 0:00<0:42 - loss: 2.6858 
 10/567 [..............................] - ETA: 0:00<0:42 - loss: 2.6819 
 11/567 [..............................] - ETA: 0:00<0:42 - loss: 2.6776 
 12/567 [..............................] - ETA: 0:00<0:42 - loss: 2.6727 
 13/567 [..............................] - ETA: 0:00<0:42 - loss: 2.6671 
 14/567 [..............................] - ETA: 0:01<0:41 - loss: 2.6627 
 15/567 [..............................] - ETA: 0:01<0:41 - loss: 2.6597 
 16/567 [..............................] - ETA: 0:01<0:41 - loss: 2.6551 
 17/567 [..............................] - ETA: 0:01<0:41 - loss: 2.6519 
 18/567 [..............................] - ETA: 0:01<0:41 - loss: 2.6464 
 19/567 [>.............................] - ETA: 0:01<0:41 - loss: 2.6414 
 20/567 [>.............................] - ETA: 0:01<0:41 - loss: 2.6366 
 21/567 [>.............................] - ETA: 0:01<0:41 - loss: 2.6314 
 22/567 [>.............................] - ETA: 0:01<0:41 - loss: 2.6271 
 23/567 [>.............................] - ETA: 0:01<0:40 - loss: 2.6255 
 24/567 [>.............................] - ETA: 0:01<0:40 - loss: 2.6190 
 25/567 [>.............................] - ETA: 0:01<0:40 - loss: 2.6132 
 26/567 [>.............................] - ETA: 0:01<0:40 - loss: 2.6074 
 27/567 [>.............................] - ETA: 0:02<0:40 - loss: 2.6048 
 28/567 [>.............................] - ETA: 0:02<0:40 - loss: 2.6011 
 29/567 [>.............................] - ETA: 0:02<0:40 - loss: 2.5948 
 30/567 [>.............................] - ETA: 0:02<0:40 - loss: 2.5895 
 31/567 [>.............................] - ETA: 0:02<0:40 - loss: 2.5856 
 32/567 [>.............................] - ETA: 0:02<0:40 - loss: 2.5808 
 33/567 [>.............................] - ETA: 0:02<0:40 - loss: 2.5751 
 34/567 [>.............................] - ETA: 0:02<0:39 - loss: 2.5697 
 35/567 [>.............................] - ETA: 0:02<0:39 - loss: 2.5672 
 36/567 [>.............................] - ETA: 0:02<0:39 - loss: 2.5626 
 37/567 [>.............................] - ETA: 0:02<0:39 - loss: 2.5571 
 38/567 [=>............................] - ETA: 0:02<0:39 - loss: 2.5525 
 39/567 [=>............................] - ETA: 0:02<0:39 - loss: 2.5498 
 40/567 [=>............................] - ETA: 0:02<0:39 - loss: 2.5452 
 41/567 [=>............................] - ETA: 0:03<0:39 - loss: 2.5410 
 42/567 [=>............................] - ETA: 0:03<0:39 - loss: 2.5383 
 43/567 [=>............................] - ETA: 0:03<0:39 - loss: 2.5326 
 44/567 [=>............................] - ETA: 0:03<0:39 - loss: 2.5288 
 45/567 [=>............................] - ETA: 0:03<0:39 - loss: 2.5238 
 46/567 [=>............................] - ETA: 0:03<0:39 - loss: 2.5200 
 47/567 [=>............................] - ETA: 0:03<0:38 - loss: 2.5171 
 48/567 [=>............................] - ETA: 0:03<0:38 - loss: 2.5129 
 49/567 [=>............................] - ETA: 0:03<0:38 - loss: 2.5075 
 50/567 [=>............................] - ETA: 0:03<0:38 - loss: 2.5028 
 51/567 [=>............................] - ETA: 0:03<0:38 - loss: 2.4994 
 52/567 [=>............................] - ETA: 0:03<0:38 - loss: 2.4956 
 53/567 [=>............................] - ETA: 0:03<0:38 - loss: 2.4918 
 54/567 [=>............................] - ETA: 0:04<0:38 - loss: 2.4860 
 55/567 [=>............................] - ETA: 0:04<0:38 - loss: 2.4829 
 56/567 [=>............................] - ETA: 0:04<0:38 - loss: 2.4775 
 57/567 [==>...........................] - ETA: 0:04<0:38 - loss: 2.4719 
 58/567 [==>...........................] - ETA: 0:04<0:38 - loss: 2.4682 
 59/567 [==>...........................] - ETA: 0:04<0:38 - loss: 2.4625 
 60/567 [==>...........................] - ETA: 0:04<0:38 - loss: 2.4567 
 61/567 [==>...........................] - ETA: 0:04<0:37 - loss: 2.4512 
 62/567 [==>...........................] - ETA: 0:04<0:37 - loss: 2.4443 
 63/567 [==>...........................] - ETA: 0:04<0:37 - loss: 2.4356 
 64/567 [==>...........................] - ETA: 0:04<0:37 - loss: 2.4314 
 65/567 [==>...........................] - ETA: 0:04<0:37 - loss: 2.4261 
 66/567 [==>...........................] - ETA: 0:04<0:37 - loss: 2.4216 
 67/567 [==>...........................] - ETA: 0:05<0:37 - loss: 2.4190 
 68/567 [==>...........................] - ETA: 0:05<0:37 - loss: 2.4146 
 69/567 [==>...........................] - ETA: 0:05<0:37 - loss: 2.4086 
 70/567 [==>...........................] - ETA: 0:05<0:37 - loss: 2.4036 
 71/567 [==>...........................] - ETA: 0:05<0:37 - loss: 2.3947 
 72/567 [==>...........................] - ETA: 0:05<0:37 - loss: 2.3876 
 73/567 [==>...........................] - ETA: 0:05<0:37 - loss: 2.3831 
 74/567 [==>...........................] - ETA: 0:05<0:36 - loss: 2.3795 
 75/567 [==>...........................] - ETA: 0:05<0:36 - loss: 2.3762 
 76/567 [===>..........................] - ETA: 0:05<0:36 - loss: 2.3691 
 77/567 [===>..........................] - ETA: 0:05<0:36 - loss: 2.3612 
 78/567 [===>..........................] - ETA: 0:05<0:36 - loss: 2.3561 
 79/567 [===>..........................] - ETA: 0:05<0:36 - loss: 2.3543 
 80/567 [===>..........................] - ETA: 0:06<0:36 - loss: 2.3501 
 81/567 [===>..........................] - ETA: 0:06<0:36 - loss: 2.3457 
 82/567 [===>..........................] - ETA: 0:06<0:36 - loss: 2.3431 
 83/567 [===>..........................] - ETA: 0:06<0:36 - loss: 2.3375 
 84/567 [===>..........................] - ETA: 0:06<0:36 - loss: 2.3315 
 85/567 [===>..........................] - ETA: 0:06<0:36 - loss: 2.3276 
 86/567 [===>..........................] - ETA: 0:06<0:36 - loss: 2.3199 
 87/567 [===>..........................] - ETA: 0:06<0:36 - loss: 2.3148 
 88/567 [===>..........................] - ETA: 0:06<0:35 - loss: 2.3103 
 89/567 [===>..........................] - ETA: 0:06<0:35 - loss: 2.3049 
 90/567 [===>..........................] - ETA: 0:06<0:35 - loss: 2.2987 
 91/567 [===>..........................] - ETA: 0:06<0:35 - loss: 2.2940 
 92/567 [===>..........................] - ETA: 0:06<0:35 - loss: 2.2888 
 93/567 [===>..........................] - ETA: 0:06<0:35 - loss: 2.2848 
 94/567 [===>..........................] - ETA: 0:07<0:35 - loss: 2.2825 
 95/567 [====>.........................] - ETA: 0:07<0:35 - loss: 2.2774 
 96/567 [====>.........................] - ETA: 0:07<0:35 - loss: 2.2705 
 97/567 [====>.........................] - ETA: 0:07<0:35 - loss: 2.2683 
 98/567 [====>.........................] - ETA: 0:07<0:35 - loss: 2.2603 
 99/567 [====>.........................] - ETA: 0:07<0:35 - loss: 2.2552 
100/567 [====>.........................] - ETA: 0:07<0:35 - loss: 2.2502 
101/567 [====>.........................] - ETA: 0:07<0:35 - loss: 2.2484 
102/567 [====>.........................] - ETA: 0:07<0:34 - loss: 2.2490 
103/567 [====>.........................] - ETA: 0:07<0:34 - loss: 2.2498 
104/567 [====>.........................] - ETA: 0:07<0:34 - loss: 2.2504 
105/567 [====>.........................] - ETA: 0:07<0:34 - loss: 2.2495 
106/567 [====>.........................] - ETA: 0:07<0:34 - loss: 2.2481 
107/567 [====>.........................] - ETA: 0:08<0:34 - loss: 2.2481 
108/567 [====>.........................] - ETA: 0:08<0:34 - loss: 2.2487 
109/567 [====>.........................] - ETA: 0:08<0:34 - loss: 2.2484 
110/567 [====>.........................] - ETA: 0:08<0:34 - loss: 2.2500 
111/567 [====>.........................] - ETA: 0:08<0:34 - loss: 2.2503 
112/567 [====>.........................] - ETA: 0:08<0:34 - loss: 2.2527 
113/567 [====>.........................] - ETA: 0:08<0:34 - loss: 2.2543 
114/567 [=====>........................] - ETA: 0:08<0:34 - loss: 2.2558 
115/567 [=====>........................] - ETA: 0:08<0:33 - loss: 2.2549 
116/567 [=====>........................] - ETA: 0:08<0:33 - loss: 2.2534 
117/567 [=====>........................] - ETA: 0:08<0:33 - loss: 2.2520 
118/567 [=====>........................] - ETA: 0:08<0:33 - loss: 2.2524 
119/567 [=====>........................] - ETA: 0:08<0:33 - loss: 2.2519 
120/567 [=====>........................] - ETA: 0:09<0:33 - loss: 2.2509 
121/567 [=====>........................] - ETA: 0:09<0:33 - loss: 2.2518 
122/567 [=====>........................] - ETA: 0:09<0:33 - loss: 2.2496 
123/567 [=====>........................] - ETA: 0:09<0:33 - loss: 2.2502 
124/567 [=====>........................] - ETA: 0:09<0:33 - loss: 2.2532 
125/567 [=====>........................] - ETA: 0:09<0:33 - loss: 2.2554 
126/567 [=====>........................] - ETA: 0:09<0:33 - loss: 2.2557 
127/567 [=====>........................] - ETA: 0:09<0:33 - loss: 2.2552 
128/567 [=====>........................] - ETA: 0:09<0:32 - loss: 2.2558 
129/567 [=====>........................] - ETA: 0:09<0:32 - loss: 2.2544 
130/567 [=====>........................] - ETA: 0:09<0:32 - loss: 2.2557 
131/567 [=====>........................] - ETA: 0:09<0:32 - loss: 2.2554 
132/567 [=====>........................] - ETA: 0:09<0:32 - loss: 2.2568 
133/567 [======>.......................] - ETA: 0:09<0:32 - loss: 2.2592 
134/567 [======>.......................] - ETA: 0:10<0:32 - loss: 2.2592 
135/567 [======>.......................] - ETA: 0:10<0:32 - loss: 2.2618 
136/567 [======>.......................] - ETA: 0:10<0:32 - loss: 2.2645 
137/567 [======>.......................] - ETA: 0:10<0:32 - loss: 2.2648 
138/567 [======>.......................] - ETA: 0:10<0:32 - loss: 2.2625 
139/567 [======>.......................] - ETA: 0:10<0:32 - loss: 2.2592 
140/567 [======>.......................] - ETA: 0:10<0:32 - loss: 2.2597 
141/567 [======>.......................] - ETA: 0:10<0:32 - loss: 2.2597 
142/567 [======>.......................] - ETA: 0:10<0:31 - loss: 2.2577 
143/567 [======>.......................] - ETA: 0:10<0:31 - loss: 2.2568 
144/567 [======>.......................] - ETA: 0:10<0:31 - loss: 2.2570 
145/567 [======>.......................] - ETA: 0:10<0:31 - loss: 2.2587 
146/567 [======>.......................] - ETA: 0:10<0:31 - loss: 2.2566 
147/567 [======>.......................] - ETA: 0:11<0:31 - loss: 2.2556 
148/567 [======>.......................] - ETA: 0:11<0:31 - loss: 2.2516 
149/567 [======>.......................] - ETA: 0:11<0:31 - loss: 2.2505 
150/567 [======>.......................] - ETA: 0:11<0:31 - loss: 2.2492 
151/567 [======>.......................] - ETA: 0:11<0:31 - loss: 2.2513 
152/567 [=======>......................] - ETA: 0:11<0:31 - loss: 2.2526 
153/567 [=======>......................] - ETA: 0:11<0:31 - loss: 2.2532 
154/567 [=======>......................] - ETA: 0:11<0:31 - loss: 2.2506 
155/567 [=======>......................] - ETA: 0:11<0:30 - loss: 2.2525 
156/567 [=======>......................] - ETA: 0:11<0:30 - loss: 2.2537 
157/567 [=======>......................] - ETA: 0:11<0:30 - loss: 2.2564 
158/567 [=======>......................] - ETA: 0:11<0:30 - loss: 2.2555 
159/567 [=======>......................] - ETA: 0:11<0:30 - loss: 2.2569 
160/567 [=======>......................] - ETA: 0:12<0:30 - loss: 2.2592 
161/567 [=======>......................] - ETA: 0:12<0:30 - loss: 2.2588 
162/567 [=======>......................] - ETA: 0:12<0:30 - loss: 2.2620 
163/567 [=======>......................] - ETA: 0:12<0:30 - loss: 2.2660 
164/567 [=======>......................] - ETA: 0:12<0:30 - loss: 2.2660 
165/567 [=======>......................] - ETA: 0:12<0:30 - loss: 2.2669 
166/567 [=======>......................] - ETA: 0:12<0:30 - loss: 2.2671 
167/567 [=======>......................] - ETA: 0:12<0:30 - loss: 2.2664 
168/567 [=======>......................] - ETA: 0:12<0:29 - loss: 2.2659 
169/567 [=======>......................] - ETA: 0:12<0:29 - loss: 2.2655 
170/567 [=======>......................] - ETA: 0:12<0:29 - loss: 2.2669 
171/567 [========>.....................] - ETA: 0:12<0:29 - loss: 2.2686 
172/567 [========>.....................] - ETA: 0:12<0:29 - loss: 2.2713 
173/567 [========>.....................] - ETA: 0:13<0:29 - loss: 2.2715 
174/567 [========>.....................] - ETA: 0:13<0:29 - loss: 2.2710 
175/567 [========>.....................] - ETA: 0:13<0:29 - loss: 2.2675 
176/567 [========>.....................] - ETA: 0:13<0:29 - loss: 2.2699 
177/567 [========>.....................] - ETA: 0:13<0:29 - loss: 2.2717 
178/567 [========>.....................] - ETA: 0:13<0:29 - loss: 2.2729 
179/567 [========>.....................] - ETA: 0:13<0:29 - loss: 2.2728 
180/567 [========>.....................] - ETA: 0:13<0:29 - loss: 2.2747 
181/567 [========>.....................] - ETA: 0:13<0:29 - loss: 2.2769 
182/567 [========>.....................] - ETA: 0:13<0:28 - loss: 2.2772 
183/567 [========>.....................] - ETA: 0:13<0:28 - loss: 2.2784 
184/567 [========>.....................] - ETA: 0:13<0:28 - loss: 2.2776 
185/567 [========>.....................] - ETA: 0:13<0:28 - loss: 2.2781 
186/567 [========>.....................] - ETA: 0:13<0:28 - loss: 2.2791 
187/567 [========>.....................] - ETA: 0:14<0:28 - loss: 2.2800 
188/567 [========>.....................] - ETA: 0:14<0:28 - loss: 2.2821 
189/567 [=========>....................] - ETA: 0:14<0:28 - loss: 2.2819 
190/567 [=========>....................] - ETA: 0:14<0:28 - loss: 2.2832 
191/567 [=========>....................] - ETA: 0:14<0:28 - loss: 2.2845 
192/567 [=========>....................] - ETA: 0:14<0:28 - loss: 2.2837 
193/567 [=========>....................] - ETA: 0:14<0:28 - loss: 2.2850 
194/567 [=========>....................] - ETA: 0:14<0:28 - loss: 2.2837 
195/567 [=========>....................] - ETA: 0:14<0:27 - loss: 2.2847 
196/567 [=========>....................] - ETA: 0:14<0:27 - loss: 2.2857 
197/567 [=========>....................] - ETA: 0:14<0:27 - loss: 2.2853 
198/567 [=========>....................] - ETA: 0:14<0:27 - loss: 2.2856 
199/567 [=========>....................] - ETA: 0:14<0:27 - loss: 2.2854 
200/567 [=========>....................] - ETA: 0:15<0:27 - loss: 2.2871 
201/567 [=========>....................] - ETA: 0:15<0:27 - loss: 2.2910 
202/567 [=========>....................] - ETA: 0:15<0:27 - loss: 2.2924 
203/567 [=========>....................] - ETA: 0:15<0:27 - loss: 2.2923 
204/567 [=========>....................] - ETA: 0:15<0:27 - loss: 2.2936 
205/567 [=========>....................] - ETA: 0:15<0:27 - loss: 2.2951 
206/567 [=========>....................] - ETA: 0:15<0:27 - loss: 2.2965 
207/567 [=========>....................] - ETA: 0:15<0:27 - loss: 2.2963 
208/567 [==========>...................] - ETA: 0:15<0:27 - loss: 2.2938 
209/567 [==========>...................] - ETA: 0:15<0:26 - loss: 2.2946 
210/567 [==========>...................] - ETA: 0:15<0:26 - loss: 2.2938 
211/567 [==========>...................] - ETA: 0:15<0:26 - loss: 2.2927 
212/567 [==========>...................] - ETA: 0:15<0:26 - loss: 2.2912 
213/567 [==========>...................] - ETA: 0:16<0:26 - loss: 2.2904 
214/567 [==========>...................] - ETA: 0:16<0:26 - loss: 2.2905 
215/567 [==========>...................] - ETA: 0:16<0:26 - loss: 2.2902 
216/567 [==========>...................] - ETA: 0:16<0:26 - loss: 2.2914 
217/567 [==========>...................] - ETA: 0:16<0:26 - loss: 2.2934 
218/567 [==========>...................] - ETA: 0:16<0:26 - loss: 2.2947 
219/567 [==========>...................] - ETA: 0:16<0:26 - loss: 2.2955 
220/567 [==========>...................] - ETA: 0:16<0:26 - loss: 2.2974 
221/567 [==========>...................] - ETA: 0:16<0:26 - loss: 2.2958 
222/567 [==========>...................] - ETA: 0:16<0:25 - loss: 2.2948 
223/567 [==========>...................] - ETA: 0:16<0:25 - loss: 2.2956 
224/567 [==========>...................] - ETA: 0:16<0:25 - loss: 2.2953 
225/567 [==========>...................] - ETA: 0:16<0:25 - loss: 2.2976 
226/567 [==========>...................] - ETA: 0:17<0:25 - loss: 2.2988 
227/567 [===========>..................] - ETA: 0:17<0:25 - loss: 2.2995 
228/567 [===========>..................] - ETA: 0:17<0:25 - loss: 2.2982 
229/567 [===========>..................] - ETA: 0:17<0:25 - loss: 2.3001 
230/567 [===========>..................] - ETA: 0:17<0:25 - loss: 2.3002 
231/567 [===========>..................] - ETA: 0:17<0:25 - loss: 2.2994 
232/567 [===========>..................] - ETA: 0:17<0:25 - loss: 2.3008 
233/567 [===========>..................] - ETA: 0:17<0:25 - loss: 2.2997 
234/567 [===========>..................] - ETA: 0:17<0:25 - loss: 2.3010 
235/567 [===========>..................] - ETA: 0:17<0:25 - loss: 2.3001 
236/567 [===========>..................] - ETA: 0:17<0:24 - loss: 2.2991 
237/567 [===========>..................] - ETA: 0:17<0:24 - loss: 2.3001 
238/567 [===========>..................] - ETA: 0:17<0:24 - loss: 2.3051 
239/567 [===========>..................] - ETA: 0:17<0:24 - loss: 2.3050 
240/567 [===========>..................] - ETA: 0:18<0:24 - loss: 2.3059 
241/567 [===========>..................] - ETA: 0:18<0:24 - loss: 2.3054 
242/567 [===========>..................] - ETA: 0:18<0:24 - loss: 2.3069 
243/567 [===========>..................] - ETA: 0:18<0:24 - loss: 2.3096 
244/567 [===========>..................] - ETA: 0:18<0:24 - loss: 2.3115 
245/567 [===========>..................] - ETA: 0:18<0:24 - loss: 2.3117 
246/567 [============>.................] - ETA: 0:18<0:24 - loss: 2.3135 
247/567 [============>.................] - ETA: 0:18<0:24 - loss: 2.3145 
248/567 [============>.................] - ETA: 0:18<0:24 - loss: 2.3156 
249/567 [============>.................] - ETA: 0:18<0:23 - loss: 2.3156 
250/567 [============>.................] - ETA: 0:18<0:23 - loss: 2.3185 
251/567 [============>.................] - ETA: 0:18<0:23 - loss: 2.3172 
252/567 [============>.................] - ETA: 0:18<0:23 - loss: 2.3184 
253/567 [============>.................] - ETA: 0:19<0:23 - loss: 2.3190 
254/567 [============>.................] - ETA: 0:19<0:23 - loss: 2.3195 
255/567 [============>.................] - ETA: 0:19<0:23 - loss: 2.3204 
256/567 [============>.................] - ETA: 0:19<0:23 - loss: 2.3200 
257/567 [============>.................] - ETA: 0:19<0:23 - loss: 2.3188 
258/567 [============>.................] - ETA: 0:19<0:23 - loss: 2.3197 
259/567 [============>.................] - ETA: 0:19<0:23 - loss: 2.3221 
260/567 [============>.................] - ETA: 0:19<0:23 - loss: 2.3206 
261/567 [============>.................] - ETA: 0:19<0:23 - loss: 2.3222 
262/567 [============>.................] - ETA: 0:19<0:22 - loss: 2.3200 
263/567 [============>.................] - ETA: 0:19<0:22 - loss: 2.3205 
264/567 [============>.................] - ETA: 0:19<0:22 - loss: 2.3222 
265/567 [=============>................] - ETA: 0:19<0:22 - loss: 2.3193 
266/567 [=============>................] - ETA: 0:20<0:22 - loss: 2.3192 
267/567 [=============>................] - ETA: 0:20<0:22 - loss: 2.3206 
268/567 [=============>................] - ETA: 0:20<0:22 - loss: 2.3222 
269/567 [=============>................] - ETA: 0:20<0:22 - loss: 2.3241 
270/567 [=============>................] - ETA: 0:20<0:22 - loss: 2.3243 
271/567 [=============>................] - ETA: 0:20<0:22 - loss: 2.3237 
272/567 [=============>................] - ETA: 0:20<0:22 - loss: 2.3235 
273/567 [=============>................] - ETA: 0:20<0:22 - loss: 2.3238 
274/567 [=============>................] - ETA: 0:20<0:22 - loss: 2.3232 
275/567 [=============>................] - ETA: 0:20<0:22 - loss: 2.3259 
276/567 [=============>................] - ETA: 0:20<0:21 - loss: 2.3252 
277/567 [=============>................] - ETA: 0:20<0:21 - loss: 2.3290 
278/567 [=============>................] - ETA: 0:20<0:21 - loss: 2.3304 
279/567 [=============>................] - ETA: 0:21<0:21 - loss: 2.3304 
280/567 [=============>................] - ETA: 0:21<0:21 - loss: 2.3291 
281/567 [=============>................] - ETA: 0:21<0:21 - loss: 2.3275 
282/567 [=============>................] - ETA: 0:21<0:21 - loss: 2.3281 
283/567 [=============>................] - ETA: 0:21<0:21 - loss: 2.3280 
284/567 [==============>...............] - ETA: 0:21<0:21 - loss: 2.3289 
285/567 [==============>...............] - ETA: 0:21<0:21 - loss: 2.3287 
286/567 [==============>...............] - ETA: 0:21<0:21 - loss: 2.3297 
287/567 [==============>...............] - ETA: 0:21<0:21 - loss: 2.3288 
288/567 [==============>...............] - ETA: 0:21<0:21 - loss: 2.3301 
289/567 [==============>...............] - ETA: 0:21<0:20 - loss: 2.3329 
290/567 [==============>...............] - ETA: 0:21<0:20 - loss: 2.3324 
291/567 [==============>...............] - ETA: 0:21<0:20 - loss: 2.3328 
292/567 [==============>...............] - ETA: 0:21<0:20 - loss: 2.3343 
293/567 [==============>...............] - ETA: 0:22<0:20 - loss: 2.3332 
294/567 [==============>...............] - ETA: 0:22<0:20 - loss: 2.3346 
295/567 [==============>...............] - ETA: 0:22<0:20 - loss: 2.3340 
296/567 [==============>...............] - ETA: 0:22<0:20 - loss: 2.3335 
297/567 [==============>...............] - ETA: 0:22<0:20 - loss: 2.3351 
298/567 [==============>...............] - ETA: 0:22<0:20 - loss: 2.3352 
299/567 [==============>...............] - ETA: 0:22<0:20 - loss: 2.3337 
300/567 [==============>...............] - ETA: 0:22<0:20 - loss: 2.3341 
301/567 [==============>...............] - ETA: 0:22<0:20 - loss: 2.3333 
302/567 [==============>...............] - ETA: 0:22<0:19 - loss: 2.3326 
303/567 [===============>..............] - ETA: 0:22<0:19 - loss: 2.3342 
304/567 [===============>..............] - ETA: 0:22<0:19 - loss: 2.3324 
305/567 [===============>..............] - ETA: 0:22<0:19 - loss: 2.3315 
306/567 [===============>..............] - ETA: 0:23<0:19 - loss: 2.3329 
307/567 [===============>..............] - ETA: 0:23<0:19 - loss: 2.3350 
308/567 [===============>..............] - ETA: 0:23<0:19 - loss: 2.3358 
309/567 [===============>..............] - ETA: 0:23<0:19 - loss: 2.3359 
310/567 [===============>..............] - ETA: 0:23<0:19 - loss: 2.3383 
311/567 [===============>..............] - ETA: 0:23<0:19 - loss: 2.3391 
312/567 [===============>..............] - ETA: 0:23<0:19 - loss: 2.3402 
313/567 [===============>..............] - ETA: 0:23<0:19 - loss: 2.3399 
314/567 [===============>..............] - ETA: 0:23<0:19 - loss: 2.3405 
315/567 [===============>..............] - ETA: 0:23<0:18 - loss: 2.3434 
316/567 [===============>..............] - ETA: 0:23<0:18 - loss: 2.3434 
317/567 [===============>..............] - ETA: 0:23<0:18 - loss: 2.3438 
318/567 [===============>..............] - ETA: 0:23<0:18 - loss: 2.3453 
319/567 [===============>..............] - ETA: 0:24<0:18 - loss: 2.3457 
320/567 [===============>..............] - ETA: 0:24<0:18 - loss: 2.3464 
321/567 [===============>..............] - ETA: 0:24<0:18 - loss: 2.3484 
322/567 [================>.............] - ETA: 0:24<0:18 - loss: 2.3510 
323/567 [================>.............] - ETA: 0:24<0:18 - loss: 2.3506 
324/567 [================>.............] - ETA: 0:24<0:18 - loss: 2.3513 
325/567 [================>.............] - ETA: 0:24<0:18 - loss: 2.3495 
326/567 [================>.............] - ETA: 0:24<0:18 - loss: 2.3491 
327/567 [================>.............] - ETA: 0:24<0:18 - loss: 2.3482 
328/567 [================>.............] - ETA: 0:24<0:18 - loss: 2.3472 
329/567 [================>.............] - ETA: 0:24<0:17 - loss: 2.3497 
330/567 [================>.............] - ETA: 0:24<0:17 - loss: 2.3486 
331/567 [================>.............] - ETA: 0:24<0:17 - loss: 2.3494 
332/567 [================>.............] - ETA: 0:25<0:17 - loss: 2.3507 
333/567 [================>.............] - ETA: 0:25<0:17 - loss: 2.3496 
334/567 [================>.............] - ETA: 0:25<0:17 - loss: 2.3526 
335/567 [================>.............] - ETA: 0:25<0:17 - loss: 2.3523 
336/567 [================>.............] - ETA: 0:25<0:17 - loss: 2.3514 
337/567 [================>.............] - ETA: 0:25<0:17 - loss: 2.3511 
338/567 [================>.............] - ETA: 0:25<0:17 - loss: 2.3492 
339/567 [================>.............] - ETA: 0:25<0:17 - loss: 2.3523 
340/567 [================>.............] - ETA: 0:25<0:17 - loss: 2.3533 
341/567 [=================>............] - ETA: 0:25<0:17 - loss: 2.3532 
342/567 [=================>............] - ETA: 0:25<0:16 - loss: 2.3549 
343/567 [=================>............] - ETA: 0:25<0:16 - loss: 2.3537 
344/567 [=================>............] - ETA: 0:25<0:16 - loss: 2.3545 
345/567 [=================>............] - ETA: 0:25<0:16 - loss: 2.3544 
346/567 [=================>............] - ETA: 0:26<0:16 - loss: 2.3543 
347/567 [=================>............] - ETA: 0:26<0:16 - loss: 2.3557 
348/567 [=================>............] - ETA: 0:26<0:16 - loss: 2.3569 
349/567 [=================>............] - ETA: 0:26<0:16 - loss: 2.3583 
350/567 [=================>............] - ETA: 0:26<0:16 - loss: 2.3576 
351/567 [=================>............] - ETA: 0:26<0:16 - loss: 2.3582 
352/567 [=================>............] - ETA: 0:26<0:16 - loss: 2.3571 
353/567 [=================>............] - ETA: 0:26<0:16 - loss: 2.3583 
354/567 [=================>............] - ETA: 0:26<0:16 - loss: 2.3600 
355/567 [=================>............] - ETA: 0:26<0:15 - loss: 2.3588 
356/567 [=================>............] - ETA: 0:26<0:15 - loss: 2.3606 
357/567 [=================>............] - ETA: 0:26<0:15 - loss: 2.3606 
358/567 [=================>............] - ETA: 0:26<0:15 - loss: 2.3613 
359/567 [=================>............] - ETA: 0:27<0:15 - loss: 2.3607 
360/567 [==================>...........] - ETA: 0:27<0:15 - loss: 2.3621 
361/567 [==================>...........] - ETA: 0:27<0:15 - loss: 2.3626 
362/567 [==================>...........] - ETA: 0:27<0:15 - loss: 2.3651 
363/567 [==================>...........] - ETA: 0:27<0:15 - loss: 2.3642 
364/567 [==================>...........] - ETA: 0:27<0:15 - loss: 2.3637 
365/567 [==================>...........] - ETA: 0:27<0:15 - loss: 2.3662 
366/567 [==================>...........] - ETA: 0:27<0:15 - loss: 2.3676 
367/567 [==================>...........] - ETA: 0:27<0:15 - loss: 2.3678 
368/567 [==================>...........] - ETA: 0:27<0:14 - loss: 2.3689 
369/567 [==================>...........] - ETA: 0:27<0:14 - loss: 2.3669 
370/567 [==================>...........] - ETA: 0:27<0:14 - loss: 2.3666 
371/567 [==================>...........] - ETA: 0:27<0:14 - loss: 2.3687 
372/567 [==================>...........] - ETA: 0:28<0:14 - loss: 2.3694 
373/567 [==================>...........] - ETA: 0:28<0:14 - loss: 2.3717 
374/567 [==================>...........] - ETA: 0:28<0:14 - loss: 2.3735 
375/567 [==================>...........] - ETA: 0:28<0:14 - loss: 2.3724 
376/567 [==================>...........] - ETA: 0:28<0:14 - loss: 2.3725 
377/567 [==================>...........] - ETA: 0:28<0:14 - loss: 2.3694 
378/567 [===================>..........] - ETA: 0:28<0:14 - loss: 2.3694 
379/567 [===================>..........] - ETA: 0:28<0:14 - loss: 2.3682 
380/567 [===================>..........] - ETA: 0:28<0:14 - loss: 2.3694 
381/567 [===================>..........] - ETA: 0:28<0:14 - loss: 2.3698 
382/567 [===================>..........] - ETA: 0:28<0:13 - loss: 2.3694 
383/567 [===================>..........] - ETA: 0:28<0:13 - loss: 2.3683 
384/567 [===================>..........] - ETA: 0:28<0:13 - loss: 2.3693 
385/567 [===================>..........] - ETA: 0:29<0:13 - loss: 2.3710 
386/567 [===================>..........] - ETA: 0:29<0:13 - loss: 2.3703 
387/567 [===================>..........] - ETA: 0:29<0:13 - loss: 2.3703 
388/567 [===================>..........] - ETA: 0:29<0:13 - loss: 2.3675 
389/567 [===================>..........] - ETA: 0:29<0:13 - loss: 2.3636 
390/567 [===================>..........] - ETA: 0:29<0:13 - loss: 2.3646 
391/567 [===================>..........] - ETA: 0:29<0:13 - loss: 2.3640 
392/567 [===================>..........] - ETA: 0:29<0:13 - loss: 2.3642 
393/567 [===================>..........] - ETA: 0:29<0:13 - loss: 2.3635 
394/567 [===================>..........] - ETA: 0:29<0:13 - loss: 2.3659 
395/567 [===================>..........] - ETA: 0:29<0:12 - loss: 2.3675 
396/567 [===================>..........] - ETA: 0:29<0:12 - loss: 2.3685 
397/567 [====================>.........] - ETA: 0:29<0:12 - loss: 2.3710 
398/567 [====================>.........] - ETA: 0:29<0:12 - loss: 2.3716 
399/567 [====================>.........] - ETA: 0:30<0:12 - loss: 2.3735 
400/567 [====================>.........] - ETA: 0:30<0:12 - loss: 2.3724 
401/567 [====================>.........] - ETA: 0:30<0:12 - loss: 2.3724 
402/567 [====================>.........] - ETA: 0:30<0:12 - loss: 2.3723 
403/567 [====================>.........] - ETA: 0:30<0:12 - loss: 2.3699 
404/567 [====================>.........] - ETA: 0:30<0:12 - loss: 2.3716 
405/567 [====================>.........] - ETA: 0:30<0:12 - loss: 2.3716 
406/567 [====================>.........] - ETA: 0:30<0:12 - loss: 2.3743 
407/567 [====================>.........] - ETA: 0:30<0:12 - loss: 2.3740 
408/567 [====================>.........] - ETA: 0:30<0:11 - loss: 2.3750 
409/567 [====================>.........] - ETA: 0:30<0:11 - loss: 2.3755 
410/567 [====================>.........] - ETA: 0:30<0:11 - loss: 2.3717 
411/567 [====================>.........] - ETA: 0:30<0:11 - loss: 2.3705 
412/567 [====================>.........] - ETA: 0:31<0:11 - loss: 2.3700 
413/567 [====================>.........] - ETA: 0:31<0:11 - loss: 2.3711 
414/567 [====================>.........] - ETA: 0:31<0:11 - loss: 2.3703 
415/567 [====================>.........] - ETA: 0:31<0:11 - loss: 2.3697 
416/567 [=====================>........] - ETA: 0:31<0:11 - loss: 2.3696 
417/567 [=====================>........] - ETA: 0:31<0:11 - loss: 2.3675 
418/567 [=====================>........] - ETA: 0:31<0:11 - loss: 2.3667 
419/567 [=====================>........] - ETA: 0:31<0:11 - loss: 2.3683 
420/567 [=====================>........] - ETA: 0:31<0:11 - loss: 2.3680 
421/567 [=====================>........] - ETA: 0:31<0:11 - loss: 2.3697 
422/567 [=====================>........] - ETA: 0:31<0:10 - loss: 2.3684 
423/567 [=====================>........] - ETA: 0:31<0:10 - loss: 2.3686 
424/567 [=====================>........] - ETA: 0:31<0:10 - loss: 2.3678 
425/567 [=====================>........] - ETA: 0:32<0:10 - loss: 2.3670 
426/567 [=====================>........] - ETA: 0:32<0:10 - loss: 2.3697 
427/567 [=====================>........] - ETA: 0:32<0:10 - loss: 2.3724 
428/567 [=====================>........] - ETA: 0:32<0:10 - loss: 2.3746 
429/567 [=====================>........] - ETA: 0:32<0:10 - loss: 2.3724 
430/567 [=====================>........] - ETA: 0:32<0:10 - loss: 2.3741 
431/567 [=====================>........] - ETA: 0:32<0:10 - loss: 2.3750 
432/567 [=====================>........] - ETA: 0:32<0:10 - loss: 2.3745 
433/567 [=====================>........] - ETA: 0:32<0:10 - loss: 2.3779 
434/567 [=====================>........] - ETA: 0:32<0:10 - loss: 2.3764 
435/567 [======================>.......] - ETA: 0:32<0:09 - loss: 2.3758 
436/567 [======================>.......] - ETA: 0:32<0:09 - loss: 2.3755 
437/567 [======================>.......] - ETA: 0:32<0:09 - loss: 2.3760 
438/567 [======================>.......] - ETA: 0:33<0:09 - loss: 2.3760 
439/567 [======================>.......] - ETA: 0:33<0:09 - loss: 2.3743 
440/567 [======================>.......] - ETA: 0:33<0:09 - loss: 2.3737 
441/567 [======================>.......] - ETA: 0:33<0:09 - loss: 2.3752 
442/567 [======================>.......] - ETA: 0:33<0:09 - loss: 2.3734 
443/567 [======================>.......] - ETA: 0:33<0:09 - loss: 2.3766 
444/567 [======================>.......] - ETA: 0:33<0:09 - loss: 2.3754 
445/567 [======================>.......] - ETA: 0:33<0:09 - loss: 2.3748 
446/567 [======================>.......] - ETA: 0:33<0:09 - loss: 2.3764 
447/567 [======================>.......] - ETA: 0:33<0:09 - loss: 2.3761 
448/567 [======================>.......] - ETA: 0:33<0:08 - loss: 2.3745 
449/567 [======================>.......] - ETA: 0:33<0:08 - loss: 2.3735 
450/567 [======================>.......] - ETA: 0:33<0:08 - loss: 2.3736 
451/567 [======================>.......] - ETA: 0:34<0:08 - loss: 2.3743 
452/567 [======================>.......] - ETA: 0:34<0:08 - loss: 2.3733 
453/567 [======================>.......] - ETA: 0:34<0:08 - loss: 2.3731 
454/567 [=======================>......] - ETA: 0:34<0:08 - loss: 2.3732 
455/567 [=======================>......] - ETA: 0:34<0:08 - loss: 2.3742 
456/567 [=======================>......] - ETA: 0:34<0:08 - loss: 2.3734 
457/567 [=======================>......] - ETA: 0:34<0:08 - loss: 2.3746 
458/567 [=======================>......] - ETA: 0:34<0:08 - loss: 2.3735 
459/567 [=======================>......] - ETA: 0:34<0:08 - loss: 2.3716 
460/567 [=======================>......] - ETA: 0:34<0:08 - loss: 2.3731 
461/567 [=======================>......] - ETA: 0:34<0:08 - loss: 2.3707 
462/567 [=======================>......] - ETA: 0:34<0:07 - loss: 2.3697 
463/567 [=======================>......] - ETA: 0:34<0:07 - loss: 2.3712 
464/567 [=======================>......] - ETA: 0:35<0:07 - loss: 2.3720 
465/567 [=======================>......] - ETA: 0:35<0:07 - loss: 2.3726 
466/567 [=======================>......] - ETA: 0:35<0:07 - loss: 2.3713 
467/567 [=======================>......] - ETA: 0:35<0:07 - loss: 2.3711 
468/567 [=======================>......] - ETA: 0:35<0:07 - loss: 2.3707 
469/567 [=======================>......] - ETA: 0:35<0:07 - loss: 2.3708 
470/567 [=======================>......] - ETA: 0:35<0:07 - loss: 2.3717 
471/567 [=======================>......] - ETA: 0:35<0:07 - loss: 2.3727 
472/567 [=======================>......] - ETA: 0:35<0:07 - loss: 2.3738 
473/567 [========================>.....] - ETA: 0:35<0:07 - loss: 2.3728 
474/567 [========================>.....] - ETA: 0:35<0:07 - loss: 2.3736 
475/567 [========================>.....] - ETA: 0:35<0:06 - loss: 2.3733 
476/567 [========================>.....] - ETA: 0:35<0:06 - loss: 2.3758 
477/567 [========================>.....] - ETA: 0:36<0:06 - loss: 2.3782 
478/567 [========================>.....] - ETA: 0:36<0:06 - loss: 2.3751 
479/567 [========================>.....] - ETA: 0:36<0:06 - loss: 2.3758 
480/567 [========================>.....] - ETA: 0:36<0:06 - loss: 2.3754 
481/567 [========================>.....] - ETA: 0:36<0:06 - loss: 2.3774 
482/567 [========================>.....] - ETA: 0:36<0:06 - loss: 2.3780 
483/567 [========================>.....] - ETA: 0:36<0:06 - loss: 2.3791 
484/567 [========================>.....] - ETA: 0:36<0:06 - loss: 2.3799 
485/567 [========================>.....] - ETA: 0:36<0:06 - loss: 2.3788 
486/567 [========================>.....] - ETA: 0:36<0:06 - loss: 2.3791 
487/567 [========================>.....] - ETA: 0:36<0:06 - loss: 2.3810 
488/567 [========================>.....] - ETA: 0:36<0:05 - loss: 2.3847 
489/567 [========================>.....] - ETA: 0:36<0:05 - loss: 2.3851 
490/567 [========================>.....] - ETA: 0:36<0:05 - loss: 2.3832 
491/567 [========================>.....] - ETA: 0:37<0:05 - loss: 2.3843 
492/567 [=========================>....] - ETA: 0:37<0:05 - loss: 2.3848 
493/567 [=========================>....] - ETA: 0:37<0:05 - loss: 2.3867 
494/567 [=========================>....] - ETA: 0:37<0:05 - loss: 2.3851 
495/567 [=========================>....] - ETA: 0:37<0:05 - loss: 2.3856 
496/567 [=========================>....] - ETA: 0:37<0:05 - loss: 2.3867 
497/567 [=========================>....] - ETA: 0:37<0:05 - loss: 2.3825 
498/567 [=========================>....] - ETA: 0:37<0:05 - loss: 2.3847 
499/567 [=========================>....] - ETA: 0:37<0:05 - loss: 2.3849 
500/567 [=========================>....] - ETA: 0:37<0:05 - loss: 2.3859 
501/567 [=========================>....] - ETA: 0:37<0:04 - loss: 2.3862 
502/567 [=========================>....] - ETA: 0:37<0:04 - loss: 2.3886 
503/567 [=========================>....] - ETA: 0:37<0:04 - loss: 2.3913 
504/567 [=========================>....] - ETA: 0:38<0:04 - loss: 2.3898 
505/567 [=========================>....] - ETA: 0:38<0:04 - loss: 2.3882 
506/567 [=========================>....] - ETA: 0:38<0:04 - loss: 2.3868 
507/567 [=========================>....] - ETA: 0:38<0:04 - loss: 2.3861 
508/567 [=========================>....] - ETA: 0:38<0:04 - loss: 2.3857 
509/567 [=========================>....] - ETA: 0:38<0:04 - loss: 2.3862 
510/567 [=========================>....] - ETA: 0:38<0:04 - loss: 2.3874 
511/567 [==========================>...] - ETA: 0:38<0:04 - loss: 2.3889 
512/567 [==========================>...] - ETA: 0:38<0:04 - loss: 2.3867 
513/567 [==========================>...] - ETA: 0:38<0:04 - loss: 2.3857 
514/567 [==========================>...] - ETA: 0:38<0:04 - loss: 2.3871 
515/567 [==========================>...] - ETA: 0:38<0:03 - loss: 2.3849 
516/567 [==========================>...] - ETA: 0:38<0:03 - loss: 2.3875 
517/567 [==========================>...] - ETA: 0:39<0:03 - loss: 2.3885 
518/567 [==========================>...] - ETA: 0:39<0:03 - loss: 2.3876 
519/567 [==========================>...] - ETA: 0:39<0:03 - loss: 2.3879 
520/567 [==========================>...] - ETA: 0:39<0:03 - loss: 2.3899 
521/567 [==========================>...] - ETA: 0:39<0:03 - loss: 2.3894 
522/567 [==========================>...] - ETA: 0:39<0:03 - loss: 2.3892 
523/567 [==========================>...] - ETA: 0:39<0:03 - loss: 2.3892 
524/567 [==========================>...] - ETA: 0:39<0:03 - loss: 2.3894 
525/567 [==========================>...] - ETA: 0:39<0:03 - loss: 2.3901 
526/567 [==========================>...] - ETA: 0:39<0:03 - loss: 2.3886 
527/567 [==========================>...] - ETA: 0:39<0:03 - loss: 2.3879 
528/567 [==========================>...] - ETA: 0:39<0:02 - loss: 2.3901 
529/567 [==========================>...] - ETA: 0:39<0:02 - loss: 2.3909 
530/567 [===========================>..] - ETA: 0:40<0:02 - loss: 2.3895 
531/567 [===========================>..] - ETA: 0:40<0:02 - loss: 2.3904 
532/567 [===========================>..] - ETA: 0:40<0:02 - loss: 2.3914 
533/567 [===========================>..] - ETA: 0:40<0:02 - loss: 2.3911 
534/567 [===========================>..] - ETA: 0:40<0:02 - loss: 2.3894 
535/567 [===========================>..] - ETA: 0:40<0:02 - loss: 2.3896 
536/567 [===========================>..] - ETA: 0:40<0:02 - loss: 2.3909 
537/567 [===========================>..] - ETA: 0:40<0:02 - loss: 2.3889 
538/567 [===========================>..] - ETA: 0:40<0:02 - loss: 2.3924 
539/567 [===========================>..] - ETA: 0:40<0:02 - loss: 2.3936 
540/567 [===========================>..] - ETA: 0:40<0:02 - loss: 2.3939 
541/567 [===========================>..] - ETA: 0:40<0:01 - loss: 2.3937 
542/567 [===========================>..] - ETA: 0:40<0:01 - loss: 2.3951 
543/567 [===========================>..] - ETA: 0:40<0:01 - loss: 2.3945 
544/567 [===========================>..] - ETA: 0:41<0:01 - loss: 2.3942 
545/567 [===========================>..] - ETA: 0:41<0:01 - loss: 2.3936 
546/567 [===========================>..] - ETA: 0:41<0:01 - loss: 2.3926 
547/567 [===========================>..] - ETA: 0:41<0:01 - loss: 2.3930 
548/567 [===========================>..] - ETA: 0:41<0:01 - loss: 2.3947 
549/567 [============================>.] - ETA: 0:41<0:01 - loss: 2.3963 
550/567 [============================>.] - ETA: 0:41<0:01 - loss: 2.3973 
551/567 [============================>.] - ETA: 0:41<0:01 - loss: 2.3975 
552/567 [============================>.] - ETA: 0:41<0:01 - loss: 2.3993 
553/567 [============================>.] - ETA: 0:41<0:01 - loss: 2.3981 
554/567 [============================>.] - ETA: 0:41<0:00 - loss: 2.3988 
555/567 [============================>.] - ETA: 0:41<0:00 - loss: 2.3960 
556/567 [============================>.] - ETA: 0:41<0:00 - loss: 2.3951 
557/567 [============================>.] - ETA: 0:42<0:00 - loss: 2.3958 
558/567 [============================>.] - ETA: 0:42<0:00 - loss: 2.3950 
559/567 [============================>.] - ETA: 0:42<0:00 - loss: 2.3974 
560/567 [============================>.] - ETA: 0:42<0:00 - loss: 2.3957 
561/567 [============================>.] - ETA: 0:42<0:00 - loss: 2.3977 
562/567 [============================>.] - ETA: 0:42<0:00 - loss: 2.3974 
563/567 [============================>.] - ETA: 0:42<0:00 - loss: 2.3956 
564/567 [============================>.] - ETA: 0:42<0:00 - loss: 2.3940 
565/567 [============================>.] - ETA: 0:42<0:00 - loss: 2.3928 
566/567 [============================>.] - ETA: 0:42<0:00 - loss: 2.3968 
567/567 [==============================] - 0:42 75ms/step - loss: 2.3948 
2024-07-06 23:31:54 - Finish Epoch: 20/20 - loss: 2.3336
日晃百花色    风动千林翠
  0%|                                                                                                                                                    | 0/4 [00:00<?, ?it/s] 50%|██████████████████████████████████████████████████████████████████████                                                                      | 2/4 [00:00<00:00, 18.03it/s]100%|████████████████████████████████████████████████████████████████████████████████████████████████████████████████████████████████████████████| 4/4 [00:00<00:00, 18.09it/s]100%|████████████████████████████████████████████████████████████████████████████████████████████████████████████████████████████████████████████| 4/4 [00:00<00:00, 18.07it/s]
  0%|                                                                                                                                                    | 0/4 [00:00<?, ?it/s] 50%|██████████████████████████████████████████████████████████████████████                                                                      | 2/4 [00:00<00:00, 18.05it/s]100%|████████████████████████████████████████████████████████████████████████████████████████████████████████████████████████████████████████████| 4/4 [00:00<00:00, 18.04it/s]100%|████████████████████████████████████████████████████████████████████████████████████████████████████████████████████████████████████████████| 4/4 [00:00<00:00, 18.02it/s]
valid_data: {'rouge-1': 0.24999999750000007, 'rouge-2': 0.18749999750000004, 'rouge-l': 0.24999999750000007, 'bleu': 0.09488418287349985, 'best_bleu': 0.09488418287349985}
test_data: {'rouge-1': 0.24999999750000007, 'rouge-2': 0.18749999750000004, 'rouge-l': 0.24999999750000007, 'bleu': 0.09488418287349985}

2024-07-06 23:31:56 - Finish Training
日晃百花色    风动千林翠
